valid_time,t2m,latitude,longitude
2025-01-01 00:00:00,297.0293,-34.5,-58.25
2025-01-01 01:00:00,297.1668,-34.5,-58.25
2025-01-01 02:00:00,297.56253,-34.5,-58.25
2025-01-01 03:00:00,298.06223,-34.5,-58.25
2025-01-01 04:00:00,298.51617,-34.5,-58.25
2025-01-01 05:00:00,298.3166,-34.5,-58.25
2025-01-01 06:00:00,297.81305,-34.5,-58.25
2025-01-01 07:00:00,297.28516,-34.5,-58.25
2025-01-01 08:00:00,296.82526,-34.5,-58.25
2025-01-01 09:00:00,296.5202,-34.5,-58.25
2025-01-01 10:00:00,297.09247,-34.5,-58.25
2025-01-01 11:00:00,297.17126,-34.5,-58.25
2025-01-01 12:00:00,297.46994,-34.5,-58.25
2025-01-01 13:00:00,298.05316,-34.5,-58.25
2025-01-01 14:00:00,298.8188,-34.5,-58.25
2025-01-01 15:00:00,299.4884,-34.5,-58.25
2025-01-01 16:00:00,299.97253,-34.5,-58.25
2025-01-01 17:00:00,299.9439,-34.5,-58.25
2025-01-01 18:00:00,299.81055,-34.5,-58.25
2025-01-01 19:00:00,299.58612,-34.5,-58.25
2025-01-01 20:00:00,299.7583,-34.5,-58.25
2025-01-01 21:00:00,299.1422,-34.5,-58.25
2025-01-01 22:00:00,296.72253,-34.5,-58.25
2025-01-01 23:00:00,296.72455,-34.5,-58.25
2025-01-02 00:00:00,296.8041,-34.5,-58.25
2025-01-02 01:00:00,296.75824,-34.5,-58.25
2025-01-02 02:00:00,296.82584,-34.5,-58.25
2025-01-02 03:00:00,296.81033,-34.5,-58.25
2025-01-02 04:00:00,296.7692,-34.5,-58.25
2025-01-02 05:00:00,296.6322,-34.5,-58.25
2025-01-02 06:00:00,296.45734,-34.5,-58.25
2025-01-02 07:00:00,296.21454,-34.5,-58.25
2025-01-02 08:00:00,296.01978,-34.5,-58.25
2025-01-02 09:00:00,295.825,-34.5,-58.25
2025-01-02 10:00:00,296.49615,-34.5,-58.25
2025-01-02 11:00:00,296.6413,-34.5,-58.25
2025-01-02 12:00:00,297.41864,-34.5,-58.25
2025-01-02 13:00:00,298.97522,-34.5,-58.25
2025-01-02 14:00:00,300.35284,-34.5,-58.25
2025-01-02 15:00:00,300.9496,-34.5,-58.25
2025-01-02 16:00:00,301.19962,-34.5,-58.25
2025-01-02 17:00:00,301.45865,-34.5,-58.25
2025-01-02 18:00:00,301.3793,-34.5,-58.25
2025-01-02 19:00:00,301.0942,-34.5,-58.25
2025-01-02 20:00:00,300.63684,-34.5,-58.25
2025-01-02 21:00:00,299.9427,-34.5,-58.25
2025-01-02 22:00:00,298.43063,-34.5,-58.25
2025-01-02 23:00:00,297.82062,-34.5,-58.25
2025-01-03 00:00:00,297.3064,-34.5,-58.25
2025-01-03 01:00:00,296.86603,-34.5,-58.25
2025-01-03 02:00:00,296.34338,-34.5,-58.25
2025-01-03 03:00:00,295.7428,-34.5,-58.25
2025-01-03 04:00:00,295.13364,-34.5,-58.25
2025-01-03 05:00:00,294.67822,-34.5,-58.25
2025-01-03 06:00:00,294.30682,-34.5,-58.25
2025-01-03 07:00:00,293.9139,-34.5,-58.25
2025-01-03 08:00:00,293.46313,-34.5,-58.25
2025-01-03 09:00:00,292.84607,-34.5,-58.25
2025-01-03 10:00:00,292.2251,-34.5,-58.25
2025-01-03 11:00:00,291.919,-34.5,-58.25
2025-01-03 12:00:00,291.94305,-34.5,-58.25
2025-01-03 13:00:00,292.41687,-34.5,-58.25
2025-01-03 14:00:00,293.23834,-34.5,-58.25
2025-01-03 15:00:00,294.1209,-34.5,-58.25
2025-01-03 16:00:00,295.09503,-34.5,-58.25
2025-01-03 17:00:00,296.13763,-34.5,-58.25
2025-01-03 18:00:00,297.16776,-34.5,-58.25
2025-01-03 19:00:00,298.05234,-34.5,-58.25
2025-01-03 20:00:00,298.68,-34.5,-58.25
2025-01-03 21:00:00,298.92395,-34.5,-58.25
2025-01-03 22:00:00,298.92743,-34.5,-58.25
2025-01-03 23:00:00,298.31824,-34.5,-58.25
2025-01-04 00:00:00,297.67297,-34.5,-58.25
2025-01-04 01:00:00,297.08737,-34.5,-58.25
2025-01-04 02:00:00,296.67136,-34.5,-58.25
2025-01-04 03:00:00,296.26254,-34.5,-58.25
2025-01-04 04:00:00,295.74167,-34.5,-58.25
2025-01-04 05:00:00,295.03564,-34.5,-58.25
2025-01-04 06:00:00,294.18927,-34.5,-58.25
2025-01-04 07:00:00,293.33548,-34.5,-58.25
2025-01-04 08:00:00,292.56638,-34.5,-58.25
2025-01-04 09:00:00,291.91956,-34.5,-58.25
2025-01-04 10:00:00,291.24866,-34.5,-58.25
2025-01-04 11:00:00,291.09082,-34.5,-58.25
2025-01-04 12:00:00,291.1438,-34.5,-58.25
2025-01-04 13:00:00,291.49103,-34.5,-58.25
2025-01-04 14:00:00,292.04468,-34.5,-58.25
2025-01-04 15:00:00,292.7094,-34.5,-58.25
2025-01-04 16:00:00,293.28064,-34.5,-58.25
2025-01-04 17:00:00,293.79816,-34.5,-58.25
2025-01-04 18:00:00,294.25598,-34.5,-58.25
2025-01-04 19:00:00,294.65698,-34.5,-58.25
2025-01-04 20:00:00,294.92975,-34.5,-58.25
2025-01-04 21:00:00,295.14856,-34.5,-58.25
2025-01-04 22:00:00,295.31464,-34.5,-58.25
2025-01-04 23:00:00,295.27588,-34.5,-58.25
2025-01-05 00:00:00,295.171,-34.5,-58.25
2025-01-05 01:00:00,295.00623,-34.5,-58.25
2025-01-05 02:00:00,294.6811,-34.5,-58.25
2025-01-05 03:00:00,294.2628,-34.5,-58.25
2025-01-05 04:00:00,293.93536,-34.5,-58.25
2025-01-05 05:00:00,293.6927,-34.5,-58.25
2025-01-05 06:00:00,293.59857,-34.5,-58.25
2025-01-05 07:00:00,293.52103,-34.5,-58.25
2025-01-05 08:00:00,293.5113,-34.5,-58.25
2025-01-05 09:00:00,293.45587,-34.5,-58.25
2025-01-05 10:00:00,293.32065,-34.5,-58.25
2025-01-05 11:00:00,293.37427,-34.5,-58.25
2025-01-05 12:00:00,293.42242,-34.5,-58.25
2025-01-05 13:00:00,293.49976,-34.5,-58.25
2025-01-05 14:00:00,293.65268,-34.5,-58.25
2025-01-05 15:00:00,293.84222,-34.5,-58.25
2025-01-05 16:00:00,294.057,-34.5,-58.25
2025-01-05 17:00:00,294.23413,-34.5,-58.25
2025-01-05 18:00:00,294.46515,-34.5,-58.25
2025-01-05 19:00:00,294.6568,-34.5,-58.25
2025-01-05 20:00:00,294.69836,-34.5,-58.25
2025-01-05 21:00:00,294.60062,-34.5,-58.25
2025-01-05 22:00:00,294.9176,-34.5,-58.25
2025-01-05 23:00:00,294.79852,-34.5,-58.25
2025-01-06 00:00:00,294.70203,-34.5,-58.25
2025-01-06 01:00:00,294.48676,-34.5,-58.25
2025-01-06 02:00:00,294.32977,-34.5,-58.25
2025-01-06 03:00:00,294.16748,-34.5,-58.25
2025-01-06 04:00:00,293.98608,-34.5,-58.25
2025-01-06 05:00:00,293.7643,-34.5,-58.25
2025-01-06 06:00:00,293.56842,-34.5,-58.25
2025-01-06 07:00:00,293.4098,-34.5,-58.25
2025-01-06 08:00:00,293.3152,-34.5,-58.25
2025-01-06 09:00:00,293.2484,-34.5,-58.25
2025-01-06 10:00:00,293.15363,-34.5,-58.25
2025-01-06 11:00:00,293.15732,-34.5,-58.25
2025-01-06 12:00:00,293.2594,-34.5,-58.25
2025-01-06 13:00:00,293.57544,-34.5,-58.25
2025-01-06 14:00:00,294.07452,-34.5,-58.25
2025-01-06 15:00:00,294.5888,-34.5,-58.25
2025-01-06 16:00:00,295.12595,-34.5,-58.25
2025-01-06 17:00:00,295.63074,-34.5,-58.25
2025-01-06 18:00:00,296.079,-34.5,-58.25
2025-01-06 19:00:00,296.44406,-34.5,-58.25
2025-01-06 20:00:00,296.59775,-34.5,-58.25
2025-01-06 21:00:00,296.4784,-34.5,-58.25
2025-01-06 22:00:00,296.1012,-34.5,-58.25
2025-01-06 23:00:00,295.9503,-34.5,-58.25
2025-01-07 00:00:00,295.91412,-34.5,-58.25
2025-01-07 01:00:00,295.93365,-34.5,-58.25
2025-01-07 02:00:00,295.94196,-34.5,-58.25
2025-01-07 03:00:00,295.81903,-34.5,-58.25
2025-01-07 04:00:00,295.59988,-34.5,-58.25
2025-01-07 05:00:00,295.31757,-34.5,-58.25
2025-01-07 06:00:00,295.1222,-34.5,-58.25
2025-01-07 07:00:00,295.01035,-34.5,-58.25
2025-01-07 08:00:00,294.90717,-34.5,-58.25
2025-01-07 09:00:00,294.79706,-34.5,-58.25
2025-01-07 10:00:00,294.69653,-34.5,-58.25
2025-01-07 11:00:00,294.70654,-34.5,-58.25
2025-01-07 12:00:00,295.00336,-34.5,-58.25
2025-01-07 13:00:00,295.6156,-34.5,-58.25
2025-01-07 14:00:00,296.52405,-34.5,-58.25
2025-01-07 15:00:00,297.19458,-34.5,-58.25
2025-01-07 16:00:00,297.46045,-34.5,-58.25
2025-01-07 17:00:00,297.6657,-34.5,-58.25
2025-01-07 18:00:00,297.8797,-34.5,-58.25
2025-01-07 19:00:00,297.9888,-34.5,-58.25
2025-01-07 20:00:00,297.88113,-34.5,-58.25
2025-01-07 21:00:00,297.5812,-34.5,-58.25
2025-01-07 22:00:00,297.02405,-34.5,-58.25
2025-01-07 23:00:00,296.62744,-34.5,-58.25
2025-01-08 00:00:00,296.40616,-34.5,-58.25
2025-01-08 01:00:00,296.50717,-34.5,-58.25
2025-01-08 02:00:00,296.70465,-34.5,-58.25
2025-01-08 03:00:00,296.88312,-34.5,-58.25
2025-01-08 04:00:00,297.08273,-34.5,-58.25
2025-01-08 05:00:00,297.17282,-34.5,-58.25
2025-01-08 06:00:00,297.08508,-34.5,-58.25
2025-01-08 07:00:00,296.8277,-34.5,-58.25
2025-01-08 08:00:00,296.3889,-34.5,-58.25
2025-01-08 09:00:00,295.93723,-34.5,-58.25
2025-01-08 10:00:00,295.65067,-34.5,-58.25
2025-01-08 11:00:00,295.4777,-34.5,-58.25
2025-01-08 12:00:00,295.69955,-34.5,-58.25
2025-01-08 13:00:00,296.32,-34.5,-58.25
2025-01-08 14:00:00,297.2113,-34.5,-58.25
2025-01-08 15:00:00,297.8349,-34.5,-58.25
2025-01-08 16:00:00,298.03345,-34.5,-58.25
2025-01-08 17:00:00,298.21075,-34.5,-58.25
2025-01-08 18:00:00,298.35834,-34.5,-58.25
2025-01-08 19:00:00,298.39902,-34.5,-58.25
2025-01-08 20:00:00,298.38504,-34.5,-58.25
2025-01-08 21:00:00,298.21313,-34.5,-58.25
2025-01-08 22:00:00,297.59814,-34.5,-58.25
2025-01-08 23:00:00,297.2047,-34.5,-58.25
2025-01-09 00:00:00,297.11017,-34.5,-58.25
2025-01-09 01:00:00,297.2804,-34.5,-58.25
2025-01-09 02:00:00,297.52563,-34.5,-58.25
2025-01-09 03:00:00,297.726,-34.5,-58.25
2025-01-09 04:00:00,298.0008,-34.5,-58.25
2025-01-09 05:00:00,297.94052,-34.5,-58.25
2025-01-09 06:00:00,297.47406,-34.5,-58.25
2025-01-09 07:00:00,296.81738,-34.5,-58.25
2025-01-09 08:00:00,296.2426,-34.5,-58.25
2025-01-09 09:00:00,295.8118,-34.5,-58.25
2025-01-09 10:00:00,295.75555,-34.5,-58.25
2025-01-09 11:00:00,295.61493,-34.5,-58.25
2025-01-09 12:00:00,295.87878,-34.5,-58.25
2025-01-09 13:00:00,296.59375,-34.5,-58.25
2025-01-09 14:00:00,297.4253,-34.5,-58.25
2025-01-09 15:00:00,297.94385,-34.5,-58.25
2025-01-09 16:00:00,298.22656,-34.5,-58.25
2025-01-09 17:00:00,298.3814,-34.5,-58.25
2025-01-09 18:00:00,298.60797,-34.5,-58.25
2025-01-09 19:00:00,298.80835,-34.5,-58.25
2025-01-09 20:00:00,298.77167,-34.5,-58.25
2025-01-09 21:00:00,298.69266,-34.5,-58.25
2025-01-09 22:00:00,298.42618,-34.5,-58.25
2025-01-09 23:00:00,298.1686,-34.5,-58.25
2025-01-10 00:00:00,297.98508,-34.5,-58.25
2025-01-10 01:00:00,297.99365,-34.5,-58.25
2025-01-10 02:00:00,297.9371,-34.5,-58.25
2025-01-10 03:00:00,297.821,-34.5,-58.25
2025-01-10 04:00:00,297.77563,-34.5,-58.25
2025-01-10 05:00:00,297.7569,-34.5,-58.25
2025-01-10 06:00:00,297.71173,-34.5,-58.25
2025-01-10 07:00:00,297.49597,-34.5,-58.25
2025-01-10 08:00:00,297.0395,-34.5,-58.25
2025-01-10 09:00:00,296.54797,-34.5,-58.25
2025-01-10 10:00:00,296.33243,-34.5,-58.25
2025-01-10 11:00:00,296.15097,-34.5,-58.25
2025-01-10 12:00:00,296.29498,-34.5,-58.25
2025-01-10 13:00:00,296.8197,-34.5,-58.25
2025-01-10 14:00:00,297.35074,-34.5,-58.25
2025-01-10 15:00:00,297.6773,-34.5,-58.25
2025-01-10 16:00:00,297.94434,-34.5,-58.25
2025-01-10 17:00:00,298.11688,-34.5,-58.25
2025-01-10 18:00:00,298.24982,-34.5,-58.25
2025-01-10 19:00:00,298.229,-34.5,-58.25
2025-01-10 20:00:00,298.21606,-34.5,-58.25
2025-01-10 21:00:00,298.19553,-34.5,-58.25
2025-01-10 22:00:00,297.8742,-34.5,-58.25
2025-01-10 23:00:00,297.6548,-34.5,-58.25
2025-01-11 00:00:00,297.35422,-34.5,-58.25
2025-01-11 01:00:00,297.11145,-34.5,-58.25
2025-01-11 02:00:00,296.95517,-34.5,-58.25
2025-01-11 03:00:00,296.83307,-34.5,-58.25
2025-01-11 04:00:00,296.8697,-34.5,-58.25
2025-01-11 05:00:00,296.89624,-34.5,-58.25
2025-01-11 06:00:00,296.80957,-34.5,-58.25
2025-01-11 07:00:00,296.53003,-34.5,-58.25
2025-01-11 08:00:00,296.1988,-34.5,-58.25
2025-01-11 09:00:00,295.8927,-34.5,-58.25
2025-01-11 10:00:00,295.82178,-34.5,-58.25
2025-01-11 11:00:00,295.67865,-34.5,-58.25
2025-01-11 12:00:00,295.69424,-34.5,-58.25
2025-01-11 13:00:00,295.94547,-34.5,-58.25
2025-01-11 14:00:00,296.4302,-34.5,-58.25
2025-01-11 15:00:00,296.88452,-34.5,-58.25
2025-01-11 16:00:00,297.19022,-34.5,-58.25
2025-01-11 17:00:00,297.435,-34.5,-58.25
2025-01-11 18:00:00,297.6126,-34.5,-58.25
2025-01-11 19:00:00,297.60742,-34.5,-58.25
2025-01-11 20:00:00,297.63165,-34.5,-58.25
2025-01-11 21:00:00,297.52682,-34.5,-58.25
2025-01-11 22:00:00,297.0384,-34.5,-58.25
2025-01-11 23:00:00,296.76257,-34.5,-58.25
2025-01-12 00:00:00,296.69128,-34.5,-58.25
2025-01-12 01:00:00,296.70392,-34.5,-58.25
2025-01-12 02:00:00,296.75574,-34.5,-58.25
2025-01-12 03:00:00,296.75812,-34.5,-58.25
2025-01-12 04:00:00,296.61823,-34.5,-58.25
2025-01-12 05:00:00,296.44873,-34.5,-58.25
2025-01-12 06:00:00,296.27094,-34.5,-58.25
2025-01-12 07:00:00,296.14447,-34.5,-58.25
2025-01-12 08:00:00,296.02933,-34.5,-58.25
2025-01-12 09:00:00,295.83972,-34.5,-58.25
2025-01-12 10:00:00,295.66125,-34.5,-58.25
2025-01-12 11:00:00,295.56174,-34.5,-58.25
2025-01-12 12:00:00,295.7614,-34.5,-58.25
2025-01-12 13:00:00,296.2539,-34.5,-58.25
2025-01-12 14:00:00,296.8979,-34.5,-58.25
2025-01-12 15:00:00,297.3053,-34.5,-58.25
2025-01-12 16:00:00,297.48297,-34.5,-58.25
2025-01-12 17:00:00,297.72632,-34.5,-58.25
2025-01-12 18:00:00,298.00745,-34.5,-58.25
2025-01-12 19:00:00,298.22433,-34.5,-58.25
2025-01-12 20:00:00,298.38654,-34.5,-58.25
2025-01-12 21:00:00,298.391,-34.5,-58.25
2025-01-12 22:00:00,297.86133,-34.5,-58.25
2025-01-12 23:00:00,297.64398,-34.5,-58.25
2025-01-13 00:00:00,297.70514,-34.5,-58.25
2025-01-13 01:00:00,298.12042,-34.5,-58.25
2025-01-13 02:00:00,298.4619,-34.5,-58.25
2025-01-13 03:00:00,298.7449,-34.5,-58.25
2025-01-13 04:00:00,298.79077,-34.5,-58.25
2025-01-13 05:00:00,298.54047,-34.5,-58.25
2025-01-13 06:00:00,297.9685,-34.5,-58.25
2025-01-13 07:00:00,297.46512,-34.5,-58.25
2025-01-13 08:00:00,297.06174,-34.5,-58.25
2025-01-13 09:00:00,296.6784,-34.5,-58.25
2025-01-13 10:00:00,296.56537,-34.5,-58.25
2025-01-13 11:00:00,296.37164,-34.5,-58.25
2025-01-13 12:00:00,296.732,-34.5,-58.25
2025-01-13 13:00:00,297.57422,-34.5,-58.25
2025-01-13 14:00:00,298.5476,-34.5,-58.25
2025-01-13 15:00:00,299.29663,-34.5,-58.25
2025-01-13 16:00:00,299.6201,-34.5,-58.25
2025-01-13 17:00:00,299.6443,-34.5,-58.25
2025-01-13 18:00:00,299.62488,-34.5,-58.25
2025-01-13 19:00:00,299.49835,-34.5,-58.25
2025-01-13 20:00:00,299.41687,-34.5,-58.25
2025-01-13 21:00:00,299.28815,-34.5,-58.25
2025-01-13 22:00:00,298.9465,-34.5,-58.25
2025-01-13 23:00:00,298.62567,-34.5,-58.25
2025-01-14 00:00:00,298.3943,-34.5,-58.25
2025-01-14 01:00:00,298.44205,-34.5,-58.25
2025-01-14 02:00:00,298.61816,-34.5,-58.25
2025-01-14 03:00:00,298.88672,-34.5,-58.25
2025-01-14 04:00:00,299.10745,-34.5,-58.25
2025-01-14 05:00:00,299.07404,-34.5,-58.25
2025-01-14 06:00:00,298.54236,-34.5,-58.25
2025-01-14 07:00:00,297.92255,-34.5,-58.25
2025-01-14 08:00:00,297.4769,-34.5,-58.25
2025-01-14 09:00:00,297.0308,-34.5,-58.25
2025-01-14 10:00:00,296.8073,-34.5,-58.25
2025-01-14 11:00:00,296.644,-34.5,-58.25
2025-01-14 12:00:00,296.95486,-34.5,-58.25
2025-01-14 13:00:00,297.74036,-34.5,-58.25
2025-01-14 14:00:00,298.6389,-34.5,-58.25
2025-01-14 15:00:00,299.3576,-34.5,-58.25
2025-01-14 16:00:00,299.59106,-34.5,-58.25
2025-01-14 17:00:00,299.719,-34.5,-58.25
2025-01-14 18:00:00,299.86978,-34.5,-58.25
2025-01-14 19:00:00,299.81223,-34.5,-58.25
2025-01-14 20:00:00,299.88177,-34.5,-58.25
2025-01-14 21:00:00,299.88348,-34.5,-58.25
2025-01-14 22:00:00,299.60736,-34.5,-58.25
2025-01-14 23:00:00,299.16632,-34.5,-58.25
2025-01-15 00:00:00,299.01855,-34.5,-58.25
2025-01-15 01:00:00,299.02252,-34.5,-58.25
2025-01-15 02:00:00,299.37372,-34.5,-58.25
2025-01-15 03:00:00,299.8559,-34.5,-58.25
2025-01-15 04:00:00,300.03613,-34.5,-58.25
2025-01-15 05:00:00,299.83835,-34.5,-58.25
2025-01-15 06:00:00,299.16595,-34.5,-58.25
2025-01-15 07:00:00,298.46252,-34.5,-58.25
2025-01-15 08:00:00,298.01147,-34.5,-58.25
2025-01-15 09:00:00,297.66867,-34.5,-58.25
2025-01-15 10:00:00,297.51068,-34.5,-58.25
2025-01-15 11:00:00,297.37378,-34.5,-58.25
2025-01-15 12:00:00,297.5865,-34.5,-58.25
2025-01-15 13:00:00,298.24963,-34.5,-58.25
2025-01-15 14:00:00,299.0849,-34.5,-58.25
2025-01-15 15:00:00,299.65335,-34.5,-58.25
2025-01-15 16:00:00,299.8541,-34.5,-58.25
2025-01-15 17:00:00,300.0448,-34.5,-58.25
2025-01-15 18:00:00,300.22473,-34.5,-58.25
2025-01-15 19:00:00,300.3423,-34.5,-58.25
2025-01-15 20:00:00,300.2399,-34.5,-58.25
2025-01-15 21:00:00,300.06244,-34.5,-58.25
2025-01-15 22:00:00,299.99612,-34.5,-58.25
2025-01-15 23:00:00,299.7845,-34.5,-58.25
2025-01-16 00:00:00,299.65558,-34.5,-58.25
2025-01-16 01:00:00,299.76587,-34.5,-58.25
2025-01-16 02:00:00,300.0282,-34.5,-58.25
2025-01-16 03:00:00,300.27505,-34.5,-58.25
2025-01-16 04:00:00,300.51984,-34.5,-58.25
2025-01-16 05:00:00,300.62427,-34.5,-58.25
2025-01-16 06:00:00,300.5719,-34.5,-58.25
2025-01-16 07:00:00,300.21167,-34.5,-58.25
2025-01-16 08:00:00,299.69263,-34.5,-58.25
2025-01-16 09:00:00,299.32654,-34.5,-58.25
2025-01-16 10:00:00,299.30338,-34.5,-58.25
2025-01-16 11:00:00,299.3049,-34.5,-58.25
2025-01-16 12:00:00,299.61206,-34.5,-58.25
2025-01-16 13:00:00,300.25018,-34.5,-58.25
2025-01-16 14:00:00,300.83716,-34.5,-58.25
2025-01-16 15:00:00,301.0249,-34.5,-58.25
2025-01-16 16:00:00,301.21585,-34.5,-58.25
2025-01-16 17:00:00,301.45483,-34.5,-58.25
2025-01-16 18:00:00,301.46082,-34.5,-58.25
2025-01-16 19:00:00,301.2093,-34.5,-58.25
2025-01-16 20:00:00,301.0811,-34.5,-58.25
2025-01-16 21:00:00,300.85635,-34.5,-58.25
2025-01-16 22:00:00,300.85153,-34.5,-58.25
2025-01-16 23:00:00,300.61896,-34.5,-58.25
2025-01-17 00:00:00,300.46533,-34.5,-58.25
2025-01-17 01:00:00,300.32037,-34.5,-58.25
2025-01-17 02:00:00,300.1922,-34.5,-58.25
2025-01-17 03:00:00,300.07825,-34.5,-58.25
2025-01-17 04:00:00,299.93848,-34.5,-58.25
2025-01-17 05:00:00,299.86084,-34.5,-58.25
2025-01-17 06:00:00,299.93848,-34.5,-58.25
2025-01-17 07:00:00,299.97208,-34.5,-58.25
2025-01-17 08:00:00,299.76807,-34.5,-58.25
2025-01-17 09:00:00,299.4359,-34.5,-58.25
2025-01-17 10:00:00,297.67688,-34.5,-58.25
2025-01-17 11:00:00,297.7073,-34.5,-58.25
2025-01-17 12:00:00,298.32126,-34.5,-58.25
2025-01-17 13:00:00,299.01172,-34.5,-58.25
2025-01-17 14:00:00,299.53394,-34.5,-58.25
2025-01-17 15:00:00,300.0425,-34.5,-58.25
2025-01-17 16:00:00,300.36804,-34.5,-58.25
2025-01-17 17:00:00,300.3256,-34.5,-58.25
2025-01-17 18:00:00,300.1095,-34.5,-58.25
2025-01-17 19:00:00,299.54083,-34.5,-58.25
2025-01-17 20:00:00,299.16937,-34.5,-58.25
2025-01-17 21:00:00,298.89618,-34.5,-58.25
2025-01-17 22:00:00,299.33453,-34.5,-58.25
2025-01-17 23:00:00,298.72864,-34.5,-58.25
2025-01-18 00:00:00,298.1901,-34.5,-58.25
2025-01-18 01:00:00,297.89447,-34.5,-58.25
2025-01-18 02:00:00,297.68997,-34.5,-58.25
2025-01-18 03:00:00,297.5797,-34.5,-58.25
2025-01-18 04:00:00,297.5241,-34.5,-58.25
2025-01-18 05:00:00,297.47345,-34.5,-58.25
2025-01-18 06:00:00,297.43134,-34.5,-58.25
2025-01-18 07:00:00,297.3574,-34.5,-58.25
2025-01-18 08:00:00,297.22168,-34.5,-58.25
2025-01-18 09:00:00,297.15347,-34.5,-58.25
2025-01-18 10:00:00,296.72614,-34.5,-58.25
2025-01-18 11:00:00,296.6914,-34.5,-58.25
2025-01-18 12:00:00,297.0076,-34.5,-58.25
2025-01-18 13:00:00,296.83615,-34.5,-58.25
2025-01-18 14:00:00,296.91504,-34.5,-58.25
2025-01-18 15:00:00,297.03693,-34.5,-58.25
2025-01-18 16:00:00,297.32867,-34.5,-58.25
2025-01-18 17:00:00,297.67395,-34.5,-58.25
2025-01-18 18:00:00,297.9772,-34.5,-58.25
2025-01-18 19:00:00,298.09134,-34.5,-58.25
2025-01-18 20:00:00,298.30713,-34.5,-58.25
2025-01-18 21:00:00,298.15192,-34.5,-58.25
2025-01-18 22:00:00,297.98938,-34.5,-58.25
2025-01-18 23:00:00,297.50116,-34.5,-58.25
2025-01-19 00:00:00,297.5726,-34.5,-58.25
2025-01-19 01:00:00,297.27832,-34.5,-58.25
2025-01-19 02:00:00,296.79053,-34.5,-58.25
2025-01-19 03:00:00,296.42136,-34.5,-58.25
2025-01-19 04:00:00,296.10022,-34.5,-58.25
2025-01-19 05:00:00,296.10974,-34.5,-58.25
2025-01-19 06:00:00,296.15033,-34.5,-58.25
2025-01-19 07:00:00,296.43286,-34.5,-58.25
2025-01-19 08:00:00,295.99817,-34.5,-58.25
2025-01-19 09:00:00,295.64783,-34.5,-58.25
2025-01-19 10:00:00,295.11044,-34.5,-58.25
2025-01-19 11:00:00,295.2476,-34.5,-58.25
2025-01-19 12:00:00,295.2553,-34.5,-58.25
2025-01-19 13:00:00,295.26758,-34.5,-58.25
2025-01-19 14:00:00,295.3069,-34.5,-58.25
2025-01-19 15:00:00,295.2647,-34.5,-58.25
2025-01-19 16:00:00,295.2063,-34.5,-58.25
2025-01-19 17:00:00,295.10968,-34.5,-58.25
2025-01-19 18:00:00,294.67157,-34.5,-58.25
2025-01-19 19:00:00,294.84155,-34.5,-58.25
2025-01-19 20:00:00,295.54803,-34.5,-58.25
2025-01-19 21:00:00,295.27448,-34.5,-58.25
2025-01-19 22:00:00,295.721,-34.5,-58.25
2025-01-19 23:00:00,295.7056,-34.5,-58.25
2025-01-20 00:00:00,295.57782,-34.5,-58.25
2025-01-20 01:00:00,295.30127,-34.5,-58.25
2025-01-20 02:00:00,294.9442,-34.5,-58.25
2025-01-20 03:00:00,294.69455,-34.5,-58.25
2025-01-20 04:00:00,294.6954,-34.5,-58.25
2025-01-20 05:00:00,294.63354,-34.5,-58.25
2025-01-20 06:00:00,294.58728,-34.5,-58.25
2025-01-20 07:00:00,294.49762,-34.5,-58.25
2025-01-20 08:00:00,294.4895,-34.5,-58.25
2025-01-20 09:00:00,294.83862,-34.5,-58.25
2025-01-20 10:00:00,294.685,-34.5,-58.25
2025-01-20 11:00:00,294.82556,-34.5,-58.25
2025-01-20 12:00:00,294.88757,-34.5,-58.25
2025-01-20 13:00:00,295.12955,-34.5,-58.25
2025-01-20 14:00:00,295.3576,-34.5,-58.25
2025-01-20 15:00:00,295.58334,-34.5,-58.25
2025-01-20 16:00:00,295.7575,-34.5,-58.25
2025-01-20 17:00:00,295.94843,-34.5,-58.25
2025-01-20 18:00:00,296.255,-34.5,-58.25
2025-01-20 19:00:00,296.3656,-34.5,-58.25
2025-01-20 20:00:00,296.38144,-34.5,-58.25
2025-01-20 21:00:00,296.2303,-34.5,-58.25
2025-01-20 22:00:00,296.03506,-34.5,-58.25
2025-01-20 23:00:00,295.74844,-34.5,-58.25
2025-01-21 00:00:00,295.60226,-34.5,-58.25
2025-01-21 01:00:00,295.49463,-34.5,-58.25
2025-01-21 02:00:00,295.51324,-34.5,-58.25
2025-01-21 03:00:00,295.46344,-34.5,-58.25
2025-01-21 04:00:00,295.27466,-34.5,-58.25
2025-01-21 05:00:00,295.06793,-34.5,-58.25
2025-01-21 06:00:00,294.8617,-34.5,-58.25
2025-01-21 07:00:00,294.68304,-34.5,-58.25
2025-01-21 08:00:00,294.47095,-34.5,-58.25
2025-01-21 09:00:00,294.28595,-34.5,-58.25
2025-01-21 10:00:00,294.47574,-34.5,-58.25
2025-01-21 11:00:00,294.48596,-34.5,-58.25
2025-01-21 12:00:00,294.56244,-34.5,-58.25
2025-01-21 13:00:00,294.8874,-34.5,-58.25
2025-01-21 14:00:00,295.4168,-34.5,-58.25
2025-01-21 15:00:00,295.93057,-34.5,-58.25
2025-01-21 16:00:00,296.42212,-34.5,-58.25
2025-01-21 17:00:00,296.8982,-34.5,-58.25
2025-01-21 18:00:00,297.3681,-34.5,-58.25
2025-01-21 19:00:00,297.82526,-34.5,-58.25
2025-01-21 20:00:00,298.2247,-34.5,-58.25
2025-01-21 21:00:00,298.5198,-34.5,-58.25
2025-01-21 22:00:00,298.71283,-34.5,-58.25
2025-01-21 23:00:00,298.70255,-34.5,-58.25
2025-01-22 00:00:00,298.78543,-34.5,-58.25
2025-01-22 01:00:00,298.89456,-34.5,-58.25
2025-01-22 02:00:00,298.9043,-34.5,-58.25
2025-01-22 03:00:00,298.7957,-34.5,-58.25
2025-01-22 04:00:00,298.67654,-34.5,-58.25
2025-01-22 05:00:00,298.5295,-34.5,-58.25
2025-01-22 06:00:00,298.41522,-34.5,-58.25
2025-01-22 07:00:00,298.23645,-34.5,-58.25
2025-01-22 08:00:00,298.0055,-34.5,-58.25
2025-01-22 09:00:00,297.77606,-34.5,-58.25
2025-01-22 10:00:00,298.0725,-34.5,-58.25
2025-01-22 11:00:00,298.1142,-34.5,-58.25
2025-01-22 12:00:00,298.471,-34.5,-58.25
2025-01-22 13:00:00,299.14334,-34.5,-58.25
2025-01-22 14:00:00,300.00244,-34.5,-58.25
2025-01-22 15:00:00,300.74753,-34.5,-58.25
2025-01-22 16:00:00,301.29095,-34.5,-58.25
2025-01-22 17:00:00,301.62524,-34.5,-58.25
2025-01-22 18:00:00,301.74777,-34.5,-58.25
2025-01-22 19:00:00,301.55527,-34.5,-58.25
2025-01-22 20:00:00,301.36096,-34.5,-58.25
2025-01-22 21:00:00,301.1631,-34.5,-58.25
2025-01-22 22:00:00,301.39786,-34.5,-58.25
2025-01-22 23:00:00,301.1953,-34.5,-58.25
2025-01-23 00:00:00,301.29123,-34.5,-58.25
2025-01-23 01:00:00,301.19916,-34.5,-58.25
2025-01-23 02:00:00,300.99057,-34.5,-58.25
2025-01-23 03:00:00,300.20728,-34.5,-58.25
2025-01-23 04:00:00,299.8045,-34.5,-58.25
2025-01-23 05:00:00,299.23322,-34.5,-58.25
2025-01-23 06:00:00,298.87225,-34.5,-58.25
2025-01-23 07:00:00,298.80707,-34.5,-58.25
2025-01-23 08:00:00,298.88083,-34.5,-58.25
2025-01-23 09:00:00,298.96765,-34.5,-58.25
2025-01-23 10:00:00,298.88406,-34.5,-58.25
2025-01-23 11:00:00,298.98718,-34.5,-58.25
2025-01-23 12:00:00,299.12292,-34.5,-58.25
2025-01-23 13:00:00,299.54794,-34.5,-58.25
2025-01-23 14:00:00,300.29266,-34.5,-58.25
2025-01-23 15:00:00,300.9173,-34.5,-58.25
2025-01-23 16:00:00,301.24548,-34.5,-58.25
2025-01-23 17:00:00,301.49402,-34.5,-58.25
2025-01-23 18:00:00,301.6998,-34.5,-58.25
2025-01-23 19:00:00,301.67822,-34.5,-58.25
2025-01-23 20:00:00,301.47925,-34.5,-58.25
2025-01-23 21:00:00,301.36432,-34.5,-58.25
2025-01-23 22:00:00,300.114,-34.5,-58.25
2025-01-23 23:00:00,299.81213,-34.5,-58.25
2025-01-24 00:00:00,299.78293,-34.5,-58.25
2025-01-24 01:00:00,299.98602,-34.5,-58.25
2025-01-24 02:00:00,300.1902,-34.5,-58.25
2025-01-24 03:00:00,300.26837,-34.5,-58.25
2025-01-24 04:00:00,300.1717,-34.5,-58.25
2025-01-24 05:00:00,300.00885,-34.5,-58.25
2025-01-24 06:00:00,299.8421,-34.5,-58.25
2025-01-24 07:00:00,299.0596,-34.5,-58.25
2025-01-24 08:00:00,298.5857,-34.5,-58.25
2025-01-24 09:00:00,298.3947,-34.5,-58.25
2025-01-24 10:00:00,298.84772,-34.5,-58.25
2025-01-24 11:00:00,298.76978,-34.5,-58.25
2025-01-24 12:00:00,298.65643,-34.5,-58.25
2025-01-24 13:00:00,298.88617,-34.5,-58.25
2025-01-24 14:00:00,299.18484,-34.5,-58.25
2025-01-24 15:00:00,299.61343,-34.5,-58.25
2025-01-24 16:00:00,300.18362,-34.5,-58.25
2025-01-24 17:00:00,300.81396,-34.5,-58.25
2025-01-24 18:00:00,301.2779,-34.5,-58.25
2025-01-24 19:00:00,301.69107,-34.5,-58.25
2025-01-24 20:00:00,301.76147,-34.5,-58.25
2025-01-24 21:00:00,301.62463,-34.5,-58.25
2025-01-24 22:00:00,302.06653,-34.5,-58.25
2025-01-24 23:00:00,301.6938,-34.5,-58.25
2025-01-25 00:00:00,301.34305,-34.5,-58.25
2025-01-25 01:00:00,301.12842,-34.5,-58.25
2025-01-25 02:00:00,301.10318,-34.5,-58.25
2025-01-25 03:00:00,301.07388,-34.5,-58.25
2025-01-25 04:00:00,300.8327,-34.5,-58.25
2025-01-25 05:00:00,300.5244,-34.5,-58.25
2025-01-25 06:00:00,299.97992,-34.5,-58.25
2025-01-25 07:00:00,298.86584,-34.5,-58.25
2025-01-25 08:00:00,297.9159,-34.5,-58.25
2025-01-25 09:00:00,297.50882,-34.5,-58.25
2025-01-25 10:00:00,296.64154,-34.5,-58.25
2025-01-25 11:00:00,296.6715,-34.5,-58.25
2025-01-25 12:00:00,296.9674,-34.5,-58.25
2025-01-25 13:00:00,297.51776,-34.5,-58.25
2025-01-25 14:00:00,298.08026,-34.5,-58.25
2025-01-25 15:00:00,298.60706,-34.5,-58.25
2025-01-25 16:00:00,299.03995,-34.5,-58.25
2025-01-25 17:00:00,299.42166,-34.5,-58.25
2025-01-25 18:00:00,299.71613,-34.5,-58.25
2025-01-25 19:00:00,299.86517,-34.5,-58.25
2025-01-25 20:00:00,299.89468,-34.5,-58.25
2025-01-25 21:00:00,299.78357,-34.5,-58.25
2025-01-25 22:00:00,299.80902,-34.5,-58.25
2025-01-25 23:00:00,299.6631,-34.5,-58.25
2025-01-26 00:00:00,299.73816,-34.5,-58.25
2025-01-26 01:00:00,299.8205,-34.5,-58.25
2025-01-26 02:00:00,299.7444,-34.5,-58.25
2025-01-26 03:00:00,299.32544,-34.5,-58.25
2025-01-26 04:00:00,298.87027,-34.5,-58.25
2025-01-26 05:00:00,298.4554,-34.5,-58.25
2025-01-26 06:00:00,298.09027,-34.5,-58.25
2025-01-26 07:00:00,297.73608,-34.5,-58.25
2025-01-26 08:00:00,297.42514,-34.5,-58.25
2025-01-26 09:00:00,297.18283,-34.5,-58.25
2025-01-26 10:00:00,296.65515,-34.5,-58.25
2025-01-26 11:00:00,296.50467,-34.5,-58.25
2025-01-26 12:00:00,296.6156,-34.5,-58.25
2025-01-26 13:00:00,297.20874,-34.5,-58.25
2025-01-26 14:00:00,298.15536,-34.5,-58.25
2025-01-26 15:00:00,299.17896,-34.5,-58.25
2025-01-26 16:00:00,300.04984,-34.5,-58.25
2025-01-26 17:00:00,300.57404,-34.5,-58.25
2025-01-26 18:00:00,300.8814,-34.5,-58.25
2025-01-26 19:00:00,301.05725,-34.5,-58.25
2025-01-26 20:00:00,301.09302,-34.5,-58.25
2025-01-26 21:00:00,301.05017,-34.5,-58.25
2025-01-26 22:00:00,301.22717,-34.5,-58.25
2025-01-26 23:00:00,301.39746,-34.5,-58.25
2025-01-27 00:00:00,301.4681,-34.5,-58.25
2025-01-27 01:00:00,301.07422,-34.5,-58.25
2025-01-27 02:00:00,300.51315,-34.5,-58.25
2025-01-27 03:00:00,299.88666,-34.5,-58.25
2025-01-27 04:00:00,299.20947,-34.5,-58.25
2025-01-27 05:00:00,298.57272,-34.5,-58.25
2025-01-27 06:00:00,297.97662,-34.5,-58.25
2025-01-27 07:00:00,297.47687,-34.5,-58.25
2025-01-27 08:00:00,297.1557,-34.5,-58.25
2025-01-27 09:00:00,296.96967,-34.5,-58.25
2025-01-27 10:00:00,296.77374,-34.5,-58.25
2025-01-27 11:00:00,296.89313,-34.5,-58.25
2025-01-27 12:00:00,297.3629,-34.5,-58.25
2025-01-27 13:00:00,298.27228,-34.5,-58.25
2025-01-27 14:00:00,299.28522,-34.5,-58.25
2025-01-27 15:00:00,300.1939,-34.5,-58.25
2025-01-27 16:00:00,301.1289,-34.5,-58.25
2025-01-27 17:00:00,301.20786,-34.5,-58.25
2025-01-27 18:00:00,298.4253,-34.5,-58.25
2025-01-27 19:00:00,298.21423,-34.5,-58.25
2025-01-27 20:00:00,298.60364,-34.5,-58.25
2025-01-27 21:00:00,299.09033,-34.5,-58.25
2025-01-27 22:00:00,300.63568,-34.5,-58.25
2025-01-27 23:00:00,300.13382,-34.5,-58.25
2025-01-28 00:00:00,299.92255,-34.5,-58.25
2025-01-28 01:00:00,299.85907,-34.5,-58.25
2025-01-28 02:00:00,299.8086,-34.5,-58.25
2025-01-28 03:00:00,299.6765,-34.5,-58.25
2025-01-28 04:00:00,299.52753,-34.5,-58.25
2025-01-28 05:00:00,299.31128,-34.5,-58.25
2025-01-28 06:00:00,298.97504,-34.5,-58.25
2025-01-28 07:00:00,298.5089,-34.5,-58.25
2025-01-28 08:00:00,297.9614,-34.5,-58.25
2025-01-28 09:00:00,297.2362,-34.5,-58.25
2025-01-28 10:00:00,296.3005,-34.5,-58.25
2025-01-28 11:00:00,296.18658,-34.5,-58.25
2025-01-28 12:00:00,296.25894,-34.5,-58.25
2025-01-28 13:00:00,296.57962,-34.5,-58.25
2025-01-28 14:00:00,297.3004,-34.5,-58.25
2025-01-28 15:00:00,297.91876,-34.5,-58.25
2025-01-28 16:00:00,298.4535,-34.5,-58.25
2025-01-28 17:00:00,298.8896,-34.5,-58.25
2025-01-28 18:00:00,299.089,-34.5,-58.25
2025-01-28 19:00:00,299.00793,-34.5,-58.25
2025-01-28 20:00:00,298.76727,-34.5,-58.25
2025-01-28 21:00:00,298.36652,-34.5,-58.25
2025-01-28 22:00:00,298.57825,-34.5,-58.25
2025-01-28 23:00:00,298.1518,-34.5,-58.25
2025-01-29 00:00:00,297.73486,-34.5,-58.25
2025-01-29 01:00:00,297.44708,-34.5,-58.25
2025-01-29 02:00:00,297.3053,-34.5,-58.25
2025-01-29 03:00:00,297.31265,-34.5,-58.25
2025-01-29 04:00:00,297.37,-34.5,-58.25
2025-01-29 05:00:00,297.29083,-34.5,-58.25
2025-01-29 06:00:00,297.11505,-34.5,-58.25
2025-01-29 07:00:00,297.02325,-34.5,-58.25
2025-01-29 08:00:00,296.9566,-34.5,-58.25
2025-01-29 09:00:00,296.89902,-34.5,-58.25
2025-01-29 10:00:00,297.52234,-34.5,-58.25
2025-01-29 11:00:00,297.6043,-34.5,-58.25
2025-01-29 12:00:00,297.84924,-34.5,-58.25
2025-01-29 13:00:00,298.06976,-34.5,-58.25
2025-01-29 14:00:00,298.3769,-34.5,-58.25
2025-01-29 15:00:00,298.57153,-34.5,-58.25
2025-01-29 16:00:00,298.74808,-34.5,-58.25
2025-01-29 17:00:00,298.90613,-34.5,-58.25
2025-01-29 18:00:00,299.03882,-34.5,-58.25
2025-01-29 19:00:00,299.15448,-34.5,-58.25
2025-01-29 20:00:00,299.02734,-34.5,-58.25
2025-01-29 21:00:00,298.99664,-34.5,-58.25
2025-01-29 22:00:00,298.7008,-34.5,-58.25
2025-01-29 23:00:00,298.4876,-34.5,-58.25
2025-01-30 00:00:00,298.3188,-34.5,-58.25
2025-01-30 01:00:00,298.26904,-34.5,-58.25
2025-01-30 02:00:00,298.35474,-34.5,-58.25
2025-01-30 03:00:00,298.4688,-34.5,-58.25
2025-01-30 04:00:00,298.56805,-34.5,-58.25
2025-01-30 05:00:00,298.64105,-34.5,-58.25
2025-01-30 06:00:00,298.52173,-34.5,-58.25
2025-01-30 07:00:00,298.25812,-34.5,-58.25
2025-01-30 08:00:00,297.91718,-34.5,-58.25
2025-01-30 09:00:00,297.52264,-34.5,-58.25
2025-01-30 10:00:00,296.8125,-34.5,-58.25
2025-01-30 11:00:00,296.41046,-34.5,-58.25
2025-01-30 12:00:00,296.27258,-34.5,-58.25
2025-01-30 13:00:00,296.42975,-34.5,-58.25
2025-01-30 14:00:00,296.92676,-34.5,-58.25
2025-01-30 15:00:00,297.33533,-34.5,-58.25
2025-01-30 16:00:00,297.75867,-34.5,-58.25
2025-01-30 17:00:00,298.0714,-34.5,-58.25
2025-01-30 18:00:00,298.3491,-34.5,-58.25
2025-01-30 19:00:00,298.57355,-34.5,-58.25
2025-01-30 20:00:00,298.71063,-34.5,-58.25
2025-01-30 21:00:00,298.5688,-34.5,-58.25
2025-01-30 22:00:00,298.26733,-34.5,-58.25
2025-01-30 23:00:00,297.95544,-34.5,-58.25
2025-01-31 00:00:00,297.94452,-34.5,-58.25
2025-01-31 01:00:00,298.2131,-34.5,-58.25
2025-01-31 02:00:00,298.5603,-34.5,-58.25
2025-01-31 03:00:00,298.73178,-34.5,-58.25
2025-01-31 04:00:00,298.787,-34.5,-58.25
2025-01-31 05:00:00,298.39578,-34.5,-58.25
2025-01-31 06:00:00,297.7718,-34.5,-58.25
2025-01-31 07:00:00,297.18286,-34.5,-58.25
2025-01-31 08:00:00,296.69775,-34.5,-58.25
2025-01-31 09:00:00,296.3345,-34.5,-58.25
2025-01-31 10:00:00,296.05078,-34.5,-58.25
2025-01-31 11:00:00,295.91028,-34.5,-58.25
2025-01-31 12:00:00,295.99066,-34.5,-58.25
2025-01-31 13:00:00,296.44745,-34.5,-58.25
2025-01-31 14:00:00,297.16028,-34.5,-58.25
2025-01-31 15:00:00,297.73334,-34.5,-58.25
2025-01-31 16:00:00,298.08768,-34.5,-58.25
2025-01-31 17:00:00,298.34906,-34.5,-58.25
2025-01-31 18:00:00,298.5752,-34.5,-58.25
2025-01-31 19:00:00,298.7522,-34.5,-58.25
2025-01-31 20:00:00,298.88635,-34.5,-58.25
2025-01-31 21:00:00,298.81665,-34.5,-58.25
2025-01-31 22:00:00,298.47083,-34.5,-58.25
2025-01-31 23:00:00,298.28387,-34.5,-58.25
2025-02-01 00:00:00,298.19208,-34.5,-58.25
2025-02-01 01:00:00,298.19885,-34.5,-58.25
2025-02-01 02:00:00,298.21167,-34.5,-58.25
2025-02-01 03:00:00,298.16833,-34.5,-58.25
2025-02-01 04:00:00,298.05194,-34.5,-58.25
2025-02-01 05:00:00,297.76932,-34.5,-58.25
2025-02-01 06:00:00,297.49396,-34.5,-58.25
2025-02-01 07:00:00,297.32294,-34.5,-58.25
2025-02-01 08:00:00,297.234,-34.5,-58.25
2025-02-01 09:00:00,297.22687,-34.5,-58.25
2025-02-01 10:00:00,297.1812,-34.5,-58.25
2025-02-01 11:00:00,297.35413,-34.5,-58.25
2025-02-01 12:00:00,297.67065,-34.5,-58.25
2025-02-01 13:00:00,298.22906,-34.5,-58.25
2025-02-01 14:00:00,299.04218,-34.5,-58.25
2025-02-01 15:00:00,299.63336,-34.5,-58.25
2025-02-01 16:00:00,299.90387,-34.5,-58.25
2025-02-01 17:00:00,300.0539,-34.5,-58.25
2025-02-01 18:00:00,300.23096,-34.5,-58.25
2025-02-01 19:00:00,300.3141,-34.5,-58.25
2025-02-01 20:00:00,300.3921,-34.5,-58.25
2025-02-01 21:00:00,300.39478,-34.5,-58.25
2025-02-01 22:00:00,299.54553,-34.5,-58.25
2025-02-01 23:00:00,299.36636,-34.5,-58.25
2025-02-02 00:00:00,299.35568,-34.5,-58.25
2025-02-02 01:00:00,299.4381,-34.5,-58.25
2025-02-02 02:00:00,299.5011,-34.5,-58.25
2025-02-02 03:00:00,299.43515,-34.5,-58.25
2025-02-02 04:00:00,299.34808,-34.5,-58.25
2025-02-02 05:00:00,299.21814,-34.5,-58.25
2025-02-02 06:00:00,299.12073,-34.5,-58.25
2025-02-02 07:00:00,299.047,-34.5,-58.25
2025-02-02 08:00:00,298.91937,-34.5,-58.25
2025-02-02 09:00:00,298.76328,-34.5,-58.25
2025-02-02 10:00:00,298.80405,-34.5,-58.25
2025-02-02 11:00:00,298.8087,-34.5,-58.25
2025-02-02 12:00:00,299.15182,-34.5,-58.25
2025-02-02 13:00:00,299.9411,-34.5,-58.25
2025-02-02 14:00:00,300.94495,-34.5,-58.25
2025-02-02 15:00:00,301.74744,-34.5,-58.25
2025-02-02 16:00:00,302.18634,-34.5,-58.25
2025-02-02 17:00:00,302.1998,-34.5,-58.25
2025-02-02 18:00:00,302.00803,-34.5,-58.25
2025-02-02 19:00:00,301.8546,-34.5,-58.25
2025-02-02 20:00:00,301.5469,-34.5,-58.25
2025-02-02 21:00:00,301.31528,-34.5,-58.25
2025-02-02 22:00:00,301.1808,-34.5,-58.25
2025-02-02 23:00:00,300.7904,-34.5,-58.25
2025-02-03 00:00:00,300.76,-34.5,-58.25
2025-02-03 01:00:00,301.1039,-34.5,-58.25
2025-02-03 02:00:00,301.65585,-34.5,-58.25
2025-02-03 03:00:00,301.94052,-34.5,-58.25
2025-02-03 04:00:00,301.68042,-34.5,-58.25
2025-02-03 05:00:00,301.25928,-34.5,-58.25
2025-02-03 06:00:00,300.92554,-34.5,-58.25
2025-02-03 07:00:00,300.5957,-34.5,-58.25
2025-02-03 08:00:00,300.28693,-34.5,-58.25
2025-02-03 09:00:00,300.01968,-34.5,-58.25
2025-02-03 10:00:00,299.62054,-34.5,-58.25
2025-02-03 11:00:00,299.54706,-34.5,-58.25
2025-02-03 12:00:00,299.76184,-34.5,-58.25
2025-02-03 13:00:00,300.3936,-34.5,-58.25
2025-02-03 14:00:00,301.2282,-34.5,-58.25
2025-02-03 15:00:00,301.97302,-34.5,-58.25
2025-02-03 16:00:00,302.27466,-34.5,-58.25
2025-02-03 17:00:00,302.33136,-34.5,-58.25
2025-02-03 18:00:00,302.12415,-34.5,-58.25
2025-02-03 19:00:00,302.1861,-34.5,-58.25
2025-02-03 20:00:00,302.1777,-34.5,-58.25
2025-02-03 21:00:00,302.1338,-34.5,-58.25
2025-02-03 22:00:00,301.92447,-34.5,-58.25
2025-02-03 23:00:00,301.63135,-34.5,-58.25
2025-02-04 00:00:00,301.48706,-34.5,-58.25
2025-02-04 01:00:00,301.56836,-34.5,-58.25
2025-02-04 02:00:00,301.74225,-34.5,-58.25
2025-02-04 03:00:00,301.76895,-34.5,-58.25
2025-02-04 04:00:00,301.3139,-34.5,-58.25
2025-02-04 05:00:00,301.12186,-34.5,-58.25
2025-02-04 06:00:00,300.686,-34.5,-58.25
2025-02-04 07:00:00,300.4048,-34.5,-58.25
2025-02-04 08:00:00,300.27344,-34.5,-58.25
2025-02-04 09:00:00,300.19257,-34.5,-58.25
2025-02-04 10:00:00,299.2364,-34.5,-58.25
2025-02-04 11:00:00,298.67963,-34.5,-58.25
2025-02-04 12:00:00,298.4889,-34.5,-58.25
2025-02-04 13:00:00,298.697,-34.5,-58.25
2025-02-04 14:00:00,299.21,-34.5,-58.25
2025-02-04 15:00:00,299.7722,-34.5,-58.25
2025-02-04 16:00:00,300.37476,-34.5,-58.25
2025-02-04 17:00:00,300.86038,-34.5,-58.25
2025-02-04 18:00:00,301.10962,-34.5,-58.25
2025-02-04 19:00:00,301.15448,-34.5,-58.25
2025-02-04 20:00:00,300.49966,-34.5,-58.25
2025-02-04 21:00:00,299.8007,-34.5,-58.25
2025-02-04 22:00:00,299.53192,-34.5,-58.25
2025-02-04 23:00:00,298.69882,-34.5,-58.25
2025-02-05 00:00:00,298.37604,-34.5,-58.25
2025-02-05 01:00:00,298.33502,-34.5,-58.25
2025-02-05 02:00:00,298.33307,-34.5,-58.25
2025-02-05 03:00:00,298.24744,-34.5,-58.25
2025-02-05 04:00:00,298.22528,-34.5,-58.25
2025-02-05 05:00:00,298.30634,-34.5,-58.25
2025-02-05 06:00:00,298.31268,-34.5,-58.25
2025-02-05 07:00:00,298.3734,-34.5,-58.25
2025-02-05 08:00:00,298.38495,-34.5,-58.25
2025-02-05 09:00:00,298.36328,-34.5,-58.25
2025-02-05 10:00:00,297.57617,-34.5,-58.25
2025-02-05 11:00:00,297.45312,-34.5,-58.25
2025-02-05 12:00:00,297.5005,-34.5,-58.25
2025-02-05 13:00:00,297.67523,-34.5,-58.25
2025-02-05 14:00:00,297.9615,-34.5,-58.25
2025-02-05 15:00:00,298.23965,-34.5,-58.25
2025-02-05 16:00:00,298.6918,-34.5,-58.25
2025-02-05 17:00:00,299.11584,-34.5,-58.25
2025-02-05 18:00:00,299.3614,-34.5,-58.25
2025-02-05 19:00:00,299.511,-34.5,-58.25
2025-02-05 20:00:00,299.06976,-34.5,-58.25
2025-02-05 21:00:00,296.135,-34.5,-58.25
2025-02-05 22:00:00,297.58057,-34.5,-58.25
2025-02-05 23:00:00,296.00604,-34.5,-58.25
2025-02-06 00:00:00,295.51965,-34.5,-58.25
2025-02-06 01:00:00,296.02023,-34.5,-58.25
2025-02-06 02:00:00,296.47717,-34.5,-58.25
2025-02-06 03:00:00,296.52307,-34.5,-58.25
2025-02-06 04:00:00,296.28162,-34.5,-58.25
2025-02-06 05:00:00,295.873,-34.5,-58.25
2025-02-06 06:00:00,295.3355,-34.5,-58.25
2025-02-06 07:00:00,294.7675,-34.5,-58.25
2025-02-06 08:00:00,294.27716,-34.5,-58.25
2025-02-06 09:00:00,293.9857,-34.5,-58.25
2025-02-06 10:00:00,293.89734,-34.5,-58.25
2025-02-06 11:00:00,294.05997,-34.5,-58.25
2025-02-06 12:00:00,294.4322,-34.5,-58.25
2025-02-06 13:00:00,294.9886,-34.5,-58.25
2025-02-06 14:00:00,295.75192,-34.5,-58.25
2025-02-06 15:00:00,296.54047,-34.5,-58.25
2025-02-06 16:00:00,297.36877,-34.5,-58.25
2025-02-06 17:00:00,298.2282,-34.5,-58.25
2025-02-06 18:00:00,298.8787,-34.5,-58.25
2025-02-06 19:00:00,299.33755,-34.5,-58.25
2025-02-06 20:00:00,299.59024,-34.5,-58.25
2025-02-06 21:00:00,299.5954,-34.5,-58.25
2025-02-06 22:00:00,298.574,-34.5,-58.25
2025-02-06 23:00:00,298.58984,-34.5,-58.25
2025-02-07 00:00:00,298.72412,-34.5,-58.25
2025-02-07 01:00:00,298.79608,-34.5,-58.25
2025-02-07 02:00:00,298.7744,-34.5,-58.25
2025-02-07 03:00:00,298.63715,-34.5,-58.25
2025-02-07 04:00:00,298.4336,-34.5,-58.25
2025-02-07 05:00:00,298.0188,-34.5,-58.25
2025-02-07 06:00:00,297.48163,-34.5,-58.25
2025-02-07 07:00:00,297.04633,-34.5,-58.25
2025-02-07 08:00:00,296.77213,-34.5,-58.25
2025-02-07 09:00:00,296.6524,-34.5,-58.25
2025-02-07 10:00:00,296.59775,-34.5,-58.25
2025-02-07 11:00:00,296.6994,-34.5,-58.25
2025-02-07 12:00:00,296.92725,-34.5,-58.25
2025-02-07 13:00:00,297.35617,-34.5,-58.25
2025-02-07 14:00:00,297.95416,-34.5,-58.25
2025-02-07 15:00:00,298.692,-34.5,-58.25
2025-02-07 16:00:00,299.36542,-34.5,-58.25
2025-02-07 17:00:00,299.917,-34.5,-58.25
2025-02-07 18:00:00,300.33032,-34.5,-58.25
2025-02-07 19:00:00,300.65228,-34.5,-58.25
2025-02-07 20:00:00,300.8982,-34.5,-58.25
2025-02-07 21:00:00,300.9534,-34.5,-58.25
2025-02-07 22:00:00,301.6146,-34.5,-58.25
2025-02-07 23:00:00,301.58777,-34.5,-58.25
2025-02-08 00:00:00,301.31232,-34.5,-58.25
2025-02-08 01:00:00,300.85822,-34.5,-58.25
2025-02-08 02:00:00,300.33148,-34.5,-58.25
2025-02-08 03:00:00,299.8051,-34.5,-58.25
2025-02-08 04:00:00,299.44305,-34.5,-58.25
2025-02-08 05:00:00,299.15527,-34.5,-58.25
2025-02-08 06:00:00,298.85474,-34.5,-58.25
2025-02-08 07:00:00,298.547,-34.5,-58.25
2025-02-08 08:00:00,298.25885,-34.5,-58.25
2025-02-08 09:00:00,298.00366,-34.5,-58.25
2025-02-08 10:00:00,297.98627,-34.5,-58.25
2025-02-08 11:00:00,297.99133,-34.5,-58.25
2025-02-08 12:00:00,298.19803,-34.5,-58.25
2025-02-08 13:00:00,298.77435,-34.5,-58.25
2025-02-08 14:00:00,299.65942,-34.5,-58.25
2025-02-08 15:00:00,300.63037,-34.5,-58.25
2025-02-08 16:00:00,301.4476,-34.5,-58.25
2025-02-08 17:00:00,301.8734,-34.5,-58.25
2025-02-08 18:00:00,302.239,-34.5,-58.25
2025-02-08 19:00:00,302.5149,-34.5,-58.25
2025-02-08 20:00:00,302.58472,-34.5,-58.25
2025-02-08 21:00:00,302.5346,-34.5,-58.25
2025-02-08 22:00:00,302.102,-34.5,-58.25
2025-02-08 23:00:00,301.8382,-34.5,-58.25
2025-02-09 00:00:00,301.6991,-34.5,-58.25
2025-02-09 01:00:00,301.66626,-34.5,-58.25
2025-02-09 02:00:00,301.58667,-34.5,-58.25
2025-02-09 03:00:00,301.37537,-34.5,-58.25
2025-02-09 04:00:00,301.18658,-34.5,-58.25
2025-02-09 05:00:00,301.0688,-34.5,-58.25
2025-02-09 06:00:00,300.65094,-34.5,-58.25
2025-02-09 07:00:00,299.80408,-34.5,-58.25
2025-02-09 08:00:00,298.36026,-34.5,-58.25
2025-02-09 09:00:00,297.66693,-34.5,-58.25
2025-02-09 10:00:00,296.61096,-34.5,-58.25
2025-02-09 11:00:00,296.4497,-34.5,-58.25
2025-02-09 12:00:00,296.46277,-34.5,-58.25
2025-02-09 13:00:00,296.7791,-34.5,-58.25
2025-02-09 14:00:00,296.9339,-34.5,-58.25
2025-02-09 15:00:00,296.97705,-34.5,-58.25
2025-02-09 16:00:00,297.2801,-34.5,-58.25
2025-02-09 17:00:00,297.6242,-34.5,-58.25
2025-02-09 18:00:00,297.8485,-34.5,-58.25
2025-02-09 19:00:00,297.87457,-34.5,-58.25
2025-02-09 20:00:00,297.65005,-34.5,-58.25
2025-02-09 21:00:00,297.4303,-34.5,-58.25
2025-02-09 22:00:00,297.32343,-34.5,-58.25
2025-02-09 23:00:00,297.30646,-34.5,-58.25
2025-02-10 00:00:00,297.43842,-34.5,-58.25
2025-02-10 01:00:00,297.5368,-34.5,-58.25
2025-02-10 02:00:00,297.57556,-34.5,-58.25
2025-02-10 03:00:00,297.42258,-34.5,-58.25
2025-02-10 04:00:00,297.30032,-34.5,-58.25
2025-02-10 05:00:00,297.34674,-34.5,-58.25
2025-02-10 06:00:00,297.65106,-34.5,-58.25
2025-02-10 07:00:00,298.14703,-34.5,-58.25
2025-02-10 08:00:00,298.5724,-34.5,-58.25
2025-02-10 09:00:00,298.8388,-34.5,-58.25
2025-02-10 10:00:00,299.375,-34.5,-58.25
2025-02-10 11:00:00,299.5921,-34.5,-58.25
2025-02-10 12:00:00,300.0145,-34.5,-58.25
2025-02-10 13:00:00,300.8067,-34.5,-58.25
2025-02-10 14:00:00,301.83582,-34.5,-58.25
2025-02-10 15:00:00,302.75043,-34.5,-58.25
2025-02-10 16:00:00,303.49414,-34.5,-58.25
2025-02-10 17:00:00,304.07846,-34.5,-58.25
2025-02-10 18:00:00,304.45752,-34.5,-58.25
2025-02-10 19:00:00,304.66266,-34.5,-58.25
2025-02-10 20:00:00,304.5165,-34.5,-58.25
2025-02-10 21:00:00,304.2016,-34.5,-58.25
2025-02-10 22:00:00,303.39438,-34.5,-58.25
2025-02-10 23:00:00,302.89282,-34.5,-58.25
2025-02-11 00:00:00,302.5916,-34.5,-58.25
2025-02-11 01:00:00,302.4325,-34.5,-58.25
2025-02-11 02:00:00,302.30908,-34.5,-58.25
2025-02-11 03:00:00,302.1486,-34.5,-58.25
2025-02-11 04:00:00,302.00818,-34.5,-58.25
2025-02-11 05:00:00,301.87805,-34.5,-58.25
2025-02-11 06:00:00,301.79028,-34.5,-58.25
2025-02-11 07:00:00,301.00262,-34.5,-58.25
2025-02-11 08:00:00,298.6552,-34.5,-58.25
2025-02-11 09:00:00,298.07526,-34.5,-58.25
2025-02-11 10:00:00,297.68817,-34.5,-58.25
2025-02-11 11:00:00,297.50342,-34.5,-58.25
2025-02-11 12:00:00,297.05115,-34.5,-58.25
2025-02-11 13:00:00,296.5873,-34.5,-58.25
2025-02-11 14:00:00,296.37585,-34.5,-58.25
2025-02-11 15:00:00,296.2256,-34.5,-58.25
2025-02-11 16:00:00,296.09967,-34.5,-58.25
2025-02-11 17:00:00,296.02106,-34.5,-58.25
2025-02-11 18:00:00,295.93945,-34.5,-58.25
2025-02-11 19:00:00,296.05377,-34.5,-58.25
2025-02-11 20:00:00,296.41248,-34.5,-58.25
2025-02-11 21:00:00,296.61804,-34.5,-58.25
2025-02-11 22:00:00,296.7444,-34.5,-58.25
2025-02-11 23:00:00,296.77237,-34.5,-58.25
2025-02-12 00:00:00,297.0105,-34.5,-58.25
2025-02-12 01:00:00,297.055,-34.5,-58.25
2025-02-12 02:00:00,296.99884,-34.5,-58.25
2025-02-12 03:00:00,296.78296,-34.5,-58.25
2025-02-12 04:00:00,296.61035,-34.5,-58.25
2025-02-12 05:00:00,296.4522,-34.5,-58.25
2025-02-12 06:00:00,296.32605,-34.5,-58.25
2025-02-12 07:00:00,296.33057,-34.5,-58.25
2025-02-12 08:00:00,296.42627,-34.5,-58.25
2025-02-12 09:00:00,296.33957,-34.5,-58.25
2025-02-12 10:00:00,295.72778,-34.5,-58.25
2025-02-12 11:00:00,295.58728,-34.5,-58.25
2025-02-12 12:00:00,295.5197,-34.5,-58.25
2025-02-12 13:00:00,295.52057,-34.5,-58.25
2025-02-12 14:00:00,295.64728,-34.5,-58.25
2025-02-12 15:00:00,296.02496,-34.5,-58.25
2025-02-12 16:00:00,296.31586,-34.5,-58.25
2025-02-12 17:00:00,296.59735,-34.5,-58.25
2025-02-12 18:00:00,296.5205,-34.5,-58.25
2025-02-12 19:00:00,296.65158,-34.5,-58.25
2025-02-12 20:00:00,296.64398,-34.5,-58.25
2025-02-12 21:00:00,296.56073,-34.5,-58.25
2025-02-12 22:00:00,296.40817,-34.5,-58.25
2025-02-12 23:00:00,296.26044,-34.5,-58.25
2025-02-13 00:00:00,296.11832,-34.5,-58.25
2025-02-13 01:00:00,296.01752,-34.5,-58.25
2025-02-13 02:00:00,295.97052,-34.5,-58.25
2025-02-13 03:00:00,295.9172,-34.5,-58.25
2025-02-13 04:00:00,295.89804,-34.5,-58.25
2025-02-13 05:00:00,295.87918,-34.5,-58.25
2025-02-13 06:00:00,295.7378,-34.5,-58.25
2025-02-13 07:00:00,295.6236,-34.5,-58.25
2025-02-13 08:00:00,295.54718,-34.5,-58.25
2025-02-13 09:00:00,295.48315,-34.5,-58.25
2025-02-13 10:00:00,295.2202,-34.5,-58.25
2025-02-13 11:00:00,295.28943,-34.5,-58.25
2025-02-13 12:00:00,295.33,-34.5,-58.25
2025-02-13 13:00:00,295.5883,-34.5,-58.25
2025-02-13 14:00:00,296.14105,-34.5,-58.25
2025-02-13 15:00:00,296.72864,-34.5,-58.25
2025-02-13 16:00:00,297.14984,-34.5,-58.25
2025-02-13 17:00:00,297.5356,-34.5,-58.25
2025-02-13 18:00:00,297.96295,-34.5,-58.25
2025-02-13 19:00:00,298.3852,-34.5,-58.25
2025-02-13 20:00:00,298.7151,-34.5,-58.25
2025-02-13 21:00:00,298.8169,-34.5,-58.25
2025-02-13 22:00:00,299.11182,-34.5,-58.25
2025-02-13 23:00:00,298.91754,-34.5,-58.25
2025-02-14 00:00:00,298.80582,-34.5,-58.25
2025-02-14 01:00:00,298.63153,-34.5,-58.25
2025-02-14 02:00:00,298.20425,-34.5,-58.25
2025-02-14 03:00:00,297.65668,-34.5,-58.25
2025-02-14 04:00:00,297.16998,-34.5,-58.25
2025-02-14 05:00:00,296.71484,-34.5,-58.25
2025-02-14 06:00:00,296.38574,-34.5,-58.25
2025-02-14 07:00:00,296.19653,-34.5,-58.25
2025-02-14 08:00:00,296.13434,-34.5,-58.25
2025-02-14 09:00:00,296.13007,-34.5,-58.25
2025-02-14 10:00:00,296.6126,-34.5,-58.25
2025-02-14 11:00:00,296.52863,-34.5,-58.25
2025-02-14 12:00:00,296.49603,-34.5,-58.25
2025-02-14 13:00:00,296.89023,-34.5,-58.25
2025-02-14 14:00:00,297.7221,-34.5,-58.25
2025-02-14 15:00:00,298.6259,-34.5,-58.25
2025-02-14 16:00:00,299.45627,-34.5,-58.25
2025-02-14 17:00:00,300.01263,-34.5,-58.25
2025-02-14 18:00:00,300.34875,-34.5,-58.25
2025-02-14 19:00:00,300.1857,-34.5,-58.25
2025-02-14 20:00:00,299.77045,-34.5,-58.25
2025-02-14 21:00:00,299.24622,-34.5,-58.25
2025-02-14 22:00:00,296.18216,-34.5,-58.25
2025-02-14 23:00:00,295.8398,-34.5,-58.25
2025-02-15 00:00:00,296.04758,-34.5,-58.25
2025-02-15 01:00:00,296.22552,-34.5,-58.25
2025-02-15 02:00:00,296.41864,-34.5,-58.25
2025-02-15 03:00:00,296.49512,-34.5,-58.25
2025-02-15 04:00:00,295.96997,-34.5,-58.25
2025-02-15 05:00:00,295.78778,-34.5,-58.25
2025-02-15 06:00:00,295.70627,-34.5,-58.25
2025-02-15 07:00:00,295.6713,-34.5,-58.25
2025-02-15 08:00:00,295.6676,-34.5,-58.25
2025-02-15 09:00:00,295.69885,-34.5,-58.25
2025-02-15 10:00:00,295.07776,-34.5,-58.25
2025-02-15 11:00:00,295.36877,-34.5,-58.25
2025-02-15 12:00:00,295.664,-34.5,-58.25
2025-02-15 13:00:00,295.77658,-34.5,-58.25
2025-02-15 14:00:00,295.97495,-34.5,-58.25
2025-02-15 15:00:00,296.34668,-34.5,-58.25
2025-02-15 16:00:00,296.62024,-34.5,-58.25
2025-02-15 17:00:00,296.79456,-34.5,-58.25
2025-02-15 18:00:00,296.8761,-34.5,-58.25
2025-02-15 19:00:00,297.0053,-34.5,-58.25
2025-02-15 20:00:00,297.20728,-34.5,-58.25
2025-02-15 21:00:00,297.36127,-34.5,-58.25
2025-02-15 22:00:00,298.72546,-34.5,-58.25
2025-02-15 23:00:00,298.62665,-34.5,-58.25
2025-02-16 00:00:00,298.62268,-34.5,-58.25
2025-02-16 01:00:00,298.6124,-34.5,-58.25
2025-02-16 02:00:00,298.59293,-34.5,-58.25
2025-02-16 03:00:00,298.5185,-34.5,-58.25
2025-02-16 04:00:00,298.32126,-34.5,-58.25
2025-02-16 05:00:00,298.0202,-34.5,-58.25
2025-02-16 06:00:00,297.6657,-34.5,-58.25
2025-02-16 07:00:00,297.25378,-34.5,-58.25
2025-02-16 08:00:00,296.90515,-34.5,-58.25
2025-02-16 09:00:00,296.72406,-34.5,-58.25
2025-02-16 10:00:00,296.66916,-34.5,-58.25
2025-02-16 11:00:00,296.40173,-34.5,-58.25
2025-02-16 12:00:00,296.23822,-34.5,-58.25
2025-02-16 13:00:00,296.24097,-34.5,-58.25
2025-02-16 14:00:00,296.48688,-34.5,-58.25
2025-02-16 15:00:00,296.7561,-34.5,-58.25
2025-02-16 16:00:00,296.86945,-34.5,-58.25
2025-02-16 17:00:00,297.07275,-34.5,-58.25
2025-02-16 18:00:00,297.45163,-34.5,-58.25
2025-02-16 19:00:00,298.05328,-34.5,-58.25
2025-02-16 20:00:00,298.56952,-34.5,-58.25
2025-02-16 21:00:00,299.0243,-34.5,-58.25
2025-02-16 22:00:00,299.61417,-34.5,-58.25
2025-02-16 23:00:00,299.41757,-34.5,-58.25
2025-02-17 00:00:00,299.21707,-34.5,-58.25
2025-02-17 01:00:00,299.06644,-34.5,-58.25
2025-02-17 02:00:00,298.8849,-34.5,-58.25
2025-02-17 03:00:00,298.5473,-34.5,-58.25
2025-02-17 04:00:00,298.23312,-34.5,-58.25
2025-02-17 05:00:00,297.94296,-34.5,-58.25
2025-02-17 06:00:00,297.70404,-34.5,-58.25
2025-02-17 07:00:00,297.46497,-34.5,-58.25
2025-02-17 08:00:00,297.04895,-34.5,-58.25
2025-02-17 09:00:00,296.38147,-34.5,-58.25
2025-02-17 10:00:00,295.3966,-34.5,-58.25
2025-02-17 11:00:00,294.82446,-34.5,-58.25
2025-02-17 12:00:00,294.91718,-34.5,-58.25
2025-02-17 13:00:00,295.438,-34.5,-58.25
2025-02-17 14:00:00,296.0466,-34.5,-58.25
2025-02-17 15:00:00,296.6275,-34.5,-58.25
2025-02-17 16:00:00,297.18903,-34.5,-58.25
2025-02-17 17:00:00,297.64435,-34.5,-58.25
2025-02-17 18:00:00,298.09027,-34.5,-58.25
2025-02-17 19:00:00,298.53403,-34.5,-58.25
2025-02-17 20:00:00,299.06735,-34.5,-58.25
2025-02-17 21:00:00,299.5551,-34.5,-58.25
2025-02-17 22:00:00,299.56982,-34.5,-58.25
2025-02-17 23:00:00,298.9364,-34.5,-58.25
2025-02-18 00:00:00,297.10455,-34.5,-58.25
2025-02-18 01:00:00,293.8023,-34.5,-58.25
2025-02-18 02:00:00,292.92084,-34.5,-58.25
2025-02-18 03:00:00,292.16772,-34.5,-58.25
2025-02-18 04:00:00,291.51648,-34.5,-58.25
2025-02-18 05:00:00,290.97998,-34.5,-58.25
2025-02-18 06:00:00,290.5186,-34.5,-58.25
2025-02-18 07:00:00,290.12146,-34.5,-58.25
2025-02-18 08:00:00,289.735,-34.5,-58.25
2025-02-18 09:00:00,289.36456,-34.5,-58.25
2025-02-18 10:00:00,288.56958,-34.5,-58.25
2025-02-18 11:00:00,288.5103,-34.5,-58.25
2025-02-18 12:00:00,288.77414,-34.5,-58.25
2025-02-18 13:00:00,289.164,-34.5,-58.25
2025-02-18 14:00:00,289.55167,-34.5,-58.25
2025-02-18 15:00:00,289.93674,-34.5,-58.25
2025-02-18 16:00:00,290.31207,-34.5,-58.25
2025-02-18 17:00:00,290.7042,-34.5,-58.25
2025-02-18 18:00:00,291.148,-34.5,-58.25
2025-02-18 19:00:00,291.677,-34.5,-58.25
2025-02-18 20:00:00,292.1972,-34.5,-58.25
2025-02-18 21:00:00,292.61133,-34.5,-58.25
2025-02-18 22:00:00,293.83673,-34.5,-58.25
2025-02-18 23:00:00,293.96344,-34.5,-58.25
2025-02-19 00:00:00,294.04843,-34.5,-58.25
2025-02-19 01:00:00,294.09668,-34.5,-58.25
2025-02-19 02:00:00,294.15723,-34.5,-58.25
2025-02-19 03:00:00,294.15228,-34.5,-58.25
2025-02-19 04:00:00,294.11536,-34.5,-58.25
2025-02-19 05:00:00,293.96106,-34.5,-58.25
2025-02-19 06:00:00,293.82767,-34.5,-58.25
2025-02-19 07:00:00,293.83313,-34.5,-58.25
2025-02-19 08:00:00,293.94116,-34.5,-58.25
2025-02-19 09:00:00,294.05145,-34.5,-58.25
2025-02-19 10:00:00,293.86993,-34.5,-58.25
2025-02-19 11:00:00,294.05646,-34.5,-58.25
2025-02-19 12:00:00,294.34332,-34.5,-58.25
2025-02-19 13:00:00,294.75677,-34.5,-58.25
2025-02-19 14:00:00,295.31967,-34.5,-58.25
2025-02-19 15:00:00,295.8869,-34.5,-58.25
2025-02-19 16:00:00,296.47705,-34.5,-58.25
2025-02-19 17:00:00,297.01642,-34.5,-58.25
2025-02-19 18:00:00,297.49216,-34.5,-58.25
2025-02-19 19:00:00,297.84546,-34.5,-58.25
2025-02-19 20:00:00,298.029,-34.5,-58.25
2025-02-19 21:00:00,298.0133,-34.5,-58.25
2025-02-19 22:00:00,298.13303,-34.5,-58.25
2025-02-19 23:00:00,297.9275,-34.5,-58.25
2025-02-20 00:00:00,297.87277,-34.5,-58.25
2025-02-20 01:00:00,297.86932,-34.5,-58.25
2025-02-20 02:00:00,297.84155,-34.5,-58.25
2025-02-20 03:00:00,297.75064,-34.5,-58.25
2025-02-20 04:00:00,297.61475,-34.5,-58.25
2025-02-20 05:00:00,297.44012,-34.5,-58.25
2025-02-20 06:00:00,297.24216,-34.5,-58.25
2025-02-20 07:00:00,297.0679,-34.5,-58.25
2025-02-20 08:00:00,296.88965,-34.5,-58.25
2025-02-20 09:00:00,296.7276,-34.5,-58.25
2025-02-20 10:00:00,296.76654,-34.5,-58.25
2025-02-20 11:00:00,296.65594,-34.5,-58.25
2025-02-20 12:00:00,296.76862,-34.5,-58.25
2025-02-20 13:00:00,297.32416,-34.5,-58.25
2025-02-20 14:00:00,298.29068,-34.5,-58.25
2025-02-20 15:00:00,299.2876,-34.5,-58.25
2025-02-20 16:00:00,300.17053,-34.5,-58.25
2025-02-20 17:00:00,300.70276,-34.5,-58.25
2025-02-20 18:00:00,300.8892,-34.5,-58.25
2025-02-20 19:00:00,301.0641,-34.5,-58.25
2025-02-20 20:00:00,301.09592,-34.5,-58.25
2025-02-20 21:00:00,300.97025,-34.5,-58.25
2025-02-20 22:00:00,300.63556,-34.5,-58.25
2025-02-20 23:00:00,300.32257,-34.5,-58.25
2025-02-21 00:00:00,300.26392,-34.5,-58.25
2025-02-21 01:00:00,300.1698,-34.5,-58.25
2025-02-21 02:00:00,300.09308,-34.5,-58.25
2025-02-21 03:00:00,300.07135,-34.5,-58.25
2025-02-21 04:00:00,300.07507,-34.5,-58.25
2025-02-21 05:00:00,299.90387,-34.5,-58.25
2025-02-21 06:00:00,299.62744,-34.5,-58.25
2025-02-21 07:00:00,299.29538,-34.5,-58.25
2025-02-21 08:00:00,299.08688,-34.5,-58.25
2025-02-21 09:00:00,298.9088,-34.5,-58.25
2025-02-21 10:00:00,299.01428,-34.5,-58.25
2025-02-21 11:00:00,298.99756,-34.5,-58.25
2025-02-21 12:00:00,298.93982,-34.5,-58.25
2025-02-21 13:00:00,299.0165,-34.5,-58.25
2025-02-21 14:00:00,299.11145,-34.5,-58.25
2025-02-21 15:00:00,299.64166,-34.5,-58.25
2025-02-21 16:00:00,300.24734,-34.5,-58.25
2025-02-21 17:00:00,300.64163,-34.5,-58.25
2025-02-21 18:00:00,300.84558,-34.5,-58.25
2025-02-21 19:00:00,300.9675,-34.5,-58.25
2025-02-21 20:00:00,301.08783,-34.5,-58.25
2025-02-21 21:00:00,300.81607,-34.5,-58.25
2025-02-21 22:00:00,301.43915,-34.5,-58.25
2025-02-21 23:00:00,301.2494,-34.5,-58.25
2025-02-22 00:00:00,301.04083,-34.5,-58.25
2025-02-22 01:00:00,300.6859,-34.5,-58.25
2025-02-22 02:00:00,300.39194,-34.5,-58.25
2025-02-22 03:00:00,300.14038,-34.5,-58.25
2025-02-22 04:00:00,299.93872,-34.5,-58.25
2025-02-22 05:00:00,299.74258,-34.5,-58.25
2025-02-22 06:00:00,299.55255,-34.5,-58.25
2025-02-22 07:00:00,299.35843,-34.5,-58.25
2025-02-22 08:00:00,299.16574,-34.5,-58.25
2025-02-22 09:00:00,299.02264,-34.5,-58.25
2025-02-22 10:00:00,297.84338,-34.5,-58.25
2025-02-22 11:00:00,298.05072,-34.5,-58.25
2025-02-22 12:00:00,298.50632,-34.5,-58.25
2025-02-22 13:00:00,299.17554,-34.5,-58.25
2025-02-22 14:00:00,299.95477,-34.5,-58.25
2025-02-22 15:00:00,300.59442,-34.5,-58.25
2025-02-22 16:00:00,301.16925,-34.5,-58.25
2025-02-22 17:00:00,301.50607,-34.5,-58.25
2025-02-22 18:00:00,301.71405,-34.5,-58.25
2025-02-22 19:00:00,301.77182,-34.5,-58.25
2025-02-22 20:00:00,301.7542,-34.5,-58.25
2025-02-22 21:00:00,301.6723,-34.5,-58.25
2025-02-22 22:00:00,300.60284,-34.5,-58.25
2025-02-22 23:00:00,300.56335,-34.5,-58.25
2025-02-23 00:00:00,300.54156,-34.5,-58.25
2025-02-23 01:00:00,300.49603,-34.5,-58.25
2025-02-23 02:00:00,300.50806,-34.5,-58.25
2025-02-23 03:00:00,300.42102,-34.5,-58.25
2025-02-23 04:00:00,300.12848,-34.5,-58.25
2025-02-23 05:00:00,299.7772,-34.5,-58.25
2025-02-23 06:00:00,299.4889,-34.5,-58.25
2025-02-23 07:00:00,299.34442,-34.5,-58.25
2025-02-23 08:00:00,299.25082,-34.5,-58.25
2025-02-23 09:00:00,299.219,-34.5,-58.25
2025-02-23 10:00:00,298.17987,-34.5,-58.25
2025-02-23 11:00:00,298.18115,-34.5,-58.25
2025-02-23 12:00:00,298.32373,-34.5,-58.25
2025-02-23 13:00:00,298.80286,-34.5,-58.25
2025-02-23 14:00:00,299.5293,-34.5,-58.25
2025-02-23 15:00:00,300.15045,-34.5,-58.25
2025-02-23 16:00:00,300.61707,-34.5,-58.25
2025-02-23 17:00:00,301.07236,-34.5,-58.25
2025-02-23 18:00:00,301.419,-34.5,-58.25
2025-02-23 19:00:00,301.6484,-34.5,-58.25
2025-02-23 20:00:00,301.71954,-34.5,-58.25
2025-02-23 21:00:00,301.82196,-34.5,-58.25
2025-02-23 22:00:00,300.0345,-34.5,-58.25
2025-02-23 23:00:00,300.14322,-34.5,-58.25
2025-02-24 00:00:00,300.31787,-34.5,-58.25
2025-02-24 01:00:00,300.574,-34.5,-58.25
2025-02-24 02:00:00,300.83722,-34.5,-58.25
2025-02-24 03:00:00,300.94287,-34.5,-58.25
2025-02-24 04:00:00,300.83386,-34.5,-58.25
2025-02-24 05:00:00,300.6435,-34.5,-58.25
2025-02-24 06:00:00,300.3896,-34.5,-58.25
2025-02-24 07:00:00,300.14462,-34.5,-58.25
2025-02-24 08:00:00,300.02417,-34.5,-58.25
2025-02-24 09:00:00,299.9271,-34.5,-58.25
2025-02-24 10:00:00,299.44464,-34.5,-58.25
2025-02-24 11:00:00,299.4555,-34.5,-58.25
2025-02-24 12:00:00,299.52805,-34.5,-58.25
2025-02-24 13:00:00,299.67908,-34.5,-58.25
2025-02-24 14:00:00,299.97015,-34.5,-58.25
2025-02-24 15:00:00,300.11127,-34.5,-58.25
2025-02-24 16:00:00,300.1283,-34.5,-58.25
2025-02-24 17:00:00,299.86975,-34.5,-58.25
2025-02-24 18:00:00,299.63327,-34.5,-58.25
2025-02-24 19:00:00,299.94073,-34.5,-58.25
2025-02-24 20:00:00,300.5326,-34.5,-58.25
2025-02-24 21:00:00,300.6109,-34.5,-58.25
2025-02-24 22:00:00,299.0105,-34.5,-58.25
2025-02-24 23:00:00,298.79416,-34.5,-58.25
2025-02-25 00:00:00,298.7787,-34.5,-58.25
2025-02-25 01:00:00,298.76636,-34.5,-58.25
2025-02-25 02:00:00,298.72003,-34.5,-58.25
2025-02-25 03:00:00,298.69397,-34.5,-58.25
2025-02-25 04:00:00,298.66177,-34.5,-58.25
2025-02-25 05:00:00,298.57224,-34.5,-58.25
2025-02-25 06:00:00,298.57153,-34.5,-58.25
2025-02-25 07:00:00,298.6151,-34.5,-58.25
2025-02-25 08:00:00,298.52426,-34.5,-58.25
2025-02-25 09:00:00,298.4959,-34.5,-58.25
2025-02-25 10:00:00,298.05157,-34.5,-58.25
2025-02-25 11:00:00,298.054,-34.5,-58.25
2025-02-25 12:00:00,298.24097,-34.5,-58.25
2025-02-25 13:00:00,298.48737,-34.5,-58.25
2025-02-25 14:00:00,298.99774,-34.5,-58.25
2025-02-25 15:00:00,299.52985,-34.5,-58.25
2025-02-25 16:00:00,299.9165,-34.5,-58.25
2025-02-25 17:00:00,300.18054,-34.5,-58.25
2025-02-25 18:00:00,300.3642,-34.5,-58.25
2025-02-25 19:00:00,300.46158,-34.5,-58.25
2025-02-25 20:00:00,300.46094,-34.5,-58.25
2025-02-25 21:00:00,300.30518,-34.5,-58.25
2025-02-25 22:00:00,300.02576,-34.5,-58.25
2025-02-25 23:00:00,299.88373,-34.5,-58.25
2025-02-26 00:00:00,299.79886,-34.5,-58.25
2025-02-26 01:00:00,299.63367,-34.5,-58.25
2025-02-26 02:00:00,299.4926,-34.5,-58.25
2025-02-26 03:00:00,299.32285,-34.5,-58.25
2025-02-26 04:00:00,299.1446,-34.5,-58.25
2025-02-26 05:00:00,298.97137,-34.5,-58.25
2025-02-26 06:00:00,298.81152,-34.5,-58.25
2025-02-26 07:00:00,298.56488,-34.5,-58.25
2025-02-26 08:00:00,298.41818,-34.5,-58.25
2025-02-26 09:00:00,298.33,-34.5,-58.25
2025-02-26 10:00:00,297.83676,-34.5,-58.25
2025-02-26 11:00:00,297.92236,-34.5,-58.25
2025-02-26 12:00:00,298.1552,-34.5,-58.25
2025-02-26 13:00:00,297.6018,-34.5,-58.25
2025-02-26 14:00:00,297.23523,-34.5,-58.25
2025-02-26 15:00:00,297.3813,-34.5,-58.25
2025-02-26 16:00:00,297.52966,-34.5,-58.25
2025-02-26 17:00:00,297.76157,-34.5,-58.25
2025-02-26 18:00:00,297.81354,-34.5,-58.25
2025-02-26 19:00:00,297.61957,-34.5,-58.25
2025-02-26 20:00:00,297.2649,-34.5,-58.25
2025-02-26 21:00:00,297.0282,-34.5,-58.25
2025-02-26 22:00:00,297.08508,-34.5,-58.25
2025-02-26 23:00:00,297.0174,-34.5,-58.25
2025-02-27 00:00:00,297.1129,-34.5,-58.25
2025-02-27 01:00:00,297.19534,-34.5,-58.25
2025-02-27 02:00:00,297.12653,-34.5,-58.25
2025-02-27 03:00:00,296.90253,-34.5,-58.25
2025-02-27 04:00:00,296.64212,-34.5,-58.25
2025-02-27 05:00:00,296.4272,-34.5,-58.25
2025-02-27 06:00:00,296.2343,-34.5,-58.25
2025-02-27 07:00:00,296.02362,-34.5,-58.25
2025-02-27 08:00:00,295.80994,-34.5,-58.25
2025-02-27 09:00:00,295.6194,-34.5,-58.25
2025-02-27 10:00:00,295.77524,-34.5,-58.25
2025-02-27 11:00:00,296.00516,-34.5,-58.25
2025-02-27 12:00:00,296.26495,-34.5,-58.25
2025-02-27 13:00:00,296.539,-34.5,-58.25
2025-02-27 14:00:00,296.97467,-34.5,-58.25
2025-02-27 15:00:00,297.55933,-34.5,-58.25
2025-02-27 16:00:00,298.02704,-34.5,-58.25
2025-02-27 17:00:00,298.48477,-34.5,-58.25
2025-02-27 18:00:00,298.73547,-34.5,-58.25
2025-02-27 19:00:00,298.9632,-34.5,-58.25
2025-02-27 20:00:00,298.94965,-34.5,-58.25
2025-02-27 21:00:00,299.02826,-34.5,-58.25
2025-02-27 22:00:00,299.44257,-34.5,-58.25
2025-02-27 23:00:00,299.43207,-34.5,-58.25
2025-02-28 00:00:00,299.56583,-34.5,-58.25
2025-02-28 01:00:00,299.7037,-34.5,-58.25
2025-02-28 02:00:00,299.61508,-34.5,-58.25
2025-02-28 03:00:00,299.46793,-34.5,-58.25
2025-02-28 04:00:00,299.25345,-34.5,-58.25
2025-02-28 05:00:00,299.0542,-34.5,-58.25
2025-02-28 06:00:00,298.9024,-34.5,-58.25
2025-02-28 07:00:00,298.81506,-34.5,-58.25
2025-02-28 08:00:00,298.79532,-34.5,-58.25
2025-02-28 09:00:00,298.81207,-34.5,-58.25
2025-02-28 10:00:00,298.47125,-34.5,-58.25
2025-02-28 11:00:00,298.64197,-34.5,-58.25
2025-02-28 12:00:00,298.81094,-34.5,-58.25
2025-02-28 13:00:00,298.81738,-34.5,-58.25
2025-02-28 14:00:00,298.46167,-34.5,-58.25
2025-02-28 15:00:00,298.28223,-34.5,-58.25
2025-02-28 16:00:00,297.81216,-34.5,-58.25
2025-02-28 17:00:00,297.41705,-34.5,-58.25
2025-02-28 18:00:00,297.8227,-34.5,-58.25
2025-02-28 19:00:00,298.2812,-34.5,-58.25
2025-02-28 20:00:00,298.4049,-34.5,-58.25
2025-02-28 21:00:00,298.6607,-34.5,-58.25
2025-02-28 22:00:00,299.19876,-34.5,-58.25
2025-02-28 23:00:00,299.3086,-34.5,-58.25
2025-03-01 00:00:00,299.35565,-34.5,-58.25
2025-03-01 01:00:00,299.38702,-34.5,-58.25
2025-03-01 02:00:00,299.46487,-34.5,-58.25
2025-03-01 03:00:00,299.37537,-34.5,-58.25
2025-03-01 04:00:00,299.204,-34.5,-58.25
2025-03-01 05:00:00,299.00568,-34.5,-58.25
2025-03-01 06:00:00,298.91577,-34.5,-58.25
2025-03-01 07:00:00,298.83618,-34.5,-58.25
2025-03-01 08:00:00,298.15845,-34.5,-58.25
2025-03-01 09:00:00,297.48584,-34.5,-58.25
2025-03-01 10:00:00,297.5479,-34.5,-58.25
2025-03-01 11:00:00,297.49713,-34.5,-58.25
2025-03-01 12:00:00,297.46082,-34.5,-58.25
2025-03-01 13:00:00,297.5302,-34.5,-58.25
2025-03-01 14:00:00,297.73608,-34.5,-58.25
2025-03-01 15:00:00,298.1963,-34.5,-58.25
2025-03-01 16:00:00,298.89282,-34.5,-58.25
2025-03-01 17:00:00,299.5257,-34.5,-58.25
2025-03-01 18:00:00,299.98096,-34.5,-58.25
2025-03-01 19:00:00,300.20248,-34.5,-58.25
2025-03-01 20:00:00,300.1907,-34.5,-58.25
2025-03-01 21:00:00,299.92365,-34.5,-58.25
2025-03-01 22:00:00,298.6797,-34.5,-58.25
2025-03-01 23:00:00,298.5186,-34.5,-58.25
2025-03-02 00:00:00,298.52466,-34.5,-58.25
2025-03-02 01:00:00,298.6079,-34.5,-58.25
2025-03-02 02:00:00,298.65643,-34.5,-58.25
2025-03-02 03:00:00,298.6502,-34.5,-58.25
2025-03-02 04:00:00,298.56354,-34.5,-58.25
2025-03-02 05:00:00,298.45538,-34.5,-58.25
2025-03-02 06:00:00,298.3032,-34.5,-58.25
2025-03-02 07:00:00,298.11673,-34.5,-58.25
2025-03-02 08:00:00,297.86847,-34.5,-58.25
2025-03-02 09:00:00,297.55072,-34.5,-58.25
2025-03-02 10:00:00,297.5829,-34.5,-58.25
2025-03-02 11:00:00,297.40012,-34.5,-58.25
2025-03-02 12:00:00,297.15384,-34.5,-58.25
2025-03-02 13:00:00,297.2141,-34.5,-58.25
2025-03-02 14:00:00,297.48386,-34.5,-58.25
2025-03-02 15:00:00,297.55847,-34.5,-58.25
2025-03-02 16:00:00,297.3558,-34.5,-58.25
2025-03-02 17:00:00,296.97876,-34.5,-58.25
2025-03-02 18:00:00,296.60727,-34.5,-58.25
2025-03-02 19:00:00,296.43988,-34.5,-58.25
2025-03-02 20:00:00,296.4506,-34.5,-58.25
2025-03-02 21:00:00,296.68042,-34.5,-58.25
2025-03-02 22:00:00,296.52496,-34.5,-58.25
2025-03-02 23:00:00,296.8407,-34.5,-58.25
2025-03-03 00:00:00,297.19675,-34.5,-58.25
2025-03-03 01:00:00,297.332,-34.5,-58.25
2025-03-03 02:00:00,297.5475,-34.5,-58.25
2025-03-03 03:00:00,297.6894,-34.5,-58.25
2025-03-03 04:00:00,297.6657,-34.5,-58.25
2025-03-03 05:00:00,297.5642,-34.5,-58.25
2025-03-03 06:00:00,297.50577,-34.5,-58.25
2025-03-03 07:00:00,297.4256,-34.5,-58.25
2025-03-03 08:00:00,297.52673,-34.5,-58.25
2025-03-03 09:00:00,297.60345,-34.5,-58.25
2025-03-03 10:00:00,297.74976,-34.5,-58.25
2025-03-03 11:00:00,297.80353,-34.5,-58.25
2025-03-03 12:00:00,297.7456,-34.5,-58.25
2025-03-03 13:00:00,297.82446,-34.5,-58.25
2025-03-03 14:00:00,298.0431,-34.5,-58.25
2025-03-03 15:00:00,298.40985,-34.5,-58.25
2025-03-03 16:00:00,298.678,-34.5,-58.25
2025-03-03 17:00:00,299.14374,-34.5,-58.25
2025-03-03 18:00:00,299.36774,-34.5,-58.25
2025-03-03 19:00:00,299.85352,-34.5,-58.25
2025-03-03 20:00:00,300.1809,-34.5,-58.25
2025-03-03 21:00:00,300.39188,-34.5,-58.25
2025-03-03 22:00:00,298.61896,-34.5,-58.25
2025-03-03 23:00:00,298.71405,-34.5,-58.25
2025-03-04 00:00:00,298.80115,-34.5,-58.25
2025-03-04 01:00:00,298.79272,-34.5,-58.25
2025-03-04 02:00:00,298.78732,-34.5,-58.25
2025-03-04 03:00:00,298.8715,-34.5,-58.25
2025-03-04 04:00:00,298.92212,-34.5,-58.25
2025-03-04 05:00:00,298.88782,-34.5,-58.25
2025-03-04 06:00:00,298.7892,-34.5,-58.25
2025-03-04 07:00:00,298.61414,-34.5,-58.25
2025-03-04 08:00:00,298.57935,-34.5,-58.25
2025-03-04 09:00:00,298.46524,-34.5,-58.25
2025-03-04 10:00:00,297.80945,-34.5,-58.25
2025-03-04 11:00:00,297.763,-34.5,-58.25
2025-03-04 12:00:00,297.89078,-34.5,-58.25
2025-03-04 13:00:00,298.00745,-34.5,-58.25
2025-03-04 14:00:00,298.32153,-34.5,-58.25
2025-03-04 15:00:00,298.58066,-34.5,-58.25
2025-03-04 16:00:00,299.0249,-34.5,-58.25
2025-03-04 17:00:00,299.9233,-34.5,-58.25
2025-03-04 18:00:00,300.58722,-34.5,-58.25
2025-03-04 19:00:00,301.0263,-34.5,-58.25
2025-03-04 20:00:00,301.30258,-34.5,-58.25
2025-03-04 21:00:00,301.4693,-34.5,-58.25
2025-03-04 22:00:00,299.19443,-34.5,-58.25
2025-03-04 23:00:00,299.38965,-34.5,-58.25
2025-03-05 00:00:00,299.5177,-34.5,-58.25
2025-03-05 01:00:00,299.67084,-34.5,-58.25
2025-03-05 02:00:00,299.7528,-34.5,-58.25
2025-03-05 03:00:00,299.76337,-34.5,-58.25
2025-03-05 04:00:00,299.70184,-34.5,-58.25
2025-03-05 05:00:00,299.62317,-34.5,-58.25
2025-03-05 06:00:00,299.573,-34.5,-58.25
2025-03-05 07:00:00,299.59045,-34.5,-58.25
2025-03-05 08:00:00,299.6739,-34.5,-58.25
2025-03-05 09:00:00,299.81036,-34.5,-58.25
2025-03-05 10:00:00,300.79364,-34.5,-58.25
2025-03-05 11:00:00,300.83978,-34.5,-58.25
2025-03-05 12:00:00,300.99557,-34.5,-58.25
2025-03-05 13:00:00,301.3063,-34.5,-58.25
2025-03-05 14:00:00,301.72046,-34.5,-58.25
2025-03-05 15:00:00,302.0962,-34.5,-58.25
2025-03-05 16:00:00,302.40155,-34.5,-58.25
2025-03-05 17:00:00,302.64673,-34.5,-58.25
2025-03-05 18:00:00,302.9743,-34.5,-58.25
2025-03-05 19:00:00,302.90826,-34.5,-58.25
2025-03-05 20:00:00,302.48114,-34.5,-58.25
2025-03-05 21:00:00,302.14108,-34.5,-58.25
2025-03-05 22:00:00,302.62482,-34.5,-58.25
2025-03-05 23:00:00,302.307,-34.5,-58.25
2025-03-06 00:00:00,302.21594,-34.5,-58.25
2025-03-06 01:00:00,302.20956,-34.5,-58.25
2025-03-06 02:00:00,302.09015,-34.5,-58.25
2025-03-06 03:00:00,301.87695,-34.5,-58.25
2025-03-06 04:00:00,301.67517,-34.5,-58.25
2025-03-06 05:00:00,301.51855,-34.5,-58.25
2025-03-06 06:00:00,301.45917,-34.5,-58.25
2025-03-06 07:00:00,301.39624,-34.5,-58.25
2025-03-06 08:00:00,301.34906,-34.5,-58.25
2025-03-06 09:00:00,301.2644,-34.5,-58.25
2025-03-06 10:00:00,301.22934,-34.5,-58.25
2025-03-06 11:00:00,301.29456,-34.5,-58.25
2025-03-06 12:00:00,301.39334,-34.5,-58.25
2025-03-06 13:00:00,301.6754,-34.5,-58.25
2025-03-06 14:00:00,302.07843,-34.5,-58.25
2025-03-06 15:00:00,302.48636,-34.5,-58.25
2025-03-06 16:00:00,302.81924,-34.5,-58.25
2025-03-06 17:00:00,303.03427,-34.5,-58.25
2025-03-06 18:00:00,303.16232,-34.5,-58.25
2025-03-06 19:00:00,303.2489,-34.5,-58.25
2025-03-06 20:00:00,303.3014,-34.5,-58.25
2025-03-06 21:00:00,303.16687,-34.5,-58.25
2025-03-06 22:00:00,302.61224,-34.5,-58.25
2025-03-06 23:00:00,302.55264,-34.5,-58.25
2025-03-07 00:00:00,302.45483,-34.5,-58.25
2025-03-07 01:00:00,302.39572,-34.5,-58.25
2025-03-07 02:00:00,302.3169,-34.5,-58.25
2025-03-07 03:00:00,302.15906,-34.5,-58.25
2025-03-07 04:00:00,301.98724,-34.5,-58.25
2025-03-07 05:00:00,301.76733,-34.5,-58.25
2025-03-07 06:00:00,301.5001,-34.5,-58.25
2025-03-07 07:00:00,301.24658,-34.5,-58.25
2025-03-07 08:00:00,301.11346,-34.5,-58.25
2025-03-07 09:00:00,300.96906,-34.5,-58.25
2025-03-07 10:00:00,301.0467,-34.5,-58.25
2025-03-07 11:00:00,300.9265,-34.5,-58.25
2025-03-07 12:00:00,300.97617,-34.5,-58.25
2025-03-07 13:00:00,301.21912,-34.5,-58.25
2025-03-07 14:00:00,301.67828,-34.5,-58.25
2025-03-07 15:00:00,302.1776,-34.5,-58.25
2025-03-07 16:00:00,302.64777,-34.5,-58.25
2025-03-07 17:00:00,302.98407,-34.5,-58.25
2025-03-07 18:00:00,303.21863,-34.5,-58.25
2025-03-07 19:00:00,303.35486,-34.5,-58.25
2025-03-07 20:00:00,303.05154,-34.5,-58.25
2025-03-07 21:00:00,302.90915,-34.5,-58.25
2025-03-07 22:00:00,303.3678,-34.5,-58.25
2025-03-07 23:00:00,303.04834,-34.5,-58.25
2025-03-08 00:00:00,302.7212,-34.5,-58.25
2025-03-08 01:00:00,302.5671,-34.5,-58.25
2025-03-08 02:00:00,302.54193,-34.5,-58.25
2025-03-08 03:00:00,302.46762,-34.5,-58.25
2025-03-08 04:00:00,302.3509,-34.5,-58.25
2025-03-08 05:00:00,302.2132,-34.5,-58.25
2025-03-08 06:00:00,302.09613,-34.5,-58.25
2025-03-08 07:00:00,301.06128,-34.5,-58.25
2025-03-08 08:00:00,298.38947,-34.5,-58.25
2025-03-08 09:00:00,297.97455,-34.5,-58.25
2025-03-08 10:00:00,295.1192,-34.5,-58.25
2025-03-08 11:00:00,294.6769,-34.5,-58.25
2025-03-08 12:00:00,294.36346,-34.5,-58.25
2025-03-08 13:00:00,294.042,-34.5,-58.25
2025-03-08 14:00:00,293.94266,-34.5,-58.25
2025-03-08 15:00:00,294.0293,-34.5,-58.25
2025-03-08 16:00:00,294.58844,-34.5,-58.25
2025-03-08 17:00:00,295.30875,-34.5,-58.25
2025-03-08 18:00:00,295.87646,-34.5,-58.25
2025-03-08 19:00:00,296.16315,-34.5,-58.25
2025-03-08 20:00:00,296.24762,-34.5,-58.25
2025-03-08 21:00:00,295.96756,-34.5,-58.25
2025-03-08 22:00:00,294.9071,-34.5,-58.25
2025-03-08 23:00:00,294.62854,-34.5,-58.25
2025-03-09 00:00:00,294.62628,-34.5,-58.25
2025-03-09 01:00:00,294.61237,-34.5,-58.25
2025-03-09 02:00:00,294.2392,-34.5,-58.25
2025-03-09 03:00:00,293.37268,-34.5,-58.25
2025-03-09 04:00:00,292.45242,-34.5,-58.25
2025-03-09 05:00:00,291.7882,-34.5,-58.25
2025-03-09 06:00:00,291.28333,-34.5,-58.25
2025-03-09 07:00:00,290.8865,-34.5,-58.25
2025-03-09 08:00:00,290.60004,-34.5,-58.25
2025-03-09 09:00:00,290.35345,-34.5,-58.25
2025-03-09 10:00:00,289.729,-34.5,-58.25
2025-03-09 11:00:00,289.68402,-34.5,-58.25
2025-03-09 12:00:00,289.96487,-34.5,-58.25
2025-03-09 13:00:00,290.52457,-34.5,-58.25
2025-03-09 14:00:00,291.10596,-34.5,-58.25
2025-03-09 15:00:00,291.6745,-34.5,-58.25
2025-03-09 16:00:00,292.19696,-34.5,-58.25
2025-03-09 17:00:00,292.58936,-34.5,-58.25
2025-03-09 18:00:00,292.87543,-34.5,-58.25
2025-03-09 19:00:00,293.08502,-34.5,-58.25
2025-03-09 20:00:00,293.16443,-34.5,-58.25
2025-03-09 21:00:00,293.204,-34.5,-58.25
2025-03-09 22:00:00,293.55582,-34.5,-58.25
2025-03-09 23:00:00,293.3523,-34.5,-58.25
2025-03-10 00:00:00,293.1513,-34.5,-58.25
2025-03-10 01:00:00,292.9564,-34.5,-58.25
2025-03-10 02:00:00,292.82028,-34.5,-58.25
2025-03-10 03:00:00,292.72357,-34.5,-58.25
2025-03-10 04:00:00,292.63565,-34.5,-58.25
2025-03-10 05:00:00,292.6499,-34.5,-58.25
2025-03-10 06:00:00,292.5263,-34.5,-58.25
2025-03-10 07:00:00,292.47034,-34.5,-58.25
2025-03-10 08:00:00,292.38895,-34.5,-58.25
2025-03-10 09:00:00,292.20975,-34.5,-58.25
2025-03-10 10:00:00,291.65314,-34.5,-58.25
2025-03-10 11:00:00,291.53772,-34.5,-58.25
2025-03-10 12:00:00,291.61176,-34.5,-58.25
2025-03-10 13:00:00,291.8517,-34.5,-58.25
2025-03-10 14:00:00,292.234,-34.5,-58.25
2025-03-10 15:00:00,292.6086,-34.5,-58.25
2025-03-10 16:00:00,293.06635,-34.5,-58.25
2025-03-10 17:00:00,293.57727,-34.5,-58.25
2025-03-10 18:00:00,294.11017,-34.5,-58.25
2025-03-10 19:00:00,294.64792,-34.5,-58.25
2025-03-10 20:00:00,295.08484,-34.5,-58.25
2025-03-10 21:00:00,295.4597,-34.5,-58.25
2025-03-10 22:00:00,295.7868,-34.5,-58.25
2025-03-10 23:00:00,295.873,-34.5,-58.25
2025-03-11 00:00:00,295.90863,-34.5,-58.25
2025-03-11 01:00:00,295.84726,-34.5,-58.25
2025-03-11 02:00:00,295.69867,-34.5,-58.25
2025-03-11 03:00:00,295.4745,-34.5,-58.25
2025-03-11 04:00:00,295.25958,-34.5,-58.25
2025-03-11 05:00:00,295.0343,-34.5,-58.25
2025-03-11 06:00:00,294.85992,-34.5,-58.25
2025-03-11 07:00:00,294.71704,-34.5,-58.25
2025-03-11 08:00:00,294.41388,-34.5,-58.25
2025-03-11 09:00:00,293.1783,-34.5,-58.25
2025-03-11 10:00:00,292.34286,-34.5,-58.25
2025-03-11 11:00:00,292.7312,-34.5,-58.25
2025-03-11 12:00:00,293.36768,-34.5,-58.25
2025-03-11 13:00:00,293.65494,-34.5,-58.25
2025-03-11 14:00:00,293.68994,-34.5,-58.25
2025-03-11 15:00:00,293.58362,-34.5,-58.25
2025-03-11 16:00:00,293.71005,-34.5,-58.25
2025-03-11 17:00:00,293.693,-34.5,-58.25
2025-03-11 18:00:00,293.64062,-34.5,-58.25
2025-03-11 19:00:00,293.5335,-34.5,-58.25
2025-03-11 20:00:00,293.52435,-34.5,-58.25
2025-03-11 21:00:00,293.5791,-34.5,-58.25
2025-03-11 22:00:00,293.38715,-34.5,-58.25
2025-03-11 23:00:00,293.38184,-34.5,-58.25
2025-03-12 00:00:00,293.36902,-34.5,-58.25
2025-03-12 01:00:00,293.0343,-34.5,-58.25
2025-03-12 02:00:00,292.98444,-34.5,-58.25
2025-03-12 03:00:00,292.9087,-34.5,-58.25
2025-03-12 04:00:00,292.48856,-34.5,-58.25
2025-03-12 05:00:00,291.6438,-34.5,-58.25
2025-03-12 06:00:00,291.1628,-34.5,-58.25
2025-03-12 07:00:00,290.99197,-34.5,-58.25
2025-03-12 08:00:00,291.01926,-34.5,-58.25
2025-03-12 09:00:00,290.98273,-34.5,-58.25
2025-03-12 10:00:00,290.62698,-34.5,-58.25
2025-03-12 11:00:00,290.3925,-34.5,-58.25
2025-03-12 12:00:00,290.50073,-34.5,-58.25
2025-03-12 13:00:00,290.96222,-34.5,-58.25
2025-03-12 14:00:00,291.3955,-34.5,-58.25
2025-03-12 15:00:00,291.8631,-34.5,-58.25
2025-03-12 16:00:00,292.21143,-34.5,-58.25
2025-03-12 17:00:00,292.3958,-34.5,-58.25
2025-03-12 18:00:00,292.6233,-34.5,-58.25
2025-03-12 19:00:00,292.71036,-34.5,-58.25
2025-03-12 20:00:00,292.34662,-34.5,-58.25
2025-03-12 21:00:00,291.86816,-34.5,-58.25
2025-03-12 22:00:00,291.22656,-34.5,-58.25
2025-03-12 23:00:00,291.2975,-34.5,-58.25
2025-03-13 00:00:00,291.17722,-34.5,-58.25
2025-03-13 01:00:00,291.14136,-34.5,-58.25
2025-03-13 02:00:00,291.04636,-34.5,-58.25
2025-03-13 03:00:00,290.92444,-34.5,-58.25
2025-03-13 04:00:00,290.71674,-34.5,-58.25
2025-03-13 05:00:00,290.4551,-34.5,-58.25
2025-03-13 06:00:00,290.0725,-34.5,-58.25
2025-03-13 07:00:00,289.7696,-34.5,-58.25
2025-03-13 08:00:00,289.47226,-34.5,-58.25
2025-03-13 09:00:00,289.09964,-34.5,-58.25
2025-03-13 10:00:00,288.51324,-34.5,-58.25
2025-03-13 11:00:00,288.40195,-34.5,-58.25
2025-03-13 12:00:00,288.66058,-34.5,-58.25
2025-03-13 13:00:00,289.16547,-34.5,-58.25
2025-03-13 14:00:00,289.68866,-34.5,-58.25
2025-03-13 15:00:00,290.16705,-34.5,-58.25
2025-03-13 16:00:00,290.63373,-34.5,-58.25
2025-03-13 17:00:00,291.1194,-34.5,-58.25
2025-03-13 18:00:00,291.4942,-34.5,-58.25
2025-03-13 19:00:00,291.7945,-34.5,-58.25
2025-03-13 20:00:00,292.031,-34.5,-58.25
2025-03-13 21:00:00,292.1598,-34.5,-58.25
2025-03-13 22:00:00,292.37775,-34.5,-58.25
2025-03-13 23:00:00,292.24646,-34.5,-58.25
2025-03-14 00:00:00,292.19644,-34.5,-58.25
2025-03-14 01:00:00,292.0788,-34.5,-58.25
2025-03-14 02:00:00,291.78577,-34.5,-58.25
2025-03-14 03:00:00,291.38428,-34.5,-58.25
2025-03-14 04:00:00,291.10144,-34.5,-58.25
2025-03-14 05:00:00,290.81726,-34.5,-58.25
2025-03-14 06:00:00,290.3695,-34.5,-58.25
2025-03-14 07:00:00,290.06097,-34.5,-58.25
2025-03-14 08:00:00,289.7343,-34.5,-58.25
2025-03-14 09:00:00,289.57245,-34.5,-58.25
2025-03-14 10:00:00,289.49945,-34.5,-58.25
2025-03-14 11:00:00,289.5863,-34.5,-58.25
2025-03-14 12:00:00,289.90527,-34.5,-58.25
2025-03-14 13:00:00,290.50125,-34.5,-58.25
2025-03-14 14:00:00,291.10883,-34.5,-58.25
2025-03-14 15:00:00,291.78174,-34.5,-58.25
2025-03-14 16:00:00,292.26038,-34.5,-58.25
2025-03-14 17:00:00,292.66846,-34.5,-58.25
2025-03-14 18:00:00,292.98553,-34.5,-58.25
2025-03-14 19:00:00,293.20337,-34.5,-58.25
2025-03-14 20:00:00,293.44824,-34.5,-58.25
2025-03-14 21:00:00,293.59357,-34.5,-58.25
2025-03-14 22:00:00,293.8966,-34.5,-58.25
2025-03-14 23:00:00,293.8748,-34.5,-58.25
2025-03-15 00:00:00,293.8499,-34.5,-58.25
2025-03-15 01:00:00,293.81714,-34.5,-58.25
2025-03-15 02:00:00,293.80975,-34.5,-58.25
2025-03-15 03:00:00,293.7229,-34.5,-58.25
2025-03-15 04:00:00,293.59973,-34.5,-58.25
2025-03-15 05:00:00,293.52136,-34.5,-58.25
2025-03-15 06:00:00,293.4049,-34.5,-58.25
2025-03-15 07:00:00,293.31668,-34.5,-58.25
2025-03-15 08:00:00,293.2489,-34.5,-58.25
2025-03-15 09:00:00,293.17984,-34.5,-58.25
2025-03-15 10:00:00,293.2561,-34.5,-58.25
2025-03-15 11:00:00,293.24445,-34.5,-58.25
2025-03-15 12:00:00,293.26617,-34.5,-58.25
2025-03-15 13:00:00,293.23547,-34.5,-58.25
2025-03-15 14:00:00,293.3537,-34.5,-58.25
2025-03-15 15:00:00,293.62164,-34.5,-58.25
2025-03-15 16:00:00,294.09323,-34.5,-58.25
2025-03-15 17:00:00,294.48862,-34.5,-58.25
2025-03-15 18:00:00,294.7111,-34.5,-58.25
2025-03-15 19:00:00,294.82294,-34.5,-58.25
2025-03-15 20:00:00,294.8777,-34.5,-58.25
2025-03-15 21:00:00,294.82806,-34.5,-58.25
2025-03-15 22:00:00,294.79364,-34.5,-58.25
2025-03-15 23:00:00,294.58258,-34.5,-58.25
2025-03-16 00:00:00,294.5023,-34.5,-58.25
2025-03-16 01:00:00,294.49548,-34.5,-58.25
2025-03-16 02:00:00,294.52075,-34.5,-58.25
2025-03-16 03:00:00,294.32617,-34.5,-58.25
2025-03-16 04:00:00,294.0654,-34.5,-58.25
2025-03-16 05:00:00,293.8053,-34.5,-58.25
2025-03-16 06:00:00,293.6413,-34.5,-58.25
2025-03-16 07:00:00,293.5536,-34.5,-58.25
2025-03-16 08:00:00,293.55194,-34.5,-58.25
2025-03-16 09:00:00,293.58453,-34.5,-58.25
2025-03-16 10:00:00,293.54767,-34.5,-58.25
2025-03-16 11:00:00,293.54932,-34.5,-58.25
2025-03-16 12:00:00,293.54895,-34.5,-58.25
2025-03-16 13:00:00,293.76526,-34.5,-58.25
2025-03-16 14:00:00,294.12152,-34.5,-58.25
2025-03-16 15:00:00,294.5572,-34.5,-58.25
2025-03-16 16:00:00,295.03998,-34.5,-58.25
2025-03-16 17:00:00,295.34833,-34.5,-58.25
2025-03-16 18:00:00,295.48828,-34.5,-58.25
2025-03-16 19:00:00,295.55725,-34.5,-58.25
2025-03-16 20:00:00,295.51764,-34.5,-58.25
2025-03-16 21:00:00,295.51288,-34.5,-58.25
2025-03-16 22:00:00,296.08392,-34.5,-58.25
2025-03-16 23:00:00,295.83594,-34.5,-58.25
2025-03-17 00:00:00,295.6488,-34.5,-58.25
2025-03-17 01:00:00,295.40588,-34.5,-58.25
2025-03-17 02:00:00,295.27057,-34.5,-58.25
2025-03-17 03:00:00,295.16858,-34.5,-58.25
2025-03-17 04:00:00,295.0428,-34.5,-58.25
2025-03-17 05:00:00,294.93958,-34.5,-58.25
2025-03-17 06:00:00,294.81323,-34.5,-58.25
2025-03-17 07:00:00,294.69345,-34.5,-58.25
2025-03-17 08:00:00,294.6371,-34.5,-58.25
2025-03-17 09:00:00,294.62122,-34.5,-58.25
2025-03-17 10:00:00,294.7312,-34.5,-58.25
2025-03-17 11:00:00,294.6222,-34.5,-58.25
2025-03-17 12:00:00,294.57788,-34.5,-58.25
2025-03-17 13:00:00,294.75085,-34.5,-58.25
2025-03-17 14:00:00,295.17017,-34.5,-58.25
2025-03-17 15:00:00,295.72644,-34.5,-58.25
2025-03-17 16:00:00,296.29382,-34.5,-58.25
2025-03-17 17:00:00,296.78073,-34.5,-58.25
2025-03-17 18:00:00,297.0807,-34.5,-58.25
2025-03-17 19:00:00,297.24023,-34.5,-58.25
2025-03-17 20:00:00,297.30347,-34.5,-58.25
2025-03-17 21:00:00,297.23383,-34.5,-58.25
2025-03-17 22:00:00,297.2846,-34.5,-58.25
2025-03-17 23:00:00,297.1847,-34.5,-58.25
2025-03-18 00:00:00,297.11206,-34.5,-58.25
2025-03-18 01:00:00,297.05893,-34.5,-58.25
2025-03-18 02:00:00,296.9598,-34.5,-58.25
2025-03-18 03:00:00,296.8238,-34.5,-58.25
2025-03-18 04:00:00,296.67633,-34.5,-58.25
2025-03-18 05:00:00,296.51624,-34.5,-58.25
2025-03-18 06:00:00,296.27832,-34.5,-58.25
2025-03-18 07:00:00,295.9678,-34.5,-58.25
2025-03-18 08:00:00,295.6394,-34.5,-58.25
2025-03-18 09:00:00,295.3362,-34.5,-58.25
2025-03-18 10:00:00,295.00726,-34.5,-58.25
2025-03-18 11:00:00,294.8989,-34.5,-58.25
2025-03-18 12:00:00,295.0382,-34.5,-58.25
2025-03-18 13:00:00,295.55725,-34.5,-58.25
2025-03-18 14:00:00,296.31598,-34.5,-58.25
2025-03-18 15:00:00,297.08868,-34.5,-58.25
2025-03-18 16:00:00,297.7533,-34.5,-58.25
2025-03-18 17:00:00,298.18384,-34.5,-58.25
2025-03-18 18:00:00,298.42065,-34.5,-58.25
2025-03-18 19:00:00,298.51306,-34.5,-58.25
2025-03-18 20:00:00,298.41254,-34.5,-58.25
2025-03-18 21:00:00,298.19006,-34.5,-58.25
2025-03-18 22:00:00,297.67548,-34.5,-58.25
2025-03-18 23:00:00,297.51273,-34.5,-58.25
2025-03-19 00:00:00,297.5354,-34.5,-58.25
2025-03-19 01:00:00,297.5475,-34.5,-58.25
2025-03-19 02:00:00,297.47754,-34.5,-58.25
2025-03-19 03:00:00,297.51538,-34.5,-58.25
2025-03-19 04:00:00,297.32623,-34.5,-58.25
2025-03-19 05:00:00,297.10114,-34.5,-58.25
2025-03-19 06:00:00,296.82416,-34.5,-58.25
2025-03-19 07:00:00,296.48526,-34.5,-58.25
2025-03-19 08:00:00,296.23883,-34.5,-58.25
2025-03-19 09:00:00,296.10953,-34.5,-58.25
2025-03-19 10:00:00,296.36636,-34.5,-58.25
2025-03-19 11:00:00,296.25104,-34.5,-58.25
2025-03-19 12:00:00,296.35718,-34.5,-58.25
2025-03-19 13:00:00,296.75037,-34.5,-58.25
2025-03-19 14:00:00,297.453,-34.5,-58.25
2025-03-19 15:00:00,298.14688,-34.5,-58.25
2025-03-19 16:00:00,298.71545,-34.5,-58.25
2025-03-19 17:00:00,299.08838,-34.5,-58.25
2025-03-19 18:00:00,299.26202,-34.5,-58.25
2025-03-19 19:00:00,299.40784,-34.5,-58.25
2025-03-19 20:00:00,299.42697,-34.5,-58.25
2025-03-19 21:00:00,299.25266,-34.5,-58.25
2025-03-19 22:00:00,299.14908,-34.5,-58.25
2025-03-19 23:00:00,298.99646,-34.5,-58.25
2025-03-20 00:00:00,298.867,-34.5,-58.25
2025-03-20 01:00:00,298.6073,-34.5,-58.25
2025-03-20 02:00:00,298.31085,-34.5,-58.25
2025-03-20 03:00:00,297.99698,-34.5,-58.25
2025-03-20 04:00:00,297.7286,-34.5,-58.25
2025-03-20 05:00:00,297.45264,-34.5,-58.25
2025-03-20 06:00:00,297.18237,-34.5,-58.25
2025-03-20 07:00:00,296.9267,-34.5,-58.25
2025-03-20 08:00:00,296.68866,-34.5,-58.25
2025-03-20 09:00:00,296.47388,-34.5,-58.25
2025-03-20 10:00:00,296.45486,-34.5,-58.25
2025-03-20 11:00:00,296.3227,-34.5,-58.25
2025-03-20 12:00:00,296.43124,-34.5,-58.25
2025-03-20 13:00:00,296.76575,-34.5,-58.25
2025-03-20 14:00:00,297.33472,-34.5,-58.25
2025-03-20 15:00:00,298.0573,-34.5,-58.25
2025-03-20 16:00:00,298.76825,-34.5,-58.25
2025-03-20 17:00:00,299.37946,-34.5,-58.25
2025-03-20 18:00:00,299.58954,-34.5,-58.25
2025-03-20 19:00:00,299.74155,-34.5,-58.25
2025-03-20 20:00:00,299.76135,-34.5,-58.25
2025-03-20 21:00:00,299.646,-34.5,-58.25
2025-03-20 22:00:00,299.41156,-34.5,-58.25
2025-03-20 23:00:00,299.3687,-34.5,-58.25
2025-03-21 00:00:00,299.3941,-34.5,-58.25
2025-03-21 01:00:00,299.25568,-34.5,-58.25
2025-03-21 02:00:00,298.99374,-34.5,-58.25
2025-03-21 03:00:00,298.67725,-34.5,-58.25
2025-03-21 04:00:00,298.4195,-34.5,-58.25
2025-03-21 05:00:00,298.20346,-34.5,-58.25
2025-03-21 06:00:00,298.01108,-34.5,-58.25
2025-03-21 07:00:00,297.82465,-34.5,-58.25
2025-03-21 08:00:00,297.6409,-34.5,-58.25
2025-03-21 09:00:00,297.45166,-34.5,-58.25
2025-03-21 10:00:00,297.2469,-34.5,-58.25
2025-03-21 11:00:00,297.14548,-34.5,-58.25
2025-03-21 12:00:00,297.1695,-34.5,-58.25
2025-03-21 13:00:00,297.4013,-34.5,-58.25
2025-03-21 14:00:00,297.98035,-34.5,-58.25
2025-03-21 15:00:00,298.59882,-34.5,-58.25
2025-03-21 16:00:00,299.0893,-34.5,-58.25
2025-03-21 17:00:00,299.39188,-34.5,-58.25
2025-03-21 18:00:00,299.55255,-34.5,-58.25
2025-03-21 19:00:00,299.60516,-34.5,-58.25
2025-03-21 20:00:00,299.5185,-34.5,-58.25
2025-03-21 21:00:00,299.28754,-34.5,-58.25
2025-03-21 22:00:00,299.19095,-34.5,-58.25
2025-03-21 23:00:00,299.15887,-34.5,-58.25
2025-03-22 00:00:00,299.1356,-34.5,-58.25
2025-03-22 01:00:00,299.03705,-34.5,-58.25
2025-03-22 02:00:00,298.96356,-34.5,-58.25
2025-03-22 03:00:00,298.89496,-34.5,-58.25
2025-03-22 04:00:00,298.77075,-34.5,-58.25
2025-03-22 05:00:00,298.56757,-34.5,-58.25
2025-03-22 06:00:00,298.31604,-34.5,-58.25
2025-03-22 07:00:00,298.0921,-34.5,-58.25
2025-03-22 08:00:00,297.97638,-34.5,-58.25
2025-03-22 09:00:00,297.83487,-34.5,-58.25
2025-03-22 10:00:00,297.39804,-34.5,-58.25
2025-03-22 11:00:00,297.30286,-34.5,-58.25
2025-03-22 12:00:00,297.2887,-34.5,-58.25
2025-03-22 13:00:00,297.4632,-34.5,-58.25
2025-03-22 14:00:00,297.69543,-34.5,-58.25
2025-03-22 15:00:00,297.89178,-34.5,-58.25
2025-03-22 16:00:00,298.2003,-34.5,-58.25
2025-03-22 17:00:00,298.50104,-34.5,-58.25
2025-03-22 18:00:00,298.03043,-34.5,-58.25
2025-03-22 19:00:00,297.63672,-34.5,-58.25
2025-03-22 20:00:00,297.32053,-34.5,-58.25
2025-03-22 21:00:00,297.37628,-34.5,-58.25
2025-03-22 22:00:00,297.81445,-34.5,-58.25
2025-03-22 23:00:00,297.46094,-34.5,-58.25
2025-03-23 00:00:00,294.8469,-34.5,-58.25
2025-03-23 01:00:00,294.755,-34.5,-58.25
2025-03-23 02:00:00,295.37177,-34.5,-58.25
2025-03-23 03:00:00,295.73236,-34.5,-58.25
2025-03-23 04:00:00,295.94684,-34.5,-58.25
2025-03-23 05:00:00,296.23492,-34.5,-58.25
2025-03-23 06:00:00,296.1167,-34.5,-58.25
2025-03-23 07:00:00,295.04547,-34.5,-58.25
2025-03-23 08:00:00,294.43326,-34.5,-58.25
2025-03-23 09:00:00,294.36078,-34.5,-58.25
2025-03-23 10:00:00,294.788,-34.5,-58.25
2025-03-23 11:00:00,295.0254,-34.5,-58.25
2025-03-23 12:00:00,294.9059,-34.5,-58.25
2025-03-23 13:00:00,294.85187,-34.5,-58.25
2025-03-23 14:00:00,295.04562,-34.5,-58.25
2025-03-23 15:00:00,294.87936,-34.5,-58.25
2025-03-23 16:00:00,294.67474,-34.5,-58.25
2025-03-23 17:00:00,294.73257,-34.5,-58.25
2025-03-23 18:00:00,295.38852,-34.5,-58.25
2025-03-23 19:00:00,295.89874,-34.5,-58.25
2025-03-23 20:00:00,295.0843,-34.5,-58.25
2025-03-23 21:00:00,294.98724,-34.5,-58.25
2025-03-23 22:00:00,294.28806,-34.5,-58.25
2025-03-23 23:00:00,294.19205,-34.5,-58.25
2025-03-24 00:00:00,294.217,-34.5,-58.25
2025-03-24 01:00:00,294.08942,-34.5,-58.25
2025-03-24 02:00:00,293.91107,-34.5,-58.25
2025-03-24 03:00:00,293.91498,-34.5,-58.25
2025-03-24 04:00:00,293.82568,-34.5,-58.25
2025-03-24 05:00:00,293.5631,-34.5,-58.25
2025-03-24 06:00:00,293.13214,-34.5,-58.25
2025-03-24 07:00:00,292.8983,-34.5,-58.25
2025-03-24 08:00:00,292.82324,-34.5,-58.25
2025-03-24 09:00:00,293.03278,-34.5,-58.25
2025-03-24 10:00:00,293.71432,-34.5,-58.25
2025-03-24 11:00:00,293.87973,-34.5,-58.25
2025-03-24 12:00:00,294.0475,-34.5,-58.25
2025-03-24 13:00:00,294.49066,-34.5,-58.25
2025-03-24 14:00:00,294.89575,-34.5,-58.25
2025-03-24 15:00:00,294.90634,-34.5,-58.25
2025-03-24 16:00:00,294.91113,-34.5,-58.25
2025-03-24 17:00:00,294.9686,-34.5,-58.25
2025-03-24 18:00:00,295.30298,-34.5,-58.25
2025-03-24 19:00:00,295.30573,-34.5,-58.25
2025-03-24 20:00:00,295.42462,-34.5,-58.25
2025-03-24 21:00:00,295.34222,-34.5,-58.25
2025-03-24 22:00:00,294.97644,-34.5,-58.25
2025-03-24 23:00:00,295.00034,-34.5,-58.25
2025-03-25 00:00:00,294.8648,-34.5,-58.25
2025-03-25 01:00:00,294.87402,-34.5,-58.25
2025-03-25 02:00:00,294.59882,-34.5,-58.25
2025-03-25 03:00:00,294.10495,-34.5,-58.25
2025-03-25 04:00:00,294.00867,-34.5,-58.25
2025-03-25 05:00:00,293.77936,-34.5,-58.25
2025-03-25 06:00:00,293.44568,-34.5,-58.25
2025-03-25 07:00:00,293.216,-34.5,-58.25
2025-03-25 08:00:00,293.09604,-34.5,-58.25
2025-03-25 09:00:00,293.04333,-34.5,-58.25
2025-03-25 10:00:00,292.43552,-34.5,-58.25
2025-03-25 11:00:00,292.57147,-34.5,-58.25
2025-03-25 12:00:00,292.67047,-34.5,-58.25
2025-03-25 13:00:00,293.15497,-34.5,-58.25
2025-03-25 14:00:00,293.52167,-34.5,-58.25
2025-03-25 15:00:00,293.81696,-34.5,-58.25
2025-03-25 16:00:00,294.17432,-34.5,-58.25
2025-03-25 17:00:00,294.34247,-34.5,-58.25
2025-03-25 18:00:00,294.46033,-34.5,-58.25
2025-03-25 19:00:00,294.47162,-34.5,-58.25
2025-03-25 20:00:00,294.31796,-34.5,-58.25
2025-03-25 21:00:00,294.03137,-34.5,-58.25
2025-03-25 22:00:00,293.67682,-34.5,-58.25
2025-03-25 23:00:00,293.4906,-34.5,-58.25
2025-03-26 00:00:00,293.34225,-34.5,-58.25
2025-03-26 01:00:00,293.27716,-34.5,-58.25
2025-03-26 02:00:00,293.28793,-34.5,-58.25
2025-03-26 03:00:00,293.3061,-34.5,-58.25
2025-03-26 04:00:00,293.32965,-34.5,-58.25
2025-03-26 05:00:00,293.265,-34.5,-58.25
2025-03-26 06:00:00,293.1765,-34.5,-58.25
2025-03-26 07:00:00,292.9887,-34.5,-58.25
2025-03-26 08:00:00,292.7915,-34.5,-58.25
2025-03-26 09:00:00,292.6336,-34.5,-58.25
2025-03-26 10:00:00,292.36276,-34.5,-58.25
2025-03-26 11:00:00,292.30606,-34.5,-58.25
2025-03-26 12:00:00,292.57617,-34.5,-58.25
2025-03-26 13:00:00,293.03668,-34.5,-58.25
2025-03-26 14:00:00,293.62924,-34.5,-58.25
2025-03-26 15:00:00,294.44,-34.5,-58.25
2025-03-26 16:00:00,295.23618,-34.5,-58.25
2025-03-26 17:00:00,295.88565,-34.5,-58.25
2025-03-26 18:00:00,296.27774,-34.5,-58.25
2025-03-26 19:00:00,296.2765,-34.5,-58.25
2025-03-26 20:00:00,296.09448,-34.5,-58.25
2025-03-26 21:00:00,295.91162,-34.5,-58.25
2025-03-26 22:00:00,296.25836,-34.5,-58.25
2025-03-26 23:00:00,296.41705,-34.5,-58.25
2025-03-27 00:00:00,296.63373,-34.5,-58.25
2025-03-27 01:00:00,296.64874,-34.5,-58.25
2025-03-27 02:00:00,296.53293,-34.5,-58.25
2025-03-27 03:00:00,296.37726,-34.5,-58.25
2025-03-27 04:00:00,296.0954,-34.5,-58.25
2025-03-27 05:00:00,295.89325,-34.5,-58.25
2025-03-27 06:00:00,295.67365,-34.5,-58.25
2025-03-27 07:00:00,295.42645,-34.5,-58.25
2025-03-27 08:00:00,295.26288,-34.5,-58.25
2025-03-27 09:00:00,295.1772,-34.5,-58.25
2025-03-27 10:00:00,295.3208,-34.5,-58.25
2025-03-27 11:00:00,295.31635,-34.5,-58.25
2025-03-27 12:00:00,295.3468,-34.5,-58.25
2025-03-27 13:00:00,295.59033,-34.5,-58.25
2025-03-27 14:00:00,296.1551,-34.5,-58.25
2025-03-27 15:00:00,296.58487,-34.5,-58.25
2025-03-27 16:00:00,296.8982,-34.5,-58.25
2025-03-27 17:00:00,297.01532,-34.5,-58.25
2025-03-27 18:00:00,296.92078,-34.5,-58.25
2025-03-27 19:00:00,297.02808,-34.5,-58.25
2025-03-27 20:00:00,297.06393,-34.5,-58.25
2025-03-27 21:00:00,296.40222,-34.5,-58.25
2025-03-27 22:00:00,296.66388,-34.5,-58.25
2025-03-27 23:00:00,295.63177,-34.5,-58.25
2025-03-28 00:00:00,294.9031,-34.5,-58.25
2025-03-28 01:00:00,294.56757,-34.5,-58.25
2025-03-28 02:00:00,294.67926,-34.5,-58.25
2025-03-28 03:00:00,294.91534,-34.5,-58.25
2025-03-28 04:00:00,295.18744,-34.5,-58.25
2025-03-28 05:00:00,295.30505,-34.5,-58.25
2025-03-28 06:00:00,295.4709,-34.5,-58.25
2025-03-28 07:00:00,295.54434,-34.5,-58.25
2025-03-28 08:00:00,295.7035,-34.5,-58.25
2025-03-28 09:00:00,295.65927,-34.5,-58.25
2025-03-28 10:00:00,293.9843,-34.5,-58.25
2025-03-28 11:00:00,293.84177,-34.5,-58.25
2025-03-28 12:00:00,293.70068,-34.5,-58.25
2025-03-28 13:00:00,293.78784,-34.5,-58.25
2025-03-28 14:00:00,294.32104,-34.5,-58.25
2025-03-28 15:00:00,295.09613,-34.5,-58.25
2025-03-28 16:00:00,295.6748,-34.5,-58.25
2025-03-28 17:00:00,296.1077,-34.5,-58.25
2025-03-28 18:00:00,296.43402,-34.5,-58.25
2025-03-28 19:00:00,295.43774,-34.5,-58.25
2025-03-28 20:00:00,295.28784,-34.5,-58.25
2025-03-28 21:00:00,295.56497,-34.5,-58.25
2025-03-28 22:00:00,295.886,-34.5,-58.25
2025-03-28 23:00:00,295.3842,-34.5,-58.25
2025-03-29 00:00:00,294.97296,-34.5,-58.25
2025-03-29 01:00:00,294.51587,-34.5,-58.25
2025-03-29 02:00:00,294.1367,-34.5,-58.25
2025-03-29 03:00:00,293.88617,-34.5,-58.25
2025-03-29 04:00:00,293.75482,-34.5,-58.25
2025-03-29 05:00:00,293.6798,-34.5,-58.25
2025-03-29 06:00:00,293.5769,-34.5,-58.25
2025-03-29 07:00:00,293.3029,-34.5,-58.25
2025-03-29 08:00:00,292.97888,-34.5,-58.25
2025-03-29 09:00:00,292.7934,-34.5,-58.25
2025-03-29 10:00:00,293.4931,-34.5,-58.25
2025-03-29 11:00:00,293.312,-34.5,-58.25
2025-03-29 12:00:00,293.3943,-34.5,-58.25
2025-03-29 13:00:00,293.6839,-34.5,-58.25
2025-03-29 14:00:00,294.06998,-34.5,-58.25
2025-03-29 15:00:00,294.52246,-34.5,-58.25
2025-03-29 16:00:00,295.07733,-34.5,-58.25
2025-03-29 17:00:00,295.45486,-34.5,-58.25
2025-03-29 18:00:00,295.8556,-34.5,-58.25
2025-03-29 19:00:00,296.30847,-34.5,-58.25
2025-03-29 20:00:00,296.73303,-34.5,-58.25
2025-03-29 21:00:00,296.96518,-34.5,-58.25
2025-03-29 22:00:00,296.9869,-34.5,-58.25
2025-03-29 23:00:00,297.0357,-34.5,-58.25
2025-03-30 00:00:00,296.9958,-34.5,-58.25
2025-03-30 01:00:00,296.88367,-34.5,-58.25
2025-03-30 02:00:00,296.6681,-34.5,-58.25
2025-03-30 03:00:00,296.23053,-34.5,-58.25
2025-03-30 04:00:00,295.70807,-34.5,-58.25
2025-03-30 05:00:00,295.32996,-34.5,-58.25
2025-03-30 06:00:00,295.13467,-34.5,-58.25
2025-03-30 07:00:00,295.01678,-34.5,-58.25
2025-03-30 08:00:00,294.8396,-34.5,-58.25
2025-03-30 09:00:00,294.69412,-34.5,-58.25
2025-03-30 10:00:00,294.58582,-34.5,-58.25
2025-03-30 11:00:00,294.70343,-34.5,-58.25
2025-03-30 12:00:00,294.96463,-34.5,-58.25
2025-03-30 13:00:00,295.46527,-34.5,-58.25
2025-03-30 14:00:00,296.33527,-34.5,-58.25
2025-03-30 15:00:00,297.32196,-34.5,-58.25
2025-03-30 16:00:00,298.1324,-34.5,-58.25
2025-03-30 17:00:00,298.72702,-34.5,-58.25
2025-03-30 18:00:00,299.12207,-34.5,-58.25
2025-03-30 19:00:00,299.36172,-34.5,-58.25
2025-03-30 20:00:00,299.58865,-34.5,-58.25
2025-03-30 21:00:00,299.65167,-34.5,-58.25
2025-03-30 22:00:00,298.88623,-34.5,-58.25
2025-03-30 23:00:00,296.69122,-34.5,-58.25
2025-03-31 00:00:00,296.25482,-34.5,-58.25
2025-03-31 01:00:00,296.2077,-34.5,-58.25
2025-03-31 02:00:00,296.27914,-34.5,-58.25
2025-03-31 03:00:00,291.7669,-34.5,-58.25
2025-03-31 04:00:00,289.98044,-34.5,-58.25
2025-03-31 05:00:00,290.40625,-34.5,-58.25
2025-03-31 06:00:00,290.4599,-34.5,-58.25
2025-03-31 07:00:00,289.9152,-34.5,-58.25
2025-03-31 08:00:00,289.6569,-34.5,-58.25
2025-03-31 09:00:00,289.3255,-34.5,-58.25
2025-03-31 10:00:00,289.04968,-34.5,-58.25
2025-03-31 11:00:00,288.77002,-34.5,-58.25
2025-03-31 12:00:00,289.0747,-34.5,-58.25
2025-03-31 13:00:00,289.41623,-34.5,-58.25
2025-03-31 14:00:00,289.8036,-34.5,-58.25
2025-03-31 15:00:00,290.72626,-34.5,-58.25
2025-03-31 16:00:00,291.7506,-34.5,-58.25
2025-03-31 17:00:00,292.28976,-34.5,-58.25
2025-03-31 18:00:00,292.54724,-34.5,-58.25
2025-03-31 19:00:00,292.68774,-34.5,-58.25
2025-03-31 20:00:00,292.5242,-34.5,-58.25
2025-03-31 21:00:00,292.28143,-34.5,-58.25
2025-03-31 22:00:00,292.3803,-34.5,-58.25
2025-03-31 23:00:00,292.08228,-34.5,-58.25
2025-04-01 00:00:00,291.73843,-34.5,-58.25
2025-04-01 01:00:00,291.51245,-34.5,-58.25
2025-04-01 02:00:00,291.2013,-34.5,-58.25
2025-04-01 03:00:00,290.95053,-34.5,-58.25
2025-04-01 04:00:00,290.64215,-34.5,-58.25
2025-04-01 05:00:00,290.14716,-34.5,-58.25
2025-04-01 06:00:00,289.5885,-34.5,-58.25
2025-04-01 07:00:00,289.14178,-34.5,-58.25
2025-04-01 08:00:00,288.8777,-34.5,-58.25
2025-04-01 09:00:00,288.75146,-34.5,-58.25
2025-04-01 10:00:00,288.32477,-34.5,-58.25
2025-04-01 11:00:00,288.54556,-34.5,-58.25
2025-04-01 12:00:00,289.1311,-34.5,-58.25
2025-04-01 13:00:00,289.78784,-34.5,-58.25
2025-04-01 14:00:00,290.35266,-34.5,-58.25
2025-04-01 15:00:00,290.75128,-34.5,-58.25
2025-04-01 16:00:00,291.0357,-34.5,-58.25
2025-04-01 17:00:00,291.1988,-34.5,-58.25
2025-04-01 18:00:00,291.42154,-34.5,-58.25
2025-04-01 19:00:00,291.76913,-34.5,-58.25
2025-04-01 20:00:00,292.24072,-34.5,-58.25
2025-04-01 21:00:00,292.93478,-34.5,-58.25
2025-04-01 22:00:00,294.56824,-34.5,-58.25
2025-04-01 23:00:00,294.7072,-34.5,-58.25
2025-04-02 00:00:00,294.52643,-34.5,-58.25
2025-04-02 01:00:00,294.3297,-34.5,-58.25
2025-04-02 02:00:00,294.1018,-34.5,-58.25
2025-04-02 03:00:00,293.72656,-34.5,-58.25
2025-04-02 04:00:00,293.40027,-34.5,-58.25
2025-04-02 05:00:00,293.10602,-34.5,-58.25
2025-04-02 06:00:00,292.8884,-34.5,-58.25
2025-04-02 07:00:00,292.61713,-34.5,-58.25
2025-04-02 08:00:00,292.32736,-34.5,-58.25
2025-04-02 09:00:00,291.98334,-34.5,-58.25
2025-04-02 10:00:00,291.24075,-34.5,-58.25
2025-04-02 11:00:00,290.9356,-34.5,-58.25
2025-04-02 12:00:00,291.02414,-34.5,-58.25
2025-04-02 13:00:00,291.49677,-34.5,-58.25
2025-04-02 14:00:00,292.1278,-34.5,-58.25
2025-04-02 15:00:00,292.54242,-34.5,-58.25
2025-04-02 16:00:00,292.96472,-34.5,-58.25
2025-04-02 17:00:00,293.31125,-34.5,-58.25
2025-04-02 18:00:00,293.65817,-34.5,-58.25
2025-04-02 19:00:00,293.9865,-34.5,-58.25
2025-04-02 20:00:00,294.21124,-34.5,-58.25
2025-04-02 21:00:00,294.31586,-34.5,-58.25
2025-04-02 22:00:00,294.74127,-34.5,-58.25
2025-04-02 23:00:00,294.66797,-34.5,-58.25
2025-04-03 00:00:00,294.51688,-34.5,-58.25
2025-04-03 01:00:00,294.24762,-34.5,-58.25
2025-04-03 02:00:00,293.94543,-34.5,-58.25
2025-04-03 03:00:00,293.62903,-34.5,-58.25
2025-04-03 04:00:00,293.3495,-34.5,-58.25
2025-04-03 05:00:00,292.94812,-34.5,-58.25
2025-04-03 06:00:00,292.47784,-34.5,-58.25
2025-04-03 07:00:00,291.99997,-34.5,-58.25
2025-04-03 08:00:00,291.48544,-34.5,-58.25
2025-04-03 09:00:00,290.9812,-34.5,-58.25
2025-04-03 10:00:00,290.36414,-34.5,-58.25
2025-04-03 11:00:00,290.10565,-34.5,-58.25
2025-04-03 12:00:00,290.21585,-34.5,-58.25
2025-04-03 13:00:00,290.80643,-34.5,-58.25
2025-04-03 14:00:00,291.66193,-34.5,-58.25
2025-04-03 15:00:00,292.53873,-34.5,-58.25
2025-04-03 16:00:00,293.17877,-34.5,-58.25
2025-04-03 17:00:00,293.377,-34.5,-58.25
2025-04-03 18:00:00,293.2276,-34.5,-58.25
2025-04-03 19:00:00,292.66486,-34.5,-58.25
2025-04-03 20:00:00,291.85425,-34.5,-58.25
2025-04-03 21:00:00,291.2522,-34.5,-58.25
2025-04-03 22:00:00,289.35333,-34.5,-58.25
2025-04-03 23:00:00,288.15845,-34.5,-58.25
2025-04-04 00:00:00,287.47385,-34.5,-58.25
2025-04-04 01:00:00,287.00568,-34.5,-58.25
2025-04-04 02:00:00,286.4925,-34.5,-58.25
2025-04-04 03:00:00,285.90625,-34.5,-58.25
2025-04-04 04:00:00,285.40292,-34.5,-58.25
2025-04-04 05:00:00,285.0199,-34.5,-58.25
2025-04-04 06:00:00,284.70557,-34.5,-58.25
2025-04-04 07:00:00,284.42798,-34.5,-58.25
2025-04-04 08:00:00,284.17194,-34.5,-58.25
2025-04-04 09:00:00,283.94202,-34.5,-58.25
2025-04-04 10:00:00,283.7072,-34.5,-58.25
2025-04-04 11:00:00,283.60297,-34.5,-58.25
2025-04-04 12:00:00,283.86456,-34.5,-58.25
2025-04-04 13:00:00,284.45343,-34.5,-58.25
2025-04-04 14:00:00,285.2575,-34.5,-58.25
2025-04-04 15:00:00,286.02716,-34.5,-58.25
2025-04-04 16:00:00,286.54324,-34.5,-58.25
2025-04-04 17:00:00,286.95197,-34.5,-58.25
2025-04-04 18:00:00,287.28326,-34.5,-58.25
2025-04-04 19:00:00,287.56256,-34.5,-58.25
2025-04-04 20:00:00,287.73795,-34.5,-58.25
2025-04-04 21:00:00,287.78876,-34.5,-58.25
2025-04-04 22:00:00,288.0185,-34.5,-58.25
2025-04-04 23:00:00,287.92273,-34.5,-58.25
2025-04-05 00:00:00,287.83667,-34.5,-58.25
2025-04-05 01:00:00,287.81134,-34.5,-58.25
2025-04-05 02:00:00,287.83728,-34.5,-58.25
2025-04-05 03:00:00,287.90652,-34.5,-58.25
2025-04-05 04:00:00,288.0345,-34.5,-58.25
2025-04-05 05:00:00,288.21558,-34.5,-58.25
2025-04-05 06:00:00,288.27417,-34.5,-58.25
2025-04-05 07:00:00,288.36905,-34.5,-58.25
2025-04-05 08:00:00,288.45007,-34.5,-58.25
2025-04-05 09:00:00,288.411,-34.5,-58.25
2025-04-05 10:00:00,288.20023,-34.5,-58.25
2025-04-05 11:00:00,288.1184,-34.5,-58.25
2025-04-05 12:00:00,288.1667,-34.5,-58.25
2025-04-05 13:00:00,288.22272,-34.5,-58.25
2025-04-05 14:00:00,288.29608,-34.5,-58.25
2025-04-05 15:00:00,288.482,-34.5,-58.25
2025-04-05 16:00:00,288.8098,-34.5,-58.25
2025-04-05 17:00:00,289.21136,-34.5,-58.25
2025-04-05 18:00:00,289.58954,-34.5,-58.25
2025-04-05 19:00:00,290.0691,-34.5,-58.25
2025-04-05 20:00:00,290.57758,-34.5,-58.25
2025-04-05 21:00:00,291.05566,-34.5,-58.25
2025-04-05 22:00:00,291.5916,-34.5,-58.25
2025-04-05 23:00:00,291.98138,-34.5,-58.25
2025-04-06 00:00:00,292.07162,-34.5,-58.25
2025-04-06 01:00:00,292.06088,-34.5,-58.25
2025-04-06 02:00:00,291.81494,-34.5,-58.25
2025-04-06 03:00:00,291.36237,-34.5,-58.25
2025-04-06 04:00:00,290.86197,-34.5,-58.25
2025-04-06 05:00:00,290.4413,-34.5,-58.25
2025-04-06 06:00:00,290.09607,-34.5,-58.25
2025-04-06 07:00:00,289.77713,-34.5,-58.25
2025-04-06 08:00:00,289.50635,-34.5,-58.25
2025-04-06 09:00:00,289.3402,-34.5,-58.25
2025-04-06 10:00:00,289.24146,-34.5,-58.25
2025-04-06 11:00:00,289.19357,-34.5,-58.25
2025-04-06 12:00:00,289.1748,-34.5,-58.25
2025-04-06 13:00:00,289.37585,-34.5,-58.25
2025-04-06 14:00:00,289.9627,-34.5,-58.25
2025-04-06 15:00:00,290.8661,-34.5,-58.25
2025-04-06 16:00:00,291.87823,-34.5,-58.25
2025-04-06 17:00:00,292.8413,-34.5,-58.25
2025-04-06 18:00:00,293.53726,-34.5,-58.25
2025-04-06 19:00:00,293.88727,-34.5,-58.25
2025-04-06 20:00:00,293.7619,-34.5,-58.25
2025-04-06 21:00:00,293.62738,-34.5,-58.25
2025-04-06 22:00:00,293.71735,-34.5,-58.25
2025-04-06 23:00:00,293.89984,-34.5,-58.25
2025-04-07 00:00:00,294.02423,-34.5,-58.25
2025-04-07 01:00:00,293.91904,-34.5,-58.25
2025-04-07 02:00:00,293.54108,-34.5,-58.25
2025-04-07 03:00:00,293.07922,-34.5,-58.25
2025-04-07 04:00:00,292.5935,-34.5,-58.25
2025-04-07 05:00:00,292.18634,-34.5,-58.25
2025-04-07 06:00:00,292.01978,-34.5,-58.25
2025-04-07 07:00:00,291.79526,-34.5,-58.25
2025-04-07 08:00:00,291.61975,-34.5,-58.25
2025-04-07 09:00:00,291.4258,-34.5,-58.25
2025-04-07 10:00:00,290.94955,-34.5,-58.25
2025-04-07 11:00:00,290.85602,-34.5,-58.25
2025-04-07 12:00:00,290.72272,-34.5,-58.25
2025-04-07 13:00:00,290.6821,-34.5,-58.25
2025-04-07 14:00:00,290.76273,-34.5,-58.25
2025-04-07 15:00:00,290.95276,-34.5,-58.25
2025-04-07 16:00:00,291.18018,-34.5,-58.25
2025-04-07 17:00:00,291.37848,-34.5,-58.25
2025-04-07 18:00:00,291.79355,-34.5,-58.25
2025-04-07 19:00:00,291.68765,-34.5,-58.25
2025-04-07 20:00:00,291.46948,-34.5,-58.25
2025-04-07 21:00:00,291.28635,-34.5,-58.25
2025-04-07 22:00:00,291.59167,-34.5,-58.25
2025-04-07 23:00:00,291.50485,-34.5,-58.25
2025-04-08 00:00:00,291.6128,-34.5,-58.25
2025-04-08 01:00:00,291.71326,-34.5,-58.25
2025-04-08 02:00:00,291.6966,-34.5,-58.25
2025-04-08 03:00:00,291.67133,-34.5,-58.25
2025-04-08 04:00:00,291.7243,-34.5,-58.25
2025-04-08 05:00:00,291.851,-34.5,-58.25
2025-04-08 06:00:00,291.9964,-34.5,-58.25
2025-04-08 07:00:00,291.8772,-34.5,-58.25
2025-04-08 08:00:00,292.0806,-34.5,-58.25
2025-04-08 09:00:00,292.1669,-34.5,-58.25
2025-04-08 10:00:00,292.12885,-34.5,-58.25
2025-04-08 11:00:00,292.25986,-34.5,-58.25
2025-04-08 12:00:00,292.42807,-34.5,-58.25
2025-04-08 13:00:00,292.5813,-34.5,-58.25
2025-04-08 14:00:00,292.747,-34.5,-58.25
2025-04-08 15:00:00,292.83038,-34.5,-58.25
2025-04-08 16:00:00,292.92535,-34.5,-58.25
2025-04-08 17:00:00,292.9463,-34.5,-58.25
2025-04-08 18:00:00,293.1349,-34.5,-58.25
2025-04-08 19:00:00,293.26447,-34.5,-58.25
2025-04-08 20:00:00,293.2061,-34.5,-58.25
2025-04-08 21:00:00,293.1286,-34.5,-58.25
2025-04-08 22:00:00,293.16492,-34.5,-58.25
2025-04-08 23:00:00,292.98645,-34.5,-58.25
2025-04-09 00:00:00,292.91693,-34.5,-58.25
2025-04-09 01:00:00,292.84314,-34.5,-58.25
2025-04-09 02:00:00,292.77692,-34.5,-58.25
2025-04-09 03:00:00,292.6435,-34.5,-58.25
2025-04-09 04:00:00,292.6229,-34.5,-58.25
2025-04-09 05:00:00,292.59747,-34.5,-58.25
2025-04-09 06:00:00,292.5978,-34.5,-58.25
2025-04-09 07:00:00,292.5788,-34.5,-58.25
2025-04-09 08:00:00,292.56854,-34.5,-58.25
2025-04-09 09:00:00,292.5739,-34.5,-58.25
2025-04-09 10:00:00,292.39093,-34.5,-58.25
2025-04-09 11:00:00,292.4683,-34.5,-58.25
2025-04-09 12:00:00,292.62604,-34.5,-58.25
2025-04-09 13:00:00,292.74628,-34.5,-58.25
2025-04-09 14:00:00,292.76782,-34.5,-58.25
2025-04-09 15:00:00,292.79346,-34.5,-58.25
2025-04-09 16:00:00,292.93713,-34.5,-58.25
2025-04-09 17:00:00,293.0824,-34.5,-58.25
2025-04-09 18:00:00,293.27106,-34.5,-58.25
2025-04-09 19:00:00,293.34293,-34.5,-58.25
2025-04-09 20:00:00,293.40198,-34.5,-58.25
2025-04-09 21:00:00,293.31085,-34.5,-58.25
2025-04-09 22:00:00,293.5032,-34.5,-58.25
2025-04-09 23:00:00,293.44263,-34.5,-58.25
2025-04-10 00:00:00,293.37402,-34.5,-58.25
2025-04-10 01:00:00,293.203,-34.5,-58.25
2025-04-10 02:00:00,292.96997,-34.5,-58.25
2025-04-10 03:00:00,292.74033,-34.5,-58.25
2025-04-10 04:00:00,292.5514,-34.5,-58.25
2025-04-10 05:00:00,292.40662,-34.5,-58.25
2025-04-10 06:00:00,292.2278,-34.5,-58.25
2025-04-10 07:00:00,292.09985,-34.5,-58.25
2025-04-10 08:00:00,292.0044,-34.5,-58.25
2025-04-10 09:00:00,291.95248,-34.5,-58.25
2025-04-10 10:00:00,291.7963,-34.5,-58.25
2025-04-10 11:00:00,291.9475,-34.5,-58.25
2025-04-10 12:00:00,292.09912,-34.5,-58.25
2025-04-10 13:00:00,292.24982,-34.5,-58.25
2025-04-10 14:00:00,292.60684,-34.5,-58.25
2025-04-10 15:00:00,292.94226,-34.5,-58.25
2025-04-10 16:00:00,293.14673,-34.5,-58.25
2025-04-10 17:00:00,293.48053,-34.5,-58.25
2025-04-10 18:00:00,293.575,-34.5,-58.25
2025-04-10 19:00:00,293.67877,-34.5,-58.25
2025-04-10 20:00:00,293.72583,-34.5,-58.25
2025-04-10 21:00:00,293.7728,-34.5,-58.25
2025-04-10 22:00:00,293.80908,-34.5,-58.25
2025-04-10 23:00:00,293.75638,-34.5,-58.25
2025-04-11 00:00:00,293.65656,-34.5,-58.25
2025-04-11 01:00:00,293.43857,-34.5,-58.25
2025-04-11 02:00:00,293.278,-34.5,-58.25
2025-04-11 03:00:00,293.09186,-34.5,-58.25
2025-04-11 04:00:00,293.03754,-34.5,-58.25
2025-04-11 05:00:00,292.97495,-34.5,-58.25
2025-04-11 06:00:00,292.9505,-34.5,-58.25
2025-04-11 07:00:00,292.85632,-34.5,-58.25
2025-04-11 08:00:00,292.8172,-34.5,-58.25
2025-04-11 09:00:00,292.70117,-34.5,-58.25
2025-04-11 10:00:00,292.66376,-34.5,-58.25
2025-04-11 11:00:00,292.66983,-34.5,-58.25
2025-04-11 12:00:00,292.7149,-34.5,-58.25
2025-04-11 13:00:00,293.11853,-34.5,-58.25
2025-04-11 14:00:00,293.70435,-34.5,-58.25
2025-04-11 15:00:00,294.08945,-34.5,-58.25
2025-04-11 16:00:00,294.37024,-34.5,-58.25
2025-04-11 17:00:00,294.43958,-34.5,-58.25
2025-04-11 18:00:00,294.45767,-34.5,-58.25
2025-04-11 19:00:00,294.37988,-34.5,-58.25
2025-04-11 20:00:00,294.28326,-34.5,-58.25
2025-04-11 21:00:00,294.1195,-34.5,-58.25
2025-04-11 22:00:00,294.07867,-34.5,-58.25
2025-04-11 23:00:00,294.12994,-34.5,-58.25
2025-04-12 00:00:00,294.02454,-34.5,-58.25
2025-04-12 01:00:00,293.82898,-34.5,-58.25
2025-04-12 02:00:00,293.55,-34.5,-58.25
2025-04-12 03:00:00,293.34564,-34.5,-58.25
2025-04-12 04:00:00,293.27246,-34.5,-58.25
2025-04-12 05:00:00,293.0644,-34.5,-58.25
2025-04-12 06:00:00,293.01462,-34.5,-58.25
2025-04-12 07:00:00,293.05072,-34.5,-58.25
2025-04-12 08:00:00,292.9572,-34.5,-58.25
2025-04-12 09:00:00,292.89685,-34.5,-58.25
2025-04-12 10:00:00,292.82825,-34.5,-58.25
2025-04-12 11:00:00,292.91913,-34.5,-58.25
2025-04-12 12:00:00,293.00702,-34.5,-58.25
2025-04-12 13:00:00,293.17535,-34.5,-58.25
2025-04-12 14:00:00,293.50854,-34.5,-58.25
2025-04-12 15:00:00,293.95685,-34.5,-58.25
2025-04-12 16:00:00,294.37762,-34.5,-58.25
2025-04-12 17:00:00,294.82385,-34.5,-58.25
2025-04-12 18:00:00,294.9395,-34.5,-58.25
2025-04-12 19:00:00,294.52747,-34.5,-58.25
2025-04-12 20:00:00,294.47168,-34.5,-58.25
2025-04-12 21:00:00,294.07147,-34.5,-58.25
2025-04-12 22:00:00,293.00964,-34.5,-58.25
2025-04-12 23:00:00,292.4712,-34.5,-58.25
2025-04-13 00:00:00,292.08557,-34.5,-58.25
2025-04-13 01:00:00,291.76233,-34.5,-58.25
2025-04-13 02:00:00,291.43762,-34.5,-58.25
2025-04-13 03:00:00,291.01984,-34.5,-58.25
2025-04-13 04:00:00,290.5969,-34.5,-58.25
2025-04-13 05:00:00,290.21085,-34.5,-58.25
2025-04-13 06:00:00,289.86884,-34.5,-58.25
2025-04-13 07:00:00,289.5479,-34.5,-58.25
2025-04-13 08:00:00,289.21716,-34.5,-58.25
2025-04-13 09:00:00,288.88736,-34.5,-58.25
2025-04-13 10:00:00,288.34927,-34.5,-58.25
2025-04-13 11:00:00,288.11584,-34.5,-58.25
2025-04-13 12:00:00,288.29825,-34.5,-58.25
2025-04-13 13:00:00,288.98145,-34.5,-58.25
2025-04-13 14:00:00,289.90222,-34.5,-58.25
2025-04-13 15:00:00,290.78903,-34.5,-58.25
2025-04-13 16:00:00,291.5644,-34.5,-58.25
2025-04-13 17:00:00,292.14984,-34.5,-58.25
2025-04-13 18:00:00,292.54358,-34.5,-58.25
2025-04-13 19:00:00,292.8955,-34.5,-58.25
2025-04-13 20:00:00,293.09323,-34.5,-58.25
2025-04-13 21:00:00,293.1263,-34.5,-58.25
2025-04-13 22:00:00,293.30133,-34.5,-58.25
2025-04-13 23:00:00,293.09476,-34.5,-58.25
2025-04-14 00:00:00,292.901,-34.5,-58.25
2025-04-14 01:00:00,292.7256,-34.5,-58.25
2025-04-14 02:00:00,292.5125,-34.5,-58.25
2025-04-14 03:00:00,292.23843,-34.5,-58.25
2025-04-14 04:00:00,291.8548,-34.5,-58.25
2025-04-14 05:00:00,291.45734,-34.5,-58.25
2025-04-14 06:00:00,291.03412,-34.5,-58.25
2025-04-14 07:00:00,290.60074,-34.5,-58.25
2025-04-14 08:00:00,290.31976,-34.5,-58.25
2025-04-14 09:00:00,290.13843,-34.5,-58.25
2025-04-14 10:00:00,289.86758,-34.5,-58.25
2025-04-14 11:00:00,289.95557,-34.5,-58.25
2025-04-14 12:00:00,290.24762,-34.5,-58.25
2025-04-14 13:00:00,290.63745,-34.5,-58.25
2025-04-14 14:00:00,290.98987,-34.5,-58.25
2025-04-14 15:00:00,291.35126,-34.5,-58.25
2025-04-14 16:00:00,291.6048,-34.5,-58.25
2025-04-14 17:00:00,291.87454,-34.5,-58.25
2025-04-14 18:00:00,291.99258,-34.5,-58.25
2025-04-14 19:00:00,292.0454,-34.5,-58.25
2025-04-14 20:00:00,291.9975,-34.5,-58.25
2025-04-14 21:00:00,291.77893,-34.5,-58.25
2025-04-14 22:00:00,291.78088,-34.5,-58.25
2025-04-14 23:00:00,291.53204,-34.5,-58.25
2025-04-15 00:00:00,291.46234,-34.5,-58.25
2025-04-15 01:00:00,291.44427,-34.5,-58.25
2025-04-15 02:00:00,291.3835,-34.5,-58.25
2025-04-15 03:00:00,291.1801,-34.5,-58.25
2025-04-15 04:00:00,290.93872,-34.5,-58.25
2025-04-15 05:00:00,290.72488,-34.5,-58.25
2025-04-15 06:00:00,290.49866,-34.5,-58.25
2025-04-15 07:00:00,290.3119,-34.5,-58.25
2025-04-15 08:00:00,290.22372,-34.5,-58.25
2025-04-15 09:00:00,290.06555,-34.5,-58.25
2025-04-15 10:00:00,289.88342,-34.5,-58.25
2025-04-15 11:00:00,289.77167,-34.5,-58.25
2025-04-15 12:00:00,289.74457,-34.5,-58.25
2025-04-15 13:00:00,289.76303,-34.5,-58.25
2025-04-15 14:00:00,290.08655,-34.5,-58.25
2025-04-15 15:00:00,290.6855,-34.5,-58.25
2025-04-15 16:00:00,291.26782,-34.5,-58.25
2025-04-15 17:00:00,291.75525,-34.5,-58.25
2025-04-15 18:00:00,292.05923,-34.5,-58.25
2025-04-15 19:00:00,292.14932,-34.5,-58.25
2025-04-15 20:00:00,292.17188,-34.5,-58.25
2025-04-15 21:00:00,292.1413,-34.5,-58.25
2025-04-15 22:00:00,291.58936,-34.5,-58.25
2025-04-15 23:00:00,291.4372,-34.5,-58.25
2025-04-16 00:00:00,291.22815,-34.5,-58.25
2025-04-16 01:00:00,291.0649,-34.5,-58.25
2025-04-16 02:00:00,290.93463,-34.5,-58.25
2025-04-16 03:00:00,290.8723,-34.5,-58.25
2025-04-16 04:00:00,290.88525,-34.5,-58.25
2025-04-16 05:00:00,290.83478,-34.5,-58.25
2025-04-16 06:00:00,290.75427,-34.5,-58.25
2025-04-16 07:00:00,290.65787,-34.5,-58.25
2025-04-16 08:00:00,290.17648,-34.5,-58.25
2025-04-16 09:00:00,289.78375,-34.5,-58.25
2025-04-16 10:00:00,288.48193,-34.5,-58.25
2025-04-16 11:00:00,288.1835,-34.5,-58.25
2025-04-16 12:00:00,288.3009,-34.5,-58.25
2025-04-16 13:00:00,288.57263,-34.5,-58.25
2025-04-16 14:00:00,289.1845,-34.5,-58.25
2025-04-16 15:00:00,289.57727,-34.5,-58.25
2025-04-16 16:00:00,289.9241,-34.5,-58.25
2025-04-16 17:00:00,290.2315,-34.5,-58.25
2025-04-16 18:00:00,290.54874,-34.5,-58.25
2025-04-16 19:00:00,290.67407,-34.5,-58.25
2025-04-16 20:00:00,290.72186,-34.5,-58.25
2025-04-16 21:00:00,290.86902,-34.5,-58.25
2025-04-16 22:00:00,291.2851,-34.5,-58.25
2025-04-16 23:00:00,291.31488,-34.5,-58.25
2025-04-17 00:00:00,291.05124,-34.5,-58.25
2025-04-17 01:00:00,290.79404,-34.5,-58.25
2025-04-17 02:00:00,290.6488,-34.5,-58.25
2025-04-17 03:00:00,290.55573,-34.5,-58.25
2025-04-17 04:00:00,290.53046,-34.5,-58.25
2025-04-17 05:00:00,290.4477,-34.5,-58.25
2025-04-17 06:00:00,290.2931,-34.5,-58.25
2025-04-17 07:00:00,290.09662,-34.5,-58.25
2025-04-17 08:00:00,290.14005,-34.5,-58.25
2025-04-17 09:00:00,290.14795,-34.5,-58.25
2025-04-17 10:00:00,290.3909,-34.5,-58.25
2025-04-17 11:00:00,290.58502,-34.5,-58.25
2025-04-17 12:00:00,290.82562,-34.5,-58.25
2025-04-17 13:00:00,291.0829,-34.5,-58.25
2025-04-17 14:00:00,291.44577,-34.5,-58.25
2025-04-17 15:00:00,291.87488,-34.5,-58.25
2025-04-17 16:00:00,292.36536,-34.5,-58.25
2025-04-17 17:00:00,292.66064,-34.5,-58.25
2025-04-17 18:00:00,292.80554,-34.5,-58.25
2025-04-17 19:00:00,292.81927,-34.5,-58.25
2025-04-17 20:00:00,292.53928,-34.5,-58.25
2025-04-17 21:00:00,292.03375,-34.5,-58.25
2025-04-17 22:00:00,291.67435,-34.5,-58.25
2025-04-17 23:00:00,291.64282,-34.5,-58.25
2025-04-18 00:00:00,291.66437,-34.5,-58.25
2025-04-18 01:00:00,291.6264,-34.5,-58.25
2025-04-18 02:00:00,291.58002,-34.5,-58.25
2025-04-18 03:00:00,291.67242,-34.5,-58.25
2025-04-18 04:00:00,291.70227,-34.5,-58.25
2025-04-18 05:00:00,291.52435,-34.5,-58.25
2025-04-18 06:00:00,291.30917,-34.5,-58.25
2025-04-18 07:00:00,291.32394,-34.5,-58.25
2025-04-18 08:00:00,291.2918,-34.5,-58.25
2025-04-18 09:00:00,291.10016,-34.5,-58.25
2025-04-18 10:00:00,289.9112,-34.5,-58.25
2025-04-18 11:00:00,289.40567,-34.5,-58.25
2025-04-18 12:00:00,289.12872,-34.5,-58.25
2025-04-18 13:00:00,289.40088,-34.5,-58.25
2025-04-18 14:00:00,289.7868,-34.5,-58.25
2025-04-18 15:00:00,290.473,-34.5,-58.25
2025-04-18 16:00:00,291.15997,-34.5,-58.25
2025-04-18 17:00:00,291.88107,-34.5,-58.25
2025-04-18 18:00:00,292.4994,-34.5,-58.25
2025-04-18 19:00:00,292.99268,-34.5,-58.25
2025-04-18 20:00:00,293.13885,-34.5,-58.25
2025-04-18 21:00:00,292.78906,-34.5,-58.25
2025-04-18 22:00:00,292.28986,-34.5,-58.25
2025-04-18 23:00:00,291.6997,-34.5,-58.25
2025-04-19 00:00:00,290.94174,-34.5,-58.25
2025-04-19 01:00:00,290.30414,-34.5,-58.25
2025-04-19 02:00:00,289.75415,-34.5,-58.25
2025-04-19 03:00:00,289.14526,-34.5,-58.25
2025-04-19 04:00:00,288.57452,-34.5,-58.25
2025-04-19 05:00:00,288.10825,-34.5,-58.25
2025-04-19 06:00:00,287.67926,-34.5,-58.25
2025-04-19 07:00:00,287.31445,-34.5,-58.25
2025-04-19 08:00:00,286.93073,-34.5,-58.25
2025-04-19 09:00:00,286.5856,-34.5,-58.25
2025-04-19 10:00:00,286.05322,-34.5,-58.25
2025-04-19 11:00:00,285.79565,-34.5,-58.25
2025-04-19 12:00:00,285.86407,-34.5,-58.25
2025-04-19 13:00:00,286.3681,-34.5,-58.25
2025-04-19 14:00:00,287.0838,-34.5,-58.25
2025-04-19 15:00:00,287.86053,-34.5,-58.25
2025-04-19 16:00:00,288.56555,-34.5,-58.25
2025-04-19 17:00:00,289.1767,-34.5,-58.25
2025-04-19 18:00:00,289.76428,-34.5,-58.25
2025-04-19 19:00:00,290.25598,-34.5,-58.25
2025-04-19 20:00:00,290.568,-34.5,-58.25
2025-04-19 21:00:00,290.57666,-34.5,-58.25
2025-04-19 22:00:00,290.7218,-34.5,-58.25
2025-04-19 23:00:00,290.51724,-34.5,-58.25
2025-04-20 00:00:00,290.35593,-34.5,-58.25
2025-04-20 01:00:00,290.12152,-34.5,-58.25
2025-04-20 02:00:00,289.89557,-34.5,-58.25
2025-04-20 03:00:00,289.5893,-34.5,-58.25
2025-04-20 04:00:00,289.305,-34.5,-58.25
2025-04-20 05:00:00,289.07788,-34.5,-58.25
2025-04-20 06:00:00,288.87463,-34.5,-58.25
2025-04-20 07:00:00,288.6872,-34.5,-58.25
2025-04-20 08:00:00,288.38275,-34.5,-58.25
2025-04-20 09:00:00,288.22052,-34.5,-58.25
2025-04-20 10:00:00,287.92078,-34.5,-58.25
2025-04-20 11:00:00,287.99377,-34.5,-58.25
2025-04-20 12:00:00,288.12616,-34.5,-58.25
2025-04-20 13:00:00,288.2171,-34.5,-58.25
2025-04-20 14:00:00,288.3736,-34.5,-58.25
2025-04-20 15:00:00,288.602,-34.5,-58.25
2025-04-20 16:00:00,288.819,-34.5,-58.25
2025-04-20 17:00:00,288.98755,-34.5,-58.25
2025-04-20 18:00:00,289.11865,-34.5,-58.25
2025-04-20 19:00:00,289.28714,-34.5,-58.25
2025-04-20 20:00:00,289.36896,-34.5,-58.25
2025-04-20 21:00:00,289.38666,-34.5,-58.25
2025-04-20 22:00:00,289.48514,-34.5,-58.25
2025-04-20 23:00:00,289.48944,-34.5,-58.25
2025-04-21 00:00:00,289.52808,-34.5,-58.25
2025-04-21 01:00:00,289.5453,-34.5,-58.25
2025-04-21 02:00:00,289.4864,-34.5,-58.25
2025-04-21 03:00:00,289.3299,-34.5,-58.25
2025-04-21 04:00:00,289.13843,-34.5,-58.25
2025-04-21 05:00:00,288.99335,-34.5,-58.25
2025-04-21 06:00:00,288.84927,-34.5,-58.25
2025-04-21 07:00:00,288.76685,-34.5,-58.25
2025-04-21 08:00:00,288.77847,-34.5,-58.25
2025-04-21 09:00:00,288.82098,-34.5,-58.25
2025-04-21 10:00:00,288.72687,-34.5,-58.25
2025-04-21 11:00:00,288.77313,-34.5,-58.25
2025-04-21 12:00:00,288.89307,-34.5,-58.25
2025-04-21 13:00:00,289.00037,-34.5,-58.25
2025-04-21 14:00:00,289.1579,-34.5,-58.25
2025-04-21 15:00:00,289.44116,-34.5,-58.25
2025-04-21 16:00:00,289.79596,-34.5,-58.25
2025-04-21 17:00:00,290.16544,-34.5,-58.25
2025-04-21 18:00:00,290.5243,-34.5,-58.25
2025-04-21 19:00:00,290.81137,-34.5,-58.25
2025-04-21 20:00:00,291.10242,-34.5,-58.25
2025-04-21 21:00:00,291.32922,-34.5,-58.25
2025-04-21 22:00:00,291.21844,-34.5,-58.25
2025-04-21 23:00:00,291.34943,-34.5,-58.25
2025-04-22 00:00:00,291.45825,-34.5,-58.25
2025-04-22 01:00:00,291.48578,-34.5,-58.25
2025-04-22 02:00:00,291.45538,-34.5,-58.25
2025-04-22 03:00:00,291.31177,-34.5,-58.25
2025-04-22 04:00:00,291.14783,-34.5,-58.25
2025-04-22 05:00:00,291.09906,-34.5,-58.25
2025-04-22 06:00:00,291.00305,-34.5,-58.25
2025-04-22 07:00:00,290.9075,-34.5,-58.25
2025-04-22 08:00:00,290.79156,-34.5,-58.25
2025-04-22 09:00:00,290.7318,-34.5,-58.25
2025-04-22 10:00:00,290.83286,-34.5,-58.25
2025-04-22 11:00:00,290.78577,-34.5,-58.25
2025-04-22 12:00:00,290.78094,-34.5,-58.25
2025-04-22 13:00:00,290.935,-34.5,-58.25
2025-04-22 14:00:00,291.34338,-34.5,-58.25
2025-04-22 15:00:00,291.89795,-34.5,-58.25
2025-04-22 16:00:00,292.4505,-34.5,-58.25
2025-04-22 17:00:00,292.84033,-34.5,-58.25
2025-04-22 18:00:00,292.95135,-34.5,-58.25
2025-04-22 19:00:00,293.00415,-34.5,-58.25
2025-04-22 20:00:00,293.0198,-34.5,-58.25
2025-04-22 21:00:00,292.9136,-34.5,-58.25
2025-04-22 22:00:00,292.9522,-34.5,-58.25
2025-04-22 23:00:00,293.18207,-34.5,-58.25
2025-04-23 00:00:00,293.23553,-34.5,-58.25
2025-04-23 01:00:00,293.18115,-34.5,-58.25
2025-04-23 02:00:00,293.02426,-34.5,-58.25
2025-04-23 03:00:00,292.85596,-34.5,-58.25
2025-04-23 04:00:00,292.6659,-34.5,-58.25
2025-04-23 05:00:00,292.49518,-34.5,-58.25
2025-04-23 06:00:00,292.27203,-34.5,-58.25
2025-04-23 07:00:00,292.00153,-34.5,-58.25
2025-04-23 08:00:00,291.73895,-34.5,-58.25
2025-04-23 09:00:00,291.55597,-34.5,-58.25
2025-04-23 10:00:00,291.79858,-34.5,-58.25
2025-04-23 11:00:00,291.68268,-34.5,-58.25
2025-04-23 12:00:00,291.70227,-34.5,-58.25
2025-04-23 13:00:00,291.899,-34.5,-58.25
2025-04-23 14:00:00,292.29977,-34.5,-58.25
2025-04-23 15:00:00,292.67206,-34.5,-58.25
2025-04-23 16:00:00,292.96936,-34.5,-58.25
2025-04-23 17:00:00,293.32135,-34.5,-58.25
2025-04-23 18:00:00,293.57922,-34.5,-58.25
2025-04-23 19:00:00,293.7526,-34.5,-58.25
2025-04-23 20:00:00,293.78256,-34.5,-58.25
2025-04-23 21:00:00,293.57996,-34.5,-58.25
2025-04-23 22:00:00,293.87146,-34.5,-58.25
2025-04-23 23:00:00,293.6834,-34.5,-58.25
2025-04-24 00:00:00,293.47537,-34.5,-58.25
2025-04-24 01:00:00,293.2119,-34.5,-58.25
2025-04-24 02:00:00,292.93488,-34.5,-58.25
2025-04-24 03:00:00,292.6425,-34.5,-58.25
2025-04-24 04:00:00,292.3607,-34.5,-58.25
2025-04-24 05:00:00,292.08392,-34.5,-58.25
2025-04-24 06:00:00,291.7951,-34.5,-58.25
2025-04-24 07:00:00,291.57867,-34.5,-58.25
2025-04-24 08:00:00,291.20303,-34.5,-58.25
2025-04-24 09:00:00,290.87463,-34.5,-58.25
2025-04-24 10:00:00,291.17432,-34.5,-58.25
2025-04-24 11:00:00,291.3257,-34.5,-58.25
2025-04-24 12:00:00,291.65845,-34.5,-58.25
2025-04-24 13:00:00,291.94543,-34.5,-58.25
2025-04-24 14:00:00,292.15332,-34.5,-58.25
2025-04-24 15:00:00,292.2622,-34.5,-58.25
2025-04-24 16:00:00,292.39575,-34.5,-58.25
2025-04-24 17:00:00,292.42633,-34.5,-58.25
2025-04-24 18:00:00,292.44858,-34.5,-58.25
2025-04-24 19:00:00,292.46765,-34.5,-58.25
2025-04-24 20:00:00,292.3829,-34.5,-58.25
2025-04-24 21:00:00,292.32706,-34.5,-58.25
2025-04-24 22:00:00,292.33325,-34.5,-58.25
2025-04-24 23:00:00,292.27072,-34.5,-58.25
2025-04-25 00:00:00,292.26004,-34.5,-58.25
2025-04-25 01:00:00,292.2931,-34.5,-58.25
2025-04-25 02:00:00,292.3944,-34.5,-58.25
2025-04-25 03:00:00,292.44632,-34.5,-58.25
2025-04-25 04:00:00,292.5235,-34.5,-58.25
2025-04-25 05:00:00,292.54532,-34.5,-58.25
2025-04-25 06:00:00,292.53058,-34.5,-58.25
2025-04-25 07:00:00,292.4726,-34.5,-58.25
2025-04-25 08:00:00,292.45264,-34.5,-58.25
2025-04-25 09:00:00,292.42615,-34.5,-58.25
2025-04-25 10:00:00,292.3509,-34.5,-58.25
2025-04-25 11:00:00,292.3311,-34.5,-58.25
2025-04-25 12:00:00,292.39594,-34.5,-58.25
2025-04-25 13:00:00,292.59326,-34.5,-58.25
2025-04-25 14:00:00,292.9422,-34.5,-58.25
2025-04-25 15:00:00,293.37997,-34.5,-58.25
2025-04-25 16:00:00,293.75922,-34.5,-58.25
2025-04-25 17:00:00,293.9886,-34.5,-58.25
2025-04-25 18:00:00,294.24664,-34.5,-58.25
2025-04-25 19:00:00,294.50354,-34.5,-58.25
2025-04-25 20:00:00,294.67734,-34.5,-58.25
2025-04-25 21:00:00,294.6648,-34.5,-58.25
2025-04-25 22:00:00,295.27042,-34.5,-58.25
2025-04-25 23:00:00,295.19058,-34.5,-58.25
2025-04-26 00:00:00,294.9317,-34.5,-58.25
2025-04-26 01:00:00,294.43494,-34.5,-58.25
2025-04-26 02:00:00,293.88806,-34.5,-58.25
2025-04-26 03:00:00,293.62915,-34.5,-58.25
2025-04-26 04:00:00,293.4919,-34.5,-58.25
2025-04-26 05:00:00,293.57098,-34.5,-58.25
2025-04-26 06:00:00,293.10785,-34.5,-58.25
2025-04-26 07:00:00,292.7063,-34.5,-58.25
2025-04-26 08:00:00,292.35022,-34.5,-58.25
2025-04-26 09:00:00,291.7454,-34.5,-58.25
2025-04-26 10:00:00,290.64926,-34.5,-58.25
2025-04-26 11:00:00,290.01535,-34.5,-58.25
2025-04-26 12:00:00,289.44275,-34.5,-58.25
2025-04-26 13:00:00,289.34946,-34.5,-58.25
2025-04-26 14:00:00,289.55072,-34.5,-58.25
2025-04-26 15:00:00,289.808,-34.5,-58.25
2025-04-26 16:00:00,290.14624,-34.5,-58.25
2025-04-26 17:00:00,290.49252,-34.5,-58.25
2025-04-26 18:00:00,290.77295,-34.5,-58.25
2025-04-26 19:00:00,290.93915,-34.5,-58.25
2025-04-26 20:00:00,290.92517,-34.5,-58.25
2025-04-26 21:00:00,290.67114,-34.5,-58.25
2025-04-26 22:00:00,290.58762,-34.5,-58.25
2025-04-26 23:00:00,290.21295,-34.5,-58.25
2025-04-27 00:00:00,289.82715,-34.5,-58.25
2025-04-27 01:00:00,289.31992,-34.5,-58.25
2025-04-27 02:00:00,288.85657,-34.5,-58.25
2025-04-27 03:00:00,288.43414,-34.5,-58.25
2025-04-27 04:00:00,288.11252,-34.5,-58.25
2025-04-27 05:00:00,287.8396,-34.5,-58.25
2025-04-27 06:00:00,287.59253,-34.5,-58.25
2025-04-27 07:00:00,287.35583,-34.5,-58.25
2025-04-27 08:00:00,287.153,-34.5,-58.25
2025-04-27 09:00:00,287.0371,-34.5,-58.25
2025-04-27 10:00:00,286.9437,-34.5,-58.25
2025-04-27 11:00:00,287.01282,-34.5,-58.25
2025-04-27 12:00:00,287.24628,-34.5,-58.25
2025-04-27 13:00:00,287.8319,-34.5,-58.25
2025-04-27 14:00:00,288.78754,-34.5,-58.25
2025-04-27 15:00:00,290.035,-34.5,-58.25
2025-04-27 16:00:00,291.17877,-34.5,-58.25
2025-04-27 17:00:00,291.9621,-34.5,-58.25
2025-04-27 18:00:00,292.45374,-34.5,-58.25
2025-04-27 19:00:00,292.6825,-34.5,-58.25
2025-04-27 20:00:00,292.53534,-34.5,-58.25
2025-04-27 21:00:00,292.0824,-34.5,-58.25
2025-04-27 22:00:00,291.51718,-34.5,-58.25
2025-04-27 23:00:00,290.86316,-34.5,-58.25
2025-04-28 00:00:00,290.28088,-34.5,-58.25
2025-04-28 01:00:00,289.75766,-34.5,-58.25
2025-04-28 02:00:00,289.35962,-34.5,-58.25
2025-04-28 03:00:00,288.97662,-34.5,-58.25
2025-04-28 04:00:00,288.5993,-34.5,-58.25
2025-04-28 05:00:00,288.19385,-34.5,-58.25
2025-04-28 06:00:00,287.84326,-34.5,-58.25
2025-04-28 07:00:00,287.53583,-34.5,-58.25
2025-04-28 08:00:00,287.27396,-34.5,-58.25
2025-04-28 09:00:00,287.09604,-34.5,-58.25
2025-04-28 10:00:00,286.7815,-34.5,-58.25
2025-04-28 11:00:00,286.7428,-34.5,-58.25
2025-04-28 12:00:00,287.05646,-34.5,-58.25
2025-04-28 13:00:00,287.91534,-34.5,-58.25
2025-04-28 14:00:00,289.05612,-34.5,-58.25
2025-04-28 15:00:00,290.09692,-34.5,-58.25
2025-04-28 16:00:00,290.9218,-34.5,-58.25
2025-04-28 17:00:00,291.5567,-34.5,-58.25
2025-04-28 18:00:00,292.00494,-34.5,-58.25
2025-04-28 19:00:00,292.3059,-34.5,-58.25
2025-04-28 20:00:00,292.30078,-34.5,-58.25
2025-04-28 21:00:00,292.034,-34.5,-58.25
2025-04-28 22:00:00,291.77777,-34.5,-58.25
2025-04-28 23:00:00,291.40683,-34.5,-58.25
2025-04-29 00:00:00,291.0373,-34.5,-58.25
2025-04-29 01:00:00,290.68854,-34.5,-58.25
2025-04-29 02:00:00,290.41608,-34.5,-58.25
2025-04-29 03:00:00,290.14096,-34.5,-58.25
2025-04-29 04:00:00,289.88287,-34.5,-58.25
2025-04-29 05:00:00,289.63226,-34.5,-58.25
2025-04-29 06:00:00,289.3376,-34.5,-58.25
2025-04-29 07:00:00,289.00275,-34.5,-58.25
2025-04-29 08:00:00,288.7211,-34.5,-58.25
2025-04-29 09:00:00,288.5813,-34.5,-58.25
2025-04-29 10:00:00,288.5996,-34.5,-58.25
2025-04-29 11:00:00,288.71753,-34.5,-58.25
2025-04-29 12:00:00,289.0277,-34.5,-58.25
2025-04-29 13:00:00,289.50848,-34.5,-58.25
2025-04-29 14:00:00,289.9995,-34.5,-58.25
2025-04-29 15:00:00,290.51447,-34.5,-58.25
2025-04-29 16:00:00,291.0549,-34.5,-58.25
2025-04-29 17:00:00,291.43646,-34.5,-58.25
2025-04-29 18:00:00,291.7141,-34.5,-58.25
2025-04-29 19:00:00,291.93616,-34.5,-58.25
2025-04-29 20:00:00,292.0199,-34.5,-58.25
2025-04-29 21:00:00,291.93127,-34.5,-58.25
2025-04-29 22:00:00,291.97174,-34.5,-58.25
2025-04-29 23:00:00,292.00928,-34.5,-58.25
2025-04-30 00:00:00,292.0048,-34.5,-58.25
2025-04-30 01:00:00,291.91333,-34.5,-58.25
2025-04-30 02:00:00,291.6755,-34.5,-58.25
2025-04-30 03:00:00,291.39532,-34.5,-58.25
2025-04-30 04:00:00,291.1925,-34.5,-58.25
2025-04-30 05:00:00,291.0263,-34.5,-58.25
2025-04-30 06:00:00,290.84283,-34.5,-58.25
2025-04-30 07:00:00,290.59747,-34.5,-58.25
2025-04-30 08:00:00,290.29822,-34.5,-58.25
2025-04-30 09:00:00,289.9981,-34.5,-58.25
2025-04-30 10:00:00,289.91486,-34.5,-58.25
2025-04-30 11:00:00,289.7539,-34.5,-58.25
2025-04-30 12:00:00,289.8236,-34.5,-58.25
2025-04-30 13:00:00,290.11862,-34.5,-58.25
2025-04-30 14:00:00,290.65335,-34.5,-58.25
2025-04-30 15:00:00,291.37726,-34.5,-58.25
2025-04-30 16:00:00,292.05344,-34.5,-58.25
2025-04-30 17:00:00,292.5739,-34.5,-58.25
2025-04-30 18:00:00,292.76685,-34.5,-58.25
2025-04-30 19:00:00,292.87955,-34.5,-58.25
2025-04-30 20:00:00,292.86288,-34.5,-58.25
2025-04-30 21:00:00,292.7484,-34.5,-58.25
2025-04-30 22:00:00,292.68494,-34.5,-58.25
2025-04-30 23:00:00,292.6789,-34.5,-58.25
2025-05-01 00:00:00,292.48267,-34.5,-58.25
2025-05-01 01:00:00,292.15112,-34.5,-58.25
2025-05-01 02:00:00,291.81888,-34.5,-58.25
2025-05-01 03:00:00,291.4895,-34.5,-58.25
2025-05-01 04:00:00,291.21198,-34.5,-58.25
2025-05-01 05:00:00,290.92444,-34.5,-58.25
2025-05-01 06:00:00,290.65164,-34.5,-58.25
2025-05-01 07:00:00,290.38187,-34.5,-58.25
2025-05-01 08:00:00,290.17548,-34.5,-58.25
2025-05-01 09:00:00,290.0397,-34.5,-58.25
2025-05-01 10:00:00,289.75897,-34.5,-58.25
2025-05-01 11:00:00,289.68735,-34.5,-58.25
2025-05-01 12:00:00,289.71838,-34.5,-58.25
2025-05-01 13:00:00,289.88702,-34.5,-58.25
2025-05-01 14:00:00,290.3257,-34.5,-58.25
2025-05-01 15:00:00,290.97427,-34.5,-58.25
2025-05-01 16:00:00,291.56647,-34.5,-58.25
2025-05-01 17:00:00,291.9927,-34.5,-58.25
2025-05-01 18:00:00,292.15607,-34.5,-58.25
2025-05-01 19:00:00,292.24915,-34.5,-58.25
2025-05-01 20:00:00,292.26544,-34.5,-58.25
2025-05-01 21:00:00,292.23358,-34.5,-58.25
2025-05-01 22:00:00,292.18356,-34.5,-58.25
2025-05-01 23:00:00,292.1361,-34.5,-58.25
2025-05-02 00:00:00,292.0002,-34.5,-58.25
2025-05-02 01:00:00,291.7627,-34.5,-58.25
2025-05-02 02:00:00,291.52612,-34.5,-58.25
2025-05-02 03:00:00,291.3147,-34.5,-58.25
2025-05-02 04:00:00,291.1969,-34.5,-58.25
2025-05-02 05:00:00,291.13516,-34.5,-58.25
2025-05-02 06:00:00,291.0434,-34.5,-58.25
2025-05-02 07:00:00,290.89752,-34.5,-58.25
2025-05-02 08:00:00,290.75003,-34.5,-58.25
2025-05-02 09:00:00,290.6289,-34.5,-58.25
2025-05-02 10:00:00,290.86615,-34.5,-58.25
2025-05-02 11:00:00,290.8303,-34.5,-58.25
2025-05-02 12:00:00,290.63684,-34.5,-58.25
2025-05-02 13:00:00,290.73676,-34.5,-58.25
2025-05-02 14:00:00,290.9992,-34.5,-58.25
2025-05-02 15:00:00,291.3578,-34.5,-58.25
2025-05-02 16:00:00,291.75952,-34.5,-58.25
2025-05-02 17:00:00,292.068,-34.5,-58.25
2025-05-02 18:00:00,292.2717,-34.5,-58.25
2025-05-02 19:00:00,292.45502,-34.5,-58.25
2025-05-02 20:00:00,292.49792,-34.5,-58.25
2025-05-02 21:00:00,292.26605,-34.5,-58.25
2025-05-02 22:00:00,292.57574,-34.5,-58.25
2025-05-02 23:00:00,292.53516,-34.5,-58.25
2025-05-03 00:00:00,292.47754,-34.5,-58.25
2025-05-03 01:00:00,292.40106,-34.5,-58.25
2025-05-03 02:00:00,292.27814,-34.5,-58.25
2025-05-03 03:00:00,292.10107,-34.5,-58.25
2025-05-03 04:00:00,291.9876,-34.5,-58.25
2025-05-03 05:00:00,291.7767,-34.5,-58.25
2025-05-03 06:00:00,291.49765,-34.5,-58.25
2025-05-03 07:00:00,291.31946,-34.5,-58.25
2025-05-03 08:00:00,291.1109,-34.5,-58.25
2025-05-03 09:00:00,290.49176,-34.5,-58.25
2025-05-03 10:00:00,289.71814,-34.5,-58.25
2025-05-03 11:00:00,289.2886,-34.5,-58.25
2025-05-03 12:00:00,289.08276,-34.5,-58.25
2025-05-03 13:00:00,289.0727,-34.5,-58.25
2025-05-03 14:00:00,289.1632,-34.5,-58.25
2025-05-03 15:00:00,290.18948,-34.5,-58.25
2025-05-03 16:00:00,291.25287,-34.5,-58.25
2025-05-03 17:00:00,292.13614,-34.5,-58.25
2025-05-03 18:00:00,292.69785,-34.5,-58.25
2025-05-03 19:00:00,292.99097,-34.5,-58.25
2025-05-03 20:00:00,292.98083,-34.5,-58.25
2025-05-03 21:00:00,292.86133,-34.5,-58.25
2025-05-03 22:00:00,293.96893,-34.5,-58.25
2025-05-03 23:00:00,293.9469,-34.5,-58.25
2025-05-04 00:00:00,293.7827,-34.5,-58.25
2025-05-04 01:00:00,293.61096,-34.5,-58.25
2025-05-04 02:00:00,293.4344,-34.5,-58.25
2025-05-04 03:00:00,293.29153,-34.5,-58.25
2025-05-04 04:00:00,293.21048,-34.5,-58.25
2025-05-04 05:00:00,293.21722,-34.5,-58.25
2025-05-04 06:00:00,293.16284,-34.5,-58.25
2025-05-04 07:00:00,293.0636,-34.5,-58.25
2025-05-04 08:00:00,292.9166,-34.5,-58.25
2025-05-04 09:00:00,292.74933,-34.5,-58.25
2025-05-04 10:00:00,292.1754,-34.5,-58.25
2025-05-04 11:00:00,292.10812,-34.5,-58.25
2025-05-04 12:00:00,292.07538,-34.5,-58.25
2025-05-04 13:00:00,292.23938,-34.5,-58.25
2025-05-04 14:00:00,292.50967,-34.5,-58.25
2025-05-04 15:00:00,292.86847,-34.5,-58.25
2025-05-04 16:00:00,293.21478,-34.5,-58.25
2025-05-04 17:00:00,293.39038,-34.5,-58.25
2025-05-04 18:00:00,293.42206,-34.5,-58.25
2025-05-04 19:00:00,293.37408,-34.5,-58.25
2025-05-04 20:00:00,293.32727,-34.5,-58.25
2025-05-04 21:00:00,293.0844,-34.5,-58.25
2025-05-04 22:00:00,295.1908,-34.5,-58.25
2025-05-04 23:00:00,294.09695,-34.5,-58.25
2025-05-05 00:00:00,293.68335,-34.5,-58.25
2025-05-05 01:00:00,293.30298,-34.5,-58.25
2025-05-05 02:00:00,292.8997,-34.5,-58.25
2025-05-05 03:00:00,292.6961,-34.5,-58.25
2025-05-05 04:00:00,292.4763,-34.5,-58.25
2025-05-05 05:00:00,292.38623,-34.5,-58.25
2025-05-05 06:00:00,292.0039,-34.5,-58.25
2025-05-05 07:00:00,291.30115,-34.5,-58.25
2025-05-05 08:00:00,290.8065,-34.5,-58.25
2025-05-05 09:00:00,290.4652,-34.5,-58.25
2025-05-05 10:00:00,290.71765,-34.5,-58.25
2025-05-05 11:00:00,290.71414,-34.5,-58.25
2025-05-05 12:00:00,290.73492,-34.5,-58.25
2025-05-05 13:00:00,290.7807,-34.5,-58.25
2025-05-05 14:00:00,290.81,-34.5,-58.25
2025-05-05 15:00:00,290.8597,-34.5,-58.25
2025-05-05 16:00:00,290.9324,-34.5,-58.25
2025-05-05 17:00:00,290.98233,-34.5,-58.25
2025-05-05 18:00:00,291.14136,-34.5,-58.25
2025-05-05 19:00:00,291.23578,-34.5,-58.25
2025-05-05 20:00:00,291.24152,-34.5,-58.25
2025-05-05 21:00:00,291.11877,-34.5,-58.25
2025-05-05 22:00:00,291.60748,-34.5,-58.25
2025-05-05 23:00:00,291.77454,-34.5,-58.25
2025-05-06 00:00:00,291.93225,-34.5,-58.25
2025-05-06 01:00:00,291.9992,-34.5,-58.25
2025-05-06 02:00:00,292.01416,-34.5,-58.25
2025-05-06 03:00:00,292.01965,-34.5,-58.25
2025-05-06 04:00:00,292.05637,-34.5,-58.25
2025-05-06 05:00:00,292.0826,-34.5,-58.25
2025-05-06 06:00:00,292.08185,-34.5,-58.25
2025-05-06 07:00:00,292.0589,-34.5,-58.25
2025-05-06 08:00:00,291.9972,-34.5,-58.25
2025-05-06 09:00:00,291.94534,-34.5,-58.25
2025-05-06 10:00:00,292.11963,-34.5,-58.25
2025-05-06 11:00:00,291.99292,-34.5,-58.25
2025-05-06 12:00:00,291.96716,-34.5,-58.25
2025-05-06 13:00:00,292.04498,-34.5,-58.25
2025-05-06 14:00:00,292.2835,-34.5,-58.25
2025-05-06 15:00:00,292.81268,-34.5,-58.25
2025-05-06 16:00:00,293.3302,-34.5,-58.25
2025-05-06 17:00:00,293.7627,-34.5,-58.25
2025-05-06 18:00:00,293.97266,-34.5,-58.25
2025-05-06 19:00:00,293.8874,-34.5,-58.25
2025-05-06 20:00:00,293.92432,-34.5,-58.25
2025-05-06 21:00:00,293.70276,-34.5,-58.25
2025-05-06 22:00:00,293.83154,-34.5,-58.25
2025-05-06 23:00:00,293.09595,-34.5,-58.25
2025-05-07 00:00:00,293.12134,-34.5,-58.25
2025-05-07 01:00:00,293.08698,-34.5,-58.25
2025-05-07 02:00:00,293.04575,-34.5,-58.25
2025-05-07 03:00:00,292.9852,-34.5,-58.25
2025-05-07 04:00:00,292.91034,-34.5,-58.25
2025-05-07 05:00:00,292.7514,-34.5,-58.25
2025-05-07 06:00:00,292.5876,-34.5,-58.25
2025-05-07 07:00:00,292.47253,-34.5,-58.25
2025-05-07 08:00:00,292.313,-34.5,-58.25
2025-05-07 09:00:00,292.23737,-34.5,-58.25
2025-05-07 10:00:00,292.34106,-34.5,-58.25
2025-05-07 11:00:00,292.29117,-34.5,-58.25
2025-05-07 12:00:00,292.27142,-34.5,-58.25
2025-05-07 13:00:00,292.2103,-34.5,-58.25
2025-05-07 14:00:00,291.97968,-34.5,-58.25
2025-05-07 15:00:00,291.89313,-34.5,-58.25
2025-05-07 16:00:00,291.8158,-34.5,-58.25
2025-05-07 17:00:00,291.83636,-34.5,-58.25
2025-05-07 18:00:00,291.8403,-34.5,-58.25
2025-05-07 19:00:00,291.80072,-34.5,-58.25
2025-05-07 20:00:00,291.71323,-34.5,-58.25
2025-05-07 21:00:00,291.6244,-34.5,-58.25
2025-05-07 22:00:00,292.3647,-34.5,-58.25
2025-05-07 23:00:00,292.1535,-34.5,-58.25
2025-05-08 00:00:00,292.05148,-34.5,-58.25
2025-05-08 01:00:00,292.04523,-34.5,-58.25
2025-05-08 02:00:00,291.9751,-34.5,-58.25
2025-05-08 03:00:00,291.85065,-34.5,-58.25
2025-05-08 04:00:00,291.82227,-34.5,-58.25
2025-05-08 05:00:00,291.95316,-34.5,-58.25
2025-05-08 06:00:00,291.99268,-34.5,-58.25
2025-05-08 07:00:00,291.96936,-34.5,-58.25
2025-05-08 08:00:00,291.78125,-34.5,-58.25
2025-05-08 09:00:00,291.639,-34.5,-58.25
2025-05-08 10:00:00,291.963,-34.5,-58.25
2025-05-08 11:00:00,292.0579,-34.5,-58.25
2025-05-08 12:00:00,292.06525,-34.5,-58.25
2025-05-08 13:00:00,292.00507,-34.5,-58.25
2025-05-08 14:00:00,291.96906,-34.5,-58.25
2025-05-08 15:00:00,291.86966,-34.5,-58.25
2025-05-08 16:00:00,291.7058,-34.5,-58.25
2025-05-08 17:00:00,291.81207,-34.5,-58.25
2025-05-08 18:00:00,292.36206,-34.5,-58.25
2025-05-08 19:00:00,292.6773,-34.5,-58.25
2025-05-08 20:00:00,292.63797,-34.5,-58.25
2025-05-08 21:00:00,292.37442,-34.5,-58.25
2025-05-08 22:00:00,292.72952,-34.5,-58.25
2025-05-08 23:00:00,292.8286,-34.5,-58.25
2025-05-09 00:00:00,292.8244,-34.5,-58.25
2025-05-09 01:00:00,292.52954,-34.5,-58.25
2025-05-09 02:00:00,292.04376,-34.5,-58.25
2025-05-09 03:00:00,291.4232,-34.5,-58.25
2025-05-09 04:00:00,290.85513,-34.5,-58.25
2025-05-09 05:00:00,290.36615,-34.5,-58.25
2025-05-09 06:00:00,289.96234,-34.5,-58.25
2025-05-09 07:00:00,289.5006,-34.5,-58.25
2025-05-09 08:00:00,289.10315,-34.5,-58.25
2025-05-09 09:00:00,288.73633,-34.5,-58.25
2025-05-09 10:00:00,288.69446,-34.5,-58.25
2025-05-09 11:00:00,288.48743,-34.5,-58.25
2025-05-09 12:00:00,288.4146,-34.5,-58.25
2025-05-09 13:00:00,288.60114,-34.5,-58.25
2025-05-09 14:00:00,289.15485,-34.5,-58.25
2025-05-09 15:00:00,289.875,-34.5,-58.25
2025-05-09 16:00:00,290.6142,-34.5,-58.25
2025-05-09 17:00:00,291.41772,-34.5,-58.25
2025-05-09 18:00:00,292.215,-34.5,-58.25
2025-05-09 19:00:00,292.87335,-34.5,-58.25
2025-05-09 20:00:00,293.1853,-34.5,-58.25
2025-05-09 21:00:00,292.9591,-34.5,-58.25
2025-05-09 22:00:00,292.63342,-34.5,-58.25
2025-05-09 23:00:00,292.31775,-34.5,-58.25
2025-05-10 00:00:00,291.99536,-34.5,-58.25
2025-05-10 01:00:00,291.66284,-34.5,-58.25
2025-05-10 02:00:00,291.27402,-34.5,-58.25
2025-05-10 03:00:00,290.8103,-34.5,-58.25
2025-05-10 04:00:00,290.43896,-34.5,-58.25
2025-05-10 05:00:00,290.2038,-34.5,-58.25
2025-05-10 06:00:00,290.05707,-34.5,-58.25
2025-05-10 07:00:00,290.0031,-34.5,-58.25
2025-05-10 08:00:00,289.95905,-34.5,-58.25
2025-05-10 09:00:00,289.91553,-34.5,-58.25
2025-05-10 10:00:00,289.62787,-34.5,-58.25
2025-05-10 11:00:00,289.47998,-34.5,-58.25
2025-05-10 12:00:00,289.49255,-34.5,-58.25
2025-05-10 13:00:00,289.93195,-34.5,-58.25
2025-05-10 14:00:00,290.57608,-34.5,-58.25
2025-05-10 15:00:00,291.04752,-34.5,-58.25
2025-05-10 16:00:00,291.4134,-34.5,-58.25
2025-05-10 17:00:00,291.7584,-34.5,-58.25
2025-05-10 18:00:00,292.03104,-34.5,-58.25
2025-05-10 19:00:00,292.22046,-34.5,-58.25
2025-05-10 20:00:00,292.19855,-34.5,-58.25
2025-05-10 21:00:00,291.8949,-34.5,-58.25
2025-05-10 22:00:00,291.93616,-34.5,-58.25
2025-05-10 23:00:00,291.5518,-34.5,-58.25
2025-05-11 00:00:00,291.24066,-34.5,-58.25
2025-05-11 01:00:00,291.0451,-34.5,-58.25
2025-05-11 02:00:00,290.9292,-34.5,-58.25
2025-05-11 03:00:00,290.81488,-34.5,-58.25
2025-05-11 04:00:00,290.76526,-34.5,-58.25
2025-05-11 05:00:00,290.61554,-34.5,-58.25
2025-05-11 06:00:00,290.39816,-34.5,-58.25
2025-05-11 07:00:00,290.1056,-34.5,-58.25
2025-05-11 08:00:00,289.85364,-34.5,-58.25
2025-05-11 09:00:00,289.63586,-34.5,-58.25
2025-05-11 10:00:00,289.40088,-34.5,-58.25
2025-05-11 11:00:00,289.22253,-34.5,-58.25
2025-05-11 12:00:00,289.2271,-34.5,-58.25
2025-05-11 13:00:00,289.2715,-34.5,-58.25
2025-05-11 14:00:00,289.50552,-34.5,-58.25
2025-05-11 15:00:00,289.92136,-34.5,-58.25
2025-05-11 16:00:00,290.39392,-34.5,-58.25
2025-05-11 17:00:00,290.87128,-34.5,-58.25
2025-05-11 18:00:00,291.29767,-34.5,-58.25
2025-05-11 19:00:00,291.66614,-34.5,-58.25
2025-05-11 20:00:00,291.9204,-34.5,-58.25
2025-05-11 21:00:00,291.96796,-34.5,-58.25
2025-05-11 22:00:00,292.02484,-34.5,-58.25
2025-05-11 23:00:00,291.68927,-34.5,-58.25
2025-05-12 00:00:00,291.16516,-34.5,-58.25
2025-05-12 01:00:00,290.62814,-34.5,-58.25
2025-05-12 02:00:00,290.16595,-34.5,-58.25
2025-05-12 03:00:00,289.74048,-34.5,-58.25
2025-05-12 04:00:00,289.38922,-34.5,-58.25
2025-05-12 05:00:00,289.04187,-34.5,-58.25
2025-05-12 06:00:00,288.73557,-34.5,-58.25
2025-05-12 07:00:00,288.41873,-34.5,-58.25
2025-05-12 08:00:00,288.1629,-34.5,-58.25
2025-05-12 09:00:00,287.96167,-34.5,-58.25
2025-05-12 10:00:00,287.63928,-34.5,-58.25
2025-05-12 11:00:00,287.56677,-34.5,-58.25
2025-05-12 12:00:00,287.61185,-34.5,-58.25
2025-05-12 13:00:00,287.83368,-34.5,-58.25
2025-05-12 14:00:00,288.37326,-34.5,-58.25
2025-05-12 15:00:00,289.11084,-34.5,-58.25
2025-05-12 16:00:00,289.77118,-34.5,-58.25
2025-05-12 17:00:00,290.36047,-34.5,-58.25
2025-05-12 18:00:00,290.8474,-34.5,-58.25
2025-05-12 19:00:00,291.26355,-34.5,-58.25
2025-05-12 20:00:00,291.53717,-34.5,-58.25
2025-05-12 21:00:00,291.61816,-34.5,-58.25
2025-05-12 22:00:00,291.82053,-34.5,-58.25
2025-05-12 23:00:00,291.58466,-34.5,-58.25
2025-05-13 00:00:00,291.33505,-34.5,-58.25
2025-05-13 01:00:00,291.0212,-34.5,-58.25
2025-05-13 02:00:00,290.73132,-34.5,-58.25
2025-05-13 03:00:00,290.51083,-34.5,-58.25
2025-05-13 04:00:00,290.38605,-34.5,-58.25
2025-05-13 05:00:00,290.25732,-34.5,-58.25
2025-05-13 06:00:00,290.10333,-34.5,-58.25
2025-05-13 07:00:00,289.93945,-34.5,-58.25
2025-05-13 08:00:00,289.74817,-34.5,-58.25
2025-05-13 09:00:00,289.58743,-34.5,-58.25
2025-05-13 10:00:00,289.38992,-34.5,-58.25
2025-05-13 11:00:00,289.25137,-34.5,-58.25
2025-05-13 12:00:00,289.2614,-34.5,-58.25
2025-05-13 13:00:00,289.43973,-34.5,-58.25
2025-05-13 14:00:00,289.95245,-34.5,-58.25
2025-05-13 15:00:00,290.62805,-34.5,-58.25
2025-05-13 16:00:00,291.42615,-34.5,-58.25
2025-05-13 17:00:00,292.1095,-34.5,-58.25
2025-05-13 18:00:00,292.58282,-34.5,-58.25
2025-05-13 19:00:00,292.81372,-34.5,-58.25
2025-05-13 20:00:00,292.99725,-34.5,-58.25
2025-05-13 21:00:00,293.09906,-34.5,-58.25
2025-05-13 22:00:00,293.11267,-34.5,-58.25
2025-05-13 23:00:00,292.97632,-34.5,-58.25
2025-05-14 00:00:00,292.79102,-34.5,-58.25
2025-05-14 01:00:00,292.57812,-34.5,-58.25
2025-05-14 02:00:00,292.4392,-34.5,-58.25
2025-05-14 03:00:00,292.3153,-34.5,-58.25
2025-05-14 04:00:00,292.1475,-34.5,-58.25
2025-05-14 05:00:00,291.95404,-34.5,-58.25
2025-05-14 06:00:00,291.78058,-34.5,-58.25
2025-05-14 07:00:00,291.59375,-34.5,-58.25
2025-05-14 08:00:00,291.44116,-34.5,-58.25
2025-05-14 09:00:00,291.3592,-34.5,-58.25
2025-05-14 10:00:00,291.3721,-34.5,-58.25
2025-05-14 11:00:00,291.43457,-34.5,-58.25
2025-05-14 12:00:00,291.56262,-34.5,-58.25
2025-05-14 13:00:00,291.7119,-34.5,-58.25
2025-05-14 14:00:00,291.98657,-34.5,-58.25
2025-05-14 15:00:00,292.35294,-34.5,-58.25
2025-05-14 16:00:00,292.6418,-34.5,-58.25
2025-05-14 17:00:00,292.82758,-34.5,-58.25
2025-05-14 18:00:00,292.91248,-34.5,-58.25
2025-05-14 19:00:00,292.9783,-34.5,-58.25
2025-05-14 20:00:00,293.00354,-34.5,-58.25
2025-05-14 21:00:00,292.92407,-34.5,-58.25
2025-05-14 22:00:00,293.23404,-34.5,-58.25
2025-05-14 23:00:00,293.1797,-34.5,-58.25
2025-05-15 00:00:00,293.21576,-34.5,-58.25
2025-05-15 01:00:00,293.22363,-34.5,-58.25
2025-05-15 02:00:00,293.1494,-34.5,-58.25
2025-05-15 03:00:00,293.05048,-34.5,-58.25
2025-05-15 04:00:00,292.99915,-34.5,-58.25
2025-05-15 05:00:00,292.9741,-34.5,-58.25
2025-05-15 06:00:00,292.96292,-34.5,-58.25
2025-05-15 07:00:00,292.96808,-34.5,-58.25
2025-05-15 08:00:00,292.95236,-34.5,-58.25
2025-05-15 09:00:00,292.96405,-34.5,-58.25
2025-05-15 10:00:00,292.75482,-34.5,-58.25
2025-05-15 11:00:00,292.8095,-34.5,-58.25
2025-05-15 12:00:00,292.92297,-34.5,-58.25
2025-05-15 13:00:00,293.10214,-34.5,-58.25
2025-05-15 14:00:00,293.41455,-34.5,-58.25
2025-05-15 15:00:00,293.6729,-34.5,-58.25
2025-05-15 16:00:00,293.9496,-34.5,-58.25
2025-05-15 17:00:00,294.27374,-34.5,-58.25
2025-05-15 18:00:00,294.4239,-34.5,-58.25
2025-05-15 19:00:00,294.4218,-34.5,-58.25
2025-05-15 20:00:00,294.40884,-34.5,-58.25
2025-05-15 21:00:00,294.33234,-34.5,-58.25
2025-05-15 22:00:00,294.76758,-34.5,-58.25
2025-05-15 23:00:00,294.7986,-34.5,-58.25
2025-05-16 00:00:00,294.77463,-34.5,-58.25
2025-05-16 01:00:00,294.72772,-34.5,-58.25
2025-05-16 02:00:00,294.6802,-34.5,-58.25
2025-05-16 03:00:00,294.5224,-34.5,-58.25
2025-05-16 04:00:00,294.30838,-34.5,-58.25
2025-05-16 05:00:00,294.0893,-34.5,-58.25
2025-05-16 06:00:00,293.89792,-34.5,-58.25
2025-05-16 07:00:00,293.78336,-34.5,-58.25
2025-05-16 08:00:00,293.67358,-34.5,-58.25
2025-05-16 09:00:00,293.63464,-34.5,-58.25
2025-05-16 10:00:00,293.25574,-34.5,-58.25
2025-05-16 11:00:00,293.27197,-34.5,-58.25
2025-05-16 12:00:00,293.32306,-34.5,-58.25
2025-05-16 13:00:00,293.4674,-34.5,-58.25
2025-05-16 14:00:00,293.5962,-34.5,-58.25
2025-05-16 15:00:00,293.66772,-34.5,-58.25
2025-05-16 16:00:00,293.3895,-34.5,-58.25
2025-05-16 17:00:00,293.3117,-34.5,-58.25
2025-05-16 18:00:00,293.362,-34.5,-58.25
2025-05-16 19:00:00,293.46548,-34.5,-58.25
2025-05-16 20:00:00,293.33707,-34.5,-58.25
2025-05-16 21:00:00,293.18756,-34.5,-58.25
2025-05-16 22:00:00,293.44235,-34.5,-58.25
2025-05-16 23:00:00,293.46112,-34.5,-58.25
2025-05-17 00:00:00,293.5429,-34.5,-58.25
2025-05-17 01:00:00,293.80872,-34.5,-58.25
2025-05-17 02:00:00,293.78113,-34.5,-58.25
2025-05-17 03:00:00,293.71573,-34.5,-58.25
2025-05-17 04:00:00,293.59152,-34.5,-58.25
2025-05-17 05:00:00,293.3286,-34.5,-58.25
2025-05-17 06:00:00,293.2357,-34.5,-58.25
2025-05-17 07:00:00,293.16406,-34.5,-58.25
2025-05-17 08:00:00,293.13416,-34.5,-58.25
2025-05-17 09:00:00,293.16742,-34.5,-58.25
2025-05-17 10:00:00,291.39154,-34.5,-58.25
2025-05-17 11:00:00,291.35834,-34.5,-58.25
2025-05-17 12:00:00,291.75415,-34.5,-58.25
2025-05-17 13:00:00,292.11,-34.5,-58.25
2025-05-17 14:00:00,292.33383,-34.5,-58.25
2025-05-17 15:00:00,292.8188,-34.5,-58.25
2025-05-17 16:00:00,293.3271,-34.5,-58.25
2025-05-17 17:00:00,293.75415,-34.5,-58.25
2025-05-17 18:00:00,293.99072,-34.5,-58.25
2025-05-17 19:00:00,294.38605,-34.5,-58.25
2025-05-17 20:00:00,294.31622,-34.5,-58.25
2025-05-17 21:00:00,294.0386,-34.5,-58.25
2025-05-17 22:00:00,293.39447,-34.5,-58.25
2025-05-17 23:00:00,293.37408,-34.5,-58.25
2025-05-18 00:00:00,293.1742,-34.5,-58.25
2025-05-18 01:00:00,292.7369,-34.5,-58.25
2025-05-18 02:00:00,292.67804,-34.5,-58.25
2025-05-18 03:00:00,292.681,-34.5,-58.25
2025-05-18 04:00:00,292.5573,-34.5,-58.25
2025-05-18 05:00:00,292.2951,-34.5,-58.25
2025-05-18 06:00:00,292.0672,-34.5,-58.25
2025-05-18 07:00:00,291.60745,-34.5,-58.25
2025-05-18 08:00:00,290.97488,-34.5,-58.25
2025-05-18 09:00:00,290.66055,-34.5,-58.25
2025-05-18 10:00:00,288.86285,-34.5,-58.25
2025-05-18 11:00:00,288.6955,-34.5,-58.25
2025-05-18 12:00:00,288.36853,-34.5,-58.25
2025-05-18 13:00:00,288.0539,-34.5,-58.25
2025-05-18 14:00:00,287.9638,-34.5,-58.25
2025-05-18 15:00:00,288.18036,-34.5,-58.25
2025-05-18 16:00:00,288.47742,-34.5,-58.25
2025-05-18 17:00:00,288.75842,-34.5,-58.25
2025-05-18 18:00:00,288.87085,-34.5,-58.25
2025-05-18 19:00:00,288.9225,-34.5,-58.25
2025-05-18 20:00:00,288.77692,-34.5,-58.25
2025-05-18 21:00:00,288.4817,-34.5,-58.25
2025-05-18 22:00:00,288.15613,-34.5,-58.25
2025-05-18 23:00:00,287.7952,-34.5,-58.25
2025-05-19 00:00:00,287.5343,-34.5,-58.25
2025-05-19 01:00:00,287.36603,-34.5,-58.25
2025-05-19 02:00:00,287.24402,-34.5,-58.25
2025-05-19 03:00:00,287.12952,-34.5,-58.25
2025-05-19 04:00:00,287.13025,-34.5,-58.25
2025-05-19 05:00:00,287.13934,-34.5,-58.25
2025-05-19 06:00:00,287.20758,-34.5,-58.25
2025-05-19 07:00:00,287.36688,-34.5,-58.25
2025-05-19 08:00:00,287.5251,-34.5,-58.25
2025-05-19 09:00:00,287.67072,-34.5,-58.25
2025-05-19 10:00:00,287.46387,-34.5,-58.25
2025-05-19 11:00:00,287.45154,-34.5,-58.25
2025-05-19 12:00:00,287.36432,-34.5,-58.25
2025-05-19 13:00:00,287.45145,-34.5,-58.25
2025-05-19 14:00:00,287.40424,-34.5,-58.25
2025-05-19 15:00:00,287.37943,-34.5,-58.25
2025-05-19 16:00:00,287.3294,-34.5,-58.25
2025-05-19 17:00:00,287.0029,-34.5,-58.25
2025-05-19 18:00:00,287.2382,-34.5,-58.25
2025-05-19 19:00:00,287.5302,-34.5,-58.25
2025-05-19 20:00:00,287.67627,-34.5,-58.25
2025-05-19 21:00:00,287.40952,-34.5,-58.25
2025-05-19 22:00:00,287.0017,-34.5,-58.25
2025-05-19 23:00:00,287.274,-34.5,-58.25
2025-05-20 00:00:00,287.432,-34.5,-58.25
2025-05-20 01:00:00,287.44635,-34.5,-58.25
2025-05-20 02:00:00,287.3667,-34.5,-58.25
2025-05-20 03:00:00,287.08572,-34.5,-58.25
2025-05-20 04:00:00,286.53723,-34.5,-58.25
2025-05-20 05:00:00,286.01642,-34.5,-58.25
2025-05-20 06:00:00,285.70056,-34.5,-58.25
2025-05-20 07:00:00,285.3452,-34.5,-58.25
2025-05-20 08:00:00,285.05762,-34.5,-58.25
2025-05-20 09:00:00,284.8183,-34.5,-58.25
2025-05-20 10:00:00,284.9369,-34.5,-58.25
2025-05-20 11:00:00,284.6161,-34.5,-58.25
2025-05-20 12:00:00,284.44803,-34.5,-58.25
2025-05-20 13:00:00,284.65802,-34.5,-58.25
2025-05-20 14:00:00,285.28998,-34.5,-58.25
2025-05-20 15:00:00,286.11664,-34.5,-58.25
2025-05-20 16:00:00,286.96576,-34.5,-58.25
2025-05-20 17:00:00,287.7047,-34.5,-58.25
2025-05-20 18:00:00,288.26144,-34.5,-58.25
2025-05-20 19:00:00,288.67212,-34.5,-58.25
2025-05-20 20:00:00,288.86484,-34.5,-58.25
2025-05-20 21:00:00,288.93408,-34.5,-58.25
2025-05-20 22:00:00,289.07385,-34.5,-58.25
2025-05-20 23:00:00,288.87195,-34.5,-58.25
2025-05-21 00:00:00,288.65527,-34.5,-58.25
2025-05-21 01:00:00,288.42575,-34.5,-58.25
2025-05-21 02:00:00,288.28308,-34.5,-58.25
2025-05-21 03:00:00,288.10736,-34.5,-58.25
2025-05-21 04:00:00,287.89276,-34.5,-58.25
2025-05-21 05:00:00,287.41687,-34.5,-58.25
2025-05-21 06:00:00,286.60532,-34.5,-58.25
2025-05-21 07:00:00,285.8183,-34.5,-58.25
2025-05-21 08:00:00,285.4095,-34.5,-58.25
2025-05-21 09:00:00,285.3393,-34.5,-58.25
2025-05-21 10:00:00,285.35028,-34.5,-58.25
2025-05-21 11:00:00,285.31903,-34.5,-58.25
2025-05-21 12:00:00,285.34702,-34.5,-58.25
2025-05-21 13:00:00,285.49078,-34.5,-58.25
2025-05-21 14:00:00,285.6364,-34.5,-58.25
2025-05-21 15:00:00,285.75986,-34.5,-58.25
2025-05-21 16:00:00,285.87906,-34.5,-58.25
2025-05-21 17:00:00,286.00244,-34.5,-58.25
2025-05-21 18:00:00,286.12494,-34.5,-58.25
2025-05-21 19:00:00,286.23898,-34.5,-58.25
2025-05-21 20:00:00,286.29034,-34.5,-58.25
2025-05-21 21:00:00,286.29382,-34.5,-58.25
2025-05-21 22:00:00,286.81976,-34.5,-58.25
2025-05-21 23:00:00,286.82278,-34.5,-58.25
2025-05-22 00:00:00,286.77924,-34.5,-58.25
2025-05-22 01:00:00,286.76355,-34.5,-58.25
2025-05-22 02:00:00,286.77277,-34.5,-58.25
2025-05-22 03:00:00,286.7492,-34.5,-58.25
2025-05-22 04:00:00,286.72382,-34.5,-58.25
2025-05-22 05:00:00,286.6677,-34.5,-58.25
2025-05-22 06:00:00,286.60553,-34.5,-58.25
2025-05-22 07:00:00,286.55988,-34.5,-58.25
2025-05-22 08:00:00,286.47412,-34.5,-58.25
2025-05-22 09:00:00,286.46774,-34.5,-58.25
2025-05-22 10:00:00,286.16544,-34.5,-58.25
2025-05-22 11:00:00,286.13135,-34.5,-58.25
2025-05-22 12:00:00,286.29257,-34.5,-58.25
2025-05-22 13:00:00,286.53015,-34.5,-58.25
2025-05-22 14:00:00,286.67773,-34.5,-58.25
2025-05-22 15:00:00,286.78534,-34.5,-58.25
2025-05-22 16:00:00,286.93732,-34.5,-58.25
2025-05-22 17:00:00,287.13818,-34.5,-58.25
2025-05-22 18:00:00,287.35455,-34.5,-58.25
2025-05-22 19:00:00,287.56714,-34.5,-58.25
2025-05-22 20:00:00,287.71396,-34.5,-58.25
2025-05-22 21:00:00,287.761,-34.5,-58.25
2025-05-22 22:00:00,287.90826,-34.5,-58.25
2025-05-22 23:00:00,288.01996,-34.5,-58.25
2025-05-23 00:00:00,288.01093,-34.5,-58.25
2025-05-23 01:00:00,287.7818,-34.5,-58.25
2025-05-23 02:00:00,287.3594,-34.5,-58.25
2025-05-23 03:00:00,286.97473,-34.5,-58.25
2025-05-23 04:00:00,286.63477,-34.5,-58.25
2025-05-23 05:00:00,286.29398,-34.5,-58.25
2025-05-23 06:00:00,285.99683,-34.5,-58.25
2025-05-23 07:00:00,285.74713,-34.5,-58.25
2025-05-23 08:00:00,285.51074,-34.5,-58.25
2025-05-23 09:00:00,285.357,-34.5,-58.25
2025-05-23 10:00:00,285.06177,-34.5,-58.25
2025-05-23 11:00:00,284.9981,-34.5,-58.25
2025-05-23 12:00:00,285.0178,-34.5,-58.25
2025-05-23 13:00:00,285.0614,-34.5,-58.25
2025-05-23 14:00:00,285.42902,-34.5,-58.25
2025-05-23 15:00:00,285.9745,-34.5,-58.25
2025-05-23 16:00:00,286.6177,-34.5,-58.25
2025-05-23 17:00:00,287.3432,-34.5,-58.25
2025-05-23 18:00:00,287.97693,-34.5,-58.25
2025-05-23 19:00:00,288.52435,-34.5,-58.25
2025-05-23 20:00:00,288.88135,-34.5,-58.25
2025-05-23 21:00:00,288.93353,-34.5,-58.25
2025-05-23 22:00:00,289.01575,-34.5,-58.25
2025-05-23 23:00:00,288.7409,-34.5,-58.25
2025-05-24 00:00:00,288.39355,-34.5,-58.25
2025-05-24 01:00:00,288.02625,-34.5,-58.25
2025-05-24 02:00:00,287.7812,-34.5,-58.25
2025-05-24 03:00:00,287.68723,-34.5,-58.25
2025-05-24 04:00:00,287.67883,-34.5,-58.25
2025-05-24 05:00:00,287.7022,-34.5,-58.25
2025-05-24 06:00:00,287.67773,-34.5,-58.25
2025-05-24 07:00:00,287.67462,-34.5,-58.25
2025-05-24 08:00:00,287.68225,-34.5,-58.25
2025-05-24 09:00:00,287.62103,-34.5,-58.25
2025-05-24 10:00:00,287.74957,-34.5,-58.25
2025-05-24 11:00:00,287.74408,-34.5,-58.25
2025-05-24 12:00:00,287.65112,-34.5,-58.25
2025-05-24 13:00:00,287.636,-34.5,-58.25
2025-05-24 14:00:00,287.6126,-34.5,-58.25
2025-05-24 15:00:00,287.6777,-34.5,-58.25
2025-05-24 16:00:00,287.93866,-34.5,-58.25
2025-05-24 17:00:00,288.20813,-34.5,-58.25
2025-05-24 18:00:00,288.45532,-34.5,-58.25
2025-05-24 19:00:00,288.663,-34.5,-58.25
2025-05-24 20:00:00,288.79337,-34.5,-58.25
2025-05-24 21:00:00,288.87274,-34.5,-58.25
2025-05-24 22:00:00,289.51532,-34.5,-58.25
2025-05-24 23:00:00,289.60153,-34.5,-58.25
2025-05-25 00:00:00,289.6853,-34.5,-58.25
2025-05-25 01:00:00,289.7141,-34.5,-58.25
2025-05-25 02:00:00,289.6889,-34.5,-58.25
2025-05-25 03:00:00,289.58972,-34.5,-58.25
2025-05-25 04:00:00,289.4364,-34.5,-58.25
2025-05-25 05:00:00,289.22504,-34.5,-58.25
2025-05-25 06:00:00,289.05957,-34.5,-58.25
2025-05-25 07:00:00,288.9203,-34.5,-58.25
2025-05-25 08:00:00,288.83942,-34.5,-58.25
2025-05-25 09:00:00,288.72034,-34.5,-58.25
2025-05-25 10:00:00,287.87482,-34.5,-58.25
2025-05-25 11:00:00,287.4382,-34.5,-58.25
2025-05-25 12:00:00,287.23343,-34.5,-58.25
2025-05-25 13:00:00,287.10474,-34.5,-58.25
2025-05-25 14:00:00,287.14783,-34.5,-58.25
2025-05-25 15:00:00,287.25385,-34.5,-58.25
2025-05-25 16:00:00,287.91992,-34.5,-58.25
2025-05-25 17:00:00,288.84753,-34.5,-58.25
2025-05-25 18:00:00,289.31787,-34.5,-58.25
2025-05-25 19:00:00,289.70877,-34.5,-58.25
2025-05-25 20:00:00,289.81134,-34.5,-58.25
2025-05-25 21:00:00,289.88416,-34.5,-58.25
2025-05-25 22:00:00,290.1338,-34.5,-58.25
2025-05-25 23:00:00,290.50476,-34.5,-58.25
2025-05-26 00:00:00,290.7375,-34.5,-58.25
2025-05-26 01:00:00,290.60852,-34.5,-58.25
2025-05-26 02:00:00,290.53867,-34.5,-58.25
2025-05-26 03:00:00,290.42978,-34.5,-58.25
2025-05-26 04:00:00,290.42194,-34.5,-58.25
2025-05-26 05:00:00,290.50146,-34.5,-58.25
2025-05-26 06:00:00,290.4375,-34.5,-58.25
2025-05-26 07:00:00,290.3999,-34.5,-58.25
2025-05-26 08:00:00,290.52838,-34.5,-58.25
2025-05-26 09:00:00,290.55225,-34.5,-58.25
2025-05-26 10:00:00,289.95935,-34.5,-58.25
2025-05-26 11:00:00,290.00537,-34.5,-58.25
2025-05-26 12:00:00,289.95294,-34.5,-58.25
2025-05-26 13:00:00,290.039,-34.5,-58.25
2025-05-26 14:00:00,290.2386,-34.5,-58.25
2025-05-26 15:00:00,290.6372,-34.5,-58.25
2025-05-26 16:00:00,291.11206,-34.5,-58.25
2025-05-26 17:00:00,291.3921,-34.5,-58.25
2025-05-26 18:00:00,291.53943,-34.5,-58.25
2025-05-26 19:00:00,291.59906,-34.5,-58.25
2025-05-26 20:00:00,291.75555,-34.5,-58.25
2025-05-26 21:00:00,291.92218,-34.5,-58.25
2025-05-26 22:00:00,291.43997,-34.5,-58.25
2025-05-26 23:00:00,291.4749,-34.5,-58.25
2025-05-27 00:00:00,291.51837,-34.5,-58.25
2025-05-27 01:00:00,291.5622,-34.5,-58.25
2025-05-27 02:00:00,291.4815,-34.5,-58.25
2025-05-27 03:00:00,290.97192,-34.5,-58.25
2025-05-27 04:00:00,290.81915,-34.5,-58.25
2025-05-27 05:00:00,290.65884,-34.5,-58.25
2025-05-27 06:00:00,290.57056,-34.5,-58.25
2025-05-27 07:00:00,290.52335,-34.5,-58.25
2025-05-27 08:00:00,290.4748,-34.5,-58.25
2025-05-27 09:00:00,290.3527,-34.5,-58.25
2025-05-27 10:00:00,290.1812,-34.5,-58.25
2025-05-27 11:00:00,288.45514,-34.5,-58.25
2025-05-27 12:00:00,286.89856,-34.5,-58.25
2025-05-27 13:00:00,287.252,-34.5,-58.25
2025-05-27 14:00:00,287.28467,-34.5,-58.25
2025-05-27 15:00:00,287.0584,-34.5,-58.25
2025-05-27 16:00:00,287.31873,-34.5,-58.25
2025-05-27 17:00:00,288.20557,-34.5,-58.25
2025-05-27 18:00:00,288.48187,-34.5,-58.25
2025-05-27 19:00:00,288.667,-34.5,-58.25
2025-05-27 20:00:00,288.67505,-34.5,-58.25
2025-05-27 21:00:00,288.19678,-34.5,-58.25
2025-05-27 22:00:00,287.50934,-34.5,-58.25
2025-05-27 23:00:00,287.17313,-34.5,-58.25
2025-05-28 00:00:00,286.79614,-34.5,-58.25
2025-05-28 01:00:00,286.4156,-34.5,-58.25
2025-05-28 02:00:00,285.98016,-34.5,-58.25
2025-05-28 03:00:00,285.39874,-34.5,-58.25
2025-05-28 04:00:00,284.78973,-34.5,-58.25
2025-05-28 05:00:00,284.3576,-34.5,-58.25
2025-05-28 06:00:00,283.9665,-34.5,-58.25
2025-05-28 07:00:00,283.68976,-34.5,-58.25
2025-05-28 08:00:00,283.32718,-34.5,-58.25
2025-05-28 09:00:00,283.07193,-34.5,-58.25
2025-05-28 10:00:00,282.56372,-34.5,-58.25
2025-05-28 11:00:00,282.2805,-34.5,-58.25
2025-05-28 12:00:00,282.10297,-34.5,-58.25
2025-05-28 13:00:00,282.261,-34.5,-58.25
2025-05-28 14:00:00,282.75677,-34.5,-58.25
2025-05-28 15:00:00,283.38245,-34.5,-58.25
2025-05-28 16:00:00,284.15814,-34.5,-58.25
2025-05-28 17:00:00,284.68466,-34.5,-58.25
2025-05-28 18:00:00,284.89642,-34.5,-58.25
2025-05-28 19:00:00,285.10046,-34.5,-58.25
2025-05-28 20:00:00,284.74612,-34.5,-58.25
2025-05-28 21:00:00,284.73233,-34.5,-58.25
2025-05-28 22:00:00,284.66302,-34.5,-58.25
2025-05-28 23:00:00,284.65698,-34.5,-58.25
2025-05-29 00:00:00,284.57788,-34.5,-58.25
2025-05-29 01:00:00,284.4062,-34.5,-58.25
2025-05-29 02:00:00,284.1143,-34.5,-58.25
2025-05-29 03:00:00,283.79376,-34.5,-58.25
2025-05-29 04:00:00,283.51627,-34.5,-58.25
2025-05-29 05:00:00,283.29956,-34.5,-58.25
2025-05-29 06:00:00,283.09894,-34.5,-58.25
2025-05-29 07:00:00,282.89307,-34.5,-58.25
2025-05-29 08:00:00,282.63193,-34.5,-58.25
2025-05-29 09:00:00,282.43384,-34.5,-58.25
2025-05-29 10:00:00,281.5098,-34.5,-58.25
2025-05-29 11:00:00,281.4439,-34.5,-58.25
2025-05-29 12:00:00,281.53195,-34.5,-58.25
2025-05-29 13:00:00,281.89032,-34.5,-58.25
2025-05-29 14:00:00,282.45508,-34.5,-58.25
2025-05-29 15:00:00,283.04584,-34.5,-58.25
2025-05-29 16:00:00,283.56934,-34.5,-58.25
2025-05-29 17:00:00,284.03693,-34.5,-58.25
2025-05-29 18:00:00,284.41742,-34.5,-58.25
2025-05-29 19:00:00,284.75027,-34.5,-58.25
2025-05-29 20:00:00,284.90103,-34.5,-58.25
2025-05-29 21:00:00,284.90158,-34.5,-58.25
2025-05-29 22:00:00,284.76013,-34.5,-58.25
2025-05-29 23:00:00,284.69684,-34.5,-58.25
2025-05-30 00:00:00,284.67636,-34.5,-58.25
2025-05-30 01:00:00,284.64136,-34.5,-58.25
2025-05-30 02:00:00,284.5758,-34.5,-58.25
2025-05-30 03:00:00,284.51062,-34.5,-58.25
2025-05-30 04:00:00,284.3892,-34.5,-58.25
2025-05-30 05:00:00,284.23157,-34.5,-58.25
2025-05-30 06:00:00,284.00122,-34.5,-58.25
2025-05-30 07:00:00,283.8275,-34.5,-58.25
2025-05-30 08:00:00,283.63467,-34.5,-58.25
2025-05-30 09:00:00,283.5061,-34.5,-58.25
2025-05-30 10:00:00,283.59912,-34.5,-58.25
2025-05-30 11:00:00,283.46814,-34.5,-58.25
2025-05-30 12:00:00,283.42407,-34.5,-58.25
2025-05-30 13:00:00,283.52658,-34.5,-58.25
2025-05-30 14:00:00,283.81085,-34.5,-58.25
2025-05-30 15:00:00,284.27145,-34.5,-58.25
2025-05-30 16:00:00,284.80695,-34.5,-58.25
2025-05-30 17:00:00,285.3728,-34.5,-58.25
2025-05-30 18:00:00,285.85278,-34.5,-58.25
2025-05-30 19:00:00,286.2293,-34.5,-58.25
2025-05-30 20:00:00,286.42596,-34.5,-58.25
2025-05-30 21:00:00,286.45898,-34.5,-58.25
2025-05-30 22:00:00,286.18234,-34.5,-58.25
2025-05-30 23:00:00,286.07104,-34.5,-58.25
2025-05-31 00:00:00,285.90674,-34.5,-58.25
2025-05-31 01:00:00,285.7296,-34.5,-58.25
2025-05-31 02:00:00,285.5504,-34.5,-58.25
2025-05-31 03:00:00,285.28802,-34.5,-58.25
2025-05-31 04:00:00,285.00122,-34.5,-58.25
2025-05-31 05:00:00,284.63733,-34.5,-58.25
2025-05-31 06:00:00,284.26672,-34.5,-58.25
2025-05-31 07:00:00,283.9687,-34.5,-58.25
2025-05-31 08:00:00,283.70026,-34.5,-58.25
2025-05-31 09:00:00,283.47495,-34.5,-58.25
2025-05-31 10:00:00,282.86487,-34.5,-58.25
2025-05-31 11:00:00,282.488,-34.5,-58.25
2025-05-31 12:00:00,282.23486,-34.5,-58.25
2025-05-31 13:00:00,282.4921,-34.5,-58.25
2025-05-31 14:00:00,283.25186,-34.5,-58.25
2025-05-31 15:00:00,284.30334,-34.5,-58.25
2025-05-31 16:00:00,285.40765,-34.5,-58.25
2025-05-31 17:00:00,286.3673,-34.5,-58.25
2025-05-31 18:00:00,286.93164,-34.5,-58.25
2025-05-31 19:00:00,287.29547,-34.5,-58.25
2025-05-31 20:00:00,287.40536,-34.5,-58.25
2025-05-31 21:00:00,287.24127,-34.5,-58.25
2025-05-31 22:00:00,287.42084,-34.5,-58.25
2025-05-31 23:00:00,286.90045,-34.5,-58.25
2025-06-01 00:00:00,286.40714,-34.5,-58.25
2025-06-01 01:00:00,285.96808,-34.5,-58.25
2025-06-01 02:00:00,285.515,-34.5,-58.25
2025-06-01 03:00:00,284.98798,-34.5,-58.25
2025-06-01 04:00:00,284.4316,-34.5,-58.25
2025-06-01 05:00:00,283.87234,-34.5,-58.25
2025-06-01 06:00:00,283.48584,-34.5,-58.25
2025-06-01 07:00:00,283.20154,-34.5,-58.25
2025-06-01 08:00:00,282.92667,-34.5,-58.25
2025-06-01 09:00:00,282.70685,-34.5,-58.25
2025-06-01 10:00:00,282.32986,-34.5,-58.25
2025-06-01 11:00:00,282.07416,-34.5,-58.25
2025-06-01 12:00:00,282.18304,-34.5,-58.25
2025-06-01 13:00:00,282.56638,-34.5,-58.25
2025-06-01 14:00:00,283.45477,-34.5,-58.25
2025-06-01 15:00:00,284.4225,-34.5,-58.25
2025-06-01 16:00:00,285.2283,-34.5,-58.25
2025-06-01 17:00:00,285.94897,-34.5,-58.25
2025-06-01 18:00:00,286.58994,-34.5,-58.25
2025-06-01 19:00:00,287.0179,-34.5,-58.25
2025-06-01 20:00:00,287.2195,-34.5,-58.25
2025-06-01 21:00:00,287.14728,-34.5,-58.25
2025-06-01 22:00:00,287.53018,-34.5,-58.25
2025-06-01 23:00:00,287.32358,-34.5,-58.25
2025-06-02 00:00:00,287.01135,-34.5,-58.25
2025-06-02 01:00:00,286.7138,-34.5,-58.25
2025-06-02 02:00:00,286.41626,-34.5,-58.25
2025-06-02 03:00:00,286.1439,-34.5,-58.25
2025-06-02 04:00:00,285.85272,-34.5,-58.25
2025-06-02 05:00:00,285.55377,-34.5,-58.25
2025-06-02 06:00:00,285.19122,-34.5,-58.25
2025-06-02 07:00:00,284.8631,-34.5,-58.25
2025-06-02 08:00:00,284.6311,-34.5,-58.25
2025-06-02 09:00:00,284.45325,-34.5,-58.25
2025-06-02 10:00:00,284.4001,-34.5,-58.25
2025-06-02 11:00:00,284.3187,-34.5,-58.25
2025-06-02 12:00:00,284.35352,-34.5,-58.25
2025-06-02 13:00:00,284.6393,-34.5,-58.25
2025-06-02 14:00:00,285.2324,-34.5,-58.25
2025-06-02 15:00:00,285.94025,-34.5,-58.25
2025-06-02 16:00:00,286.67975,-34.5,-58.25
2025-06-02 17:00:00,287.29318,-34.5,-58.25
2025-06-02 18:00:00,287.79428,-34.5,-58.25
2025-06-02 19:00:00,288.12213,-34.5,-58.25
2025-06-02 20:00:00,288.2251,-34.5,-58.25
2025-06-02 21:00:00,288.0642,-34.5,-58.25
2025-06-02 22:00:00,287.96338,-34.5,-58.25
2025-06-02 23:00:00,287.86273,-34.5,-58.25
2025-06-03 00:00:00,287.72504,-34.5,-58.25
2025-06-03 01:00:00,287.51944,-34.5,-58.25
2025-06-03 02:00:00,287.2517,-34.5,-58.25
2025-06-03 03:00:00,286.99756,-34.5,-58.25
2025-06-03 04:00:00,286.73914,-34.5,-58.25
2025-06-03 05:00:00,286.54272,-34.5,-58.25
2025-06-03 06:00:00,286.38806,-34.5,-58.25
2025-06-03 07:00:00,286.23718,-34.5,-58.25
2025-06-03 08:00:00,286.07462,-34.5,-58.25
2025-06-03 09:00:00,285.95132,-34.5,-58.25
2025-06-03 10:00:00,285.31104,-34.5,-58.25
2025-06-03 11:00:00,285.25342,-34.5,-58.25
2025-06-03 12:00:00,285.28198,-34.5,-58.25
2025-06-03 13:00:00,285.65878,-34.5,-58.25
2025-06-03 14:00:00,286.04828,-34.5,-58.25
2025-06-03 15:00:00,286.51215,-34.5,-58.25
2025-06-03 16:00:00,287.08942,-34.5,-58.25
2025-06-03 17:00:00,287.65796,-34.5,-58.25
2025-06-03 18:00:00,288.0196,-34.5,-58.25
2025-06-03 19:00:00,288.2802,-34.5,-58.25
2025-06-03 20:00:00,288.4249,-34.5,-58.25
2025-06-03 21:00:00,288.60376,-34.5,-58.25
2025-06-03 22:00:00,288.7917,-34.5,-58.25
2025-06-03 23:00:00,288.74835,-34.5,-58.25
2025-06-04 00:00:00,288.69925,-34.5,-58.25
2025-06-04 01:00:00,288.66525,-34.5,-58.25
2025-06-04 02:00:00,288.65488,-34.5,-58.25
2025-06-04 03:00:00,288.6371,-34.5,-58.25
2025-06-04 04:00:00,288.57825,-34.5,-58.25
2025-06-04 05:00:00,288.41064,-34.5,-58.25
2025-06-04 06:00:00,288.0976,-34.5,-58.25
2025-06-04 07:00:00,287.73874,-34.5,-58.25
2025-06-04 08:00:00,287.36908,-34.5,-58.25
2025-06-04 09:00:00,287.05914,-34.5,-58.25
2025-06-04 10:00:00,286.92487,-34.5,-58.25
2025-06-04 11:00:00,286.67676,-34.5,-58.25
2025-06-04 12:00:00,286.55942,-34.5,-58.25
2025-06-04 13:00:00,286.61212,-34.5,-58.25
2025-06-04 14:00:00,286.98645,-34.5,-58.25
2025-06-04 15:00:00,287.53217,-34.5,-58.25
2025-06-04 16:00:00,288.0915,-34.5,-58.25
2025-06-04 17:00:00,288.7229,-34.5,-58.25
2025-06-04 18:00:00,289.16055,-34.5,-58.25
2025-06-04 19:00:00,289.3899,-34.5,-58.25
2025-06-04 20:00:00,289.3247,-34.5,-58.25
2025-06-04 21:00:00,289.12152,-34.5,-58.25
2025-06-04 22:00:00,288.989,-34.5,-58.25
2025-06-04 23:00:00,288.802,-34.5,-58.25
2025-06-05 00:00:00,288.5543,-34.5,-58.25
2025-06-05 01:00:00,288.2295,-34.5,-58.25
2025-06-05 02:00:00,287.84204,-34.5,-58.25
2025-06-05 03:00:00,287.5271,-34.5,-58.25
2025-06-05 04:00:00,287.29578,-34.5,-58.25
2025-06-05 05:00:00,286.93124,-34.5,-58.25
2025-06-05 06:00:00,286.3331,-34.5,-58.25
2025-06-05 07:00:00,285.68878,-34.5,-58.25
2025-06-05 08:00:00,285.09955,-34.5,-58.25
2025-06-05 09:00:00,284.63284,-34.5,-58.25
2025-06-05 10:00:00,284.08002,-34.5,-58.25
2025-06-05 11:00:00,283.72498,-34.5,-58.25
2025-06-05 12:00:00,283.5215,-34.5,-58.25
2025-06-05 13:00:00,283.6029,-34.5,-58.25
2025-06-05 14:00:00,283.93243,-34.5,-58.25
2025-06-05 15:00:00,284.2841,-34.5,-58.25
2025-06-05 16:00:00,284.5716,-34.5,-58.25
2025-06-05 17:00:00,284.84503,-34.5,-58.25
2025-06-05 18:00:00,285.09454,-34.5,-58.25
2025-06-05 19:00:00,285.33276,-34.5,-58.25
2025-06-05 20:00:00,285.4946,-34.5,-58.25
2025-06-05 21:00:00,285.53882,-34.5,-58.25
2025-06-05 22:00:00,286.16144,-34.5,-58.25
2025-06-05 23:00:00,286.21344,-34.5,-58.25
2025-06-06 00:00:00,286.27582,-34.5,-58.25
2025-06-06 01:00:00,286.25677,-34.5,-58.25
2025-06-06 02:00:00,286.20175,-34.5,-58.25
2025-06-06 03:00:00,286.02698,-34.5,-58.25
2025-06-06 04:00:00,285.86694,-34.5,-58.25
2025-06-06 05:00:00,285.71753,-34.5,-58.25
2025-06-06 06:00:00,285.56195,-34.5,-58.25
2025-06-06 07:00:00,285.4135,-34.5,-58.25
2025-06-06 08:00:00,285.2799,-34.5,-58.25
2025-06-06 09:00:00,284.96884,-34.5,-58.25
2025-06-06 10:00:00,284.83722,-34.5,-58.25
2025-06-06 11:00:00,284.7176,-34.5,-58.25
2025-06-06 12:00:00,284.43597,-34.5,-58.25
2025-06-06 13:00:00,284.42017,-34.5,-58.25
2025-06-06 14:00:00,284.85074,-34.5,-58.25
2025-06-06 15:00:00,285.7416,-34.5,-58.25
2025-06-06 16:00:00,286.6573,-34.5,-58.25
2025-06-06 17:00:00,287.43875,-34.5,-58.25
2025-06-06 18:00:00,288.008,-34.5,-58.25
2025-06-06 19:00:00,288.3581,-34.5,-58.25
2025-06-06 20:00:00,288.3985,-34.5,-58.25
2025-06-06 21:00:00,288.1424,-34.5,-58.25
2025-06-06 22:00:00,288.21124,-34.5,-58.25
2025-06-06 23:00:00,288.08954,-34.5,-58.25
2025-06-07 00:00:00,287.9184,-34.5,-58.25
2025-06-07 01:00:00,287.62955,-34.5,-58.25
2025-06-07 02:00:00,287.29962,-34.5,-58.25
2025-06-07 03:00:00,286.97665,-34.5,-58.25
2025-06-07 04:00:00,286.71225,-34.5,-58.25
2025-06-07 05:00:00,286.44342,-34.5,-58.25
2025-06-07 06:00:00,286.13904,-34.5,-58.25
2025-06-07 07:00:00,285.83002,-34.5,-58.25
2025-06-07 08:00:00,285.53632,-34.5,-58.25
2025-06-07 09:00:00,285.34924,-34.5,-58.25
2025-06-07 10:00:00,285.49213,-34.5,-58.25
2025-06-07 11:00:00,285.4223,-34.5,-58.25
2025-06-07 12:00:00,285.46057,-34.5,-58.25
2025-06-07 13:00:00,285.56244,-34.5,-58.25
2025-06-07 14:00:00,285.89758,-34.5,-58.25
2025-06-07 15:00:00,286.33472,-34.5,-58.25
2025-06-07 16:00:00,286.79507,-34.5,-58.25
2025-06-07 17:00:00,287.20258,-34.5,-58.25
2025-06-07 18:00:00,287.48315,-34.5,-58.25
2025-06-07 19:00:00,287.66733,-34.5,-58.25
2025-06-07 20:00:00,287.79346,-34.5,-58.25
2025-06-07 21:00:00,287.80762,-34.5,-58.25
2025-06-07 22:00:00,287.88898,-34.5,-58.25
2025-06-07 23:00:00,287.7532,-34.5,-58.25
2025-06-08 00:00:00,287.57996,-34.5,-58.25
2025-06-08 01:00:00,287.33167,-34.5,-58.25
2025-06-08 02:00:00,286.91992,-34.5,-58.25
2025-06-08 03:00:00,286.49356,-34.5,-58.25
2025-06-08 04:00:00,286.1145,-34.5,-58.25
2025-06-08 05:00:00,285.7472,-34.5,-58.25
2025-06-08 06:00:00,285.40198,-34.5,-58.25
2025-06-08 07:00:00,285.09222,-34.5,-58.25
2025-06-08 08:00:00,284.85614,-34.5,-58.25
2025-06-08 09:00:00,284.78693,-34.5,-58.25
2025-06-08 10:00:00,284.46033,-34.5,-58.25
2025-06-08 11:00:00,284.38443,-34.5,-58.25
2025-06-08 12:00:00,284.32648,-34.5,-58.25
2025-06-08 13:00:00,284.2097,-34.5,-58.25
2025-06-08 14:00:00,284.1776,-34.5,-58.25
2025-06-08 15:00:00,284.25217,-34.5,-58.25
2025-06-08 16:00:00,284.58685,-34.5,-58.25
2025-06-08 17:00:00,285.03644,-34.5,-58.25
2025-06-08 18:00:00,285.4297,-34.5,-58.25
2025-06-08 19:00:00,285.75104,-34.5,-58.25
2025-06-08 20:00:00,285.92957,-34.5,-58.25
2025-06-08 21:00:00,285.94296,-34.5,-58.25
2025-06-08 22:00:00,285.41577,-34.5,-58.25
2025-06-08 23:00:00,285.13892,-34.5,-58.25
2025-06-09 00:00:00,284.87866,-34.5,-58.25
2025-06-09 01:00:00,284.62622,-34.5,-58.25
2025-06-09 02:00:00,284.41302,-34.5,-58.25
2025-06-09 03:00:00,284.26904,-34.5,-58.25
2025-06-09 04:00:00,284.10828,-34.5,-58.25
2025-06-09 05:00:00,283.9718,-34.5,-58.25
2025-06-09 06:00:00,283.8005,-34.5,-58.25
2025-06-09 07:00:00,283.62683,-34.5,-58.25
2025-06-09 08:00:00,283.3612,-34.5,-58.25
2025-06-09 09:00:00,283.16107,-34.5,-58.25
2025-06-09 10:00:00,282.3003,-34.5,-58.25
2025-06-09 11:00:00,282.15408,-34.5,-58.25
2025-06-09 12:00:00,282.0014,-34.5,-58.25
2025-06-09 13:00:00,281.82056,-34.5,-58.25
2025-06-09 14:00:00,281.83582,-34.5,-58.25
2025-06-09 15:00:00,281.92157,-34.5,-58.25
2025-06-09 16:00:00,282.15753,-34.5,-58.25
2025-06-09 17:00:00,282.4076,-34.5,-58.25
2025-06-09 18:00:00,282.6931,-34.5,-58.25
2025-06-09 19:00:00,283.05722,-34.5,-58.25
2025-06-09 20:00:00,283.28116,-34.5,-58.25
2025-06-09 21:00:00,283.32367,-34.5,-58.25
2025-06-09 22:00:00,283.62375,-34.5,-58.25
2025-06-09 23:00:00,283.62326,-34.5,-58.25
2025-06-10 00:00:00,283.68463,-34.5,-58.25
2025-06-10 01:00:00,283.81268,-34.5,-58.25
2025-06-10 02:00:00,283.9563,-34.5,-58.25
2025-06-10 03:00:00,284.08377,-34.5,-58.25
2025-06-10 04:00:00,284.21085,-34.5,-58.25
2025-06-10 05:00:00,284.2341,-34.5,-58.25
2025-06-10 06:00:00,284.1823,-34.5,-58.25
2025-06-10 07:00:00,284.11328,-34.5,-58.25
2025-06-10 08:00:00,283.85776,-34.5,-58.25
2025-06-10 09:00:00,283.59418,-34.5,-58.25
2025-06-10 10:00:00,283.22607,-34.5,-58.25
2025-06-10 11:00:00,283.0677,-34.5,-58.25
2025-06-10 12:00:00,282.97604,-34.5,-58.25
2025-06-10 13:00:00,283.14325,-34.5,-58.25
2025-06-10 14:00:00,283.56323,-34.5,-58.25
2025-06-10 15:00:00,284.1045,-34.5,-58.25
2025-06-10 16:00:00,284.6386,-34.5,-58.25
2025-06-10 17:00:00,285.15524,-34.5,-58.25
2025-06-10 18:00:00,285.6162,-34.5,-58.25
2025-06-10 19:00:00,285.97708,-34.5,-58.25
2025-06-10 20:00:00,286.15692,-34.5,-58.25
2025-06-10 21:00:00,286.1825,-34.5,-58.25
2025-06-10 22:00:00,286.2824,-34.5,-58.25
2025-06-10 23:00:00,286.31906,-34.5,-58.25
2025-06-11 00:00:00,286.35114,-34.5,-58.25
2025-06-11 01:00:00,286.3708,-34.5,-58.25
2025-06-11 02:00:00,286.2873,-34.5,-58.25
2025-06-11 03:00:00,286.1272,-34.5,-58.25
2025-06-11 04:00:00,285.88336,-34.5,-58.25
2025-06-11 05:00:00,285.61218,-34.5,-58.25
2025-06-11 06:00:00,285.36383,-34.5,-58.25
2025-06-11 07:00:00,285.12152,-34.5,-58.25
2025-06-11 08:00:00,284.8741,-34.5,-58.25
2025-06-11 09:00:00,284.6881,-34.5,-58.25
2025-06-11 10:00:00,284.15063,-34.5,-58.25
2025-06-11 11:00:00,284.01434,-34.5,-58.25
2025-06-11 12:00:00,283.94788,-34.5,-58.25
2025-06-11 13:00:00,284.02673,-34.5,-58.25
2025-06-11 14:00:00,284.34085,-34.5,-58.25
2025-06-11 15:00:00,284.88544,-34.5,-58.25
2025-06-11 16:00:00,285.55133,-34.5,-58.25
2025-06-11 17:00:00,286.2087,-34.5,-58.25
2025-06-11 18:00:00,286.79962,-34.5,-58.25
2025-06-11 19:00:00,287.29828,-34.5,-58.25
2025-06-11 20:00:00,287.5569,-34.5,-58.25
2025-06-11 21:00:00,287.48245,-34.5,-58.25
2025-06-11 22:00:00,287.30835,-34.5,-58.25
2025-06-11 23:00:00,287.12906,-34.5,-58.25
2025-06-12 00:00:00,286.72623,-34.5,-58.25
2025-06-12 01:00:00,286.15637,-34.5,-58.25
2025-06-12 02:00:00,285.62402,-34.5,-58.25
2025-06-12 03:00:00,285.23584,-34.5,-58.25
2025-06-12 04:00:00,285.0006,-34.5,-58.25
2025-06-12 05:00:00,284.8228,-34.5,-58.25
2025-06-12 06:00:00,284.70978,-34.5,-58.25
2025-06-12 07:00:00,284.64856,-34.5,-58.25
2025-06-12 08:00:00,284.62482,-34.5,-58.25
2025-06-12 09:00:00,284.6106,-34.5,-58.25
2025-06-12 10:00:00,284.5619,-34.5,-58.25
2025-06-12 11:00:00,284.50366,-34.5,-58.25
2025-06-12 12:00:00,284.491,-34.5,-58.25
2025-06-12 13:00:00,284.6295,-34.5,-58.25
2025-06-12 14:00:00,285.06848,-34.5,-58.25
2025-06-12 15:00:00,285.86572,-34.5,-58.25
2025-06-12 16:00:00,286.80658,-34.5,-58.25
2025-06-12 17:00:00,287.5738,-34.5,-58.25
2025-06-12 18:00:00,288.04773,-34.5,-58.25
2025-06-12 19:00:00,288.27335,-34.5,-58.25
2025-06-12 20:00:00,288.34833,-34.5,-58.25
2025-06-12 21:00:00,288.21906,-34.5,-58.25
2025-06-12 22:00:00,288.1057,-34.5,-58.25
2025-06-12 23:00:00,287.75793,-34.5,-58.25
2025-06-13 00:00:00,287.4782,-34.5,-58.25
2025-06-13 01:00:00,287.30994,-34.5,-58.25
2025-06-13 02:00:00,287.15686,-34.5,-58.25
2025-06-13 03:00:00,286.9899,-34.5,-58.25
2025-06-13 04:00:00,286.77106,-34.5,-58.25
2025-06-13 05:00:00,286.5797,-34.5,-58.25
2025-06-13 06:00:00,286.36835,-34.5,-58.25
2025-06-13 07:00:00,286.20306,-34.5,-58.25
2025-06-13 08:00:00,286.0465,-34.5,-58.25
2025-06-13 09:00:00,285.93536,-34.5,-58.25
2025-06-13 10:00:00,285.8034,-34.5,-58.25
2025-06-13 11:00:00,285.79745,-34.5,-58.25
2025-06-13 12:00:00,285.864,-34.5,-58.25
2025-06-13 13:00:00,286.03674,-34.5,-58.25
2025-06-13 14:00:00,286.29376,-34.5,-58.25
2025-06-13 15:00:00,286.47498,-34.5,-58.25
2025-06-13 16:00:00,286.70978,-34.5,-58.25
2025-06-13 17:00:00,286.54926,-34.5,-58.25
2025-06-13 18:00:00,286.41895,-34.5,-58.25
2025-06-13 19:00:00,286.4286,-34.5,-58.25
2025-06-13 20:00:00,286.531,-34.5,-58.25
2025-06-13 21:00:00,286.54327,-34.5,-58.25
2025-06-13 22:00:00,286.92267,-34.5,-58.25
2025-06-13 23:00:00,286.90674,-34.5,-58.25
2025-06-14 00:00:00,286.92233,-34.5,-58.25
2025-06-14 01:00:00,287.0017,-34.5,-58.25
2025-06-14 02:00:00,287.01962,-34.5,-58.25
2025-06-14 03:00:00,287.07104,-34.5,-58.25
2025-06-14 04:00:00,287.0857,-34.5,-58.25
2025-06-14 05:00:00,286.98367,-34.5,-58.25
2025-06-14 06:00:00,286.70203,-34.5,-58.25
2025-06-14 07:00:00,286.5957,-34.5,-58.25
2025-06-14 08:00:00,286.50534,-34.5,-58.25
2025-06-14 09:00:00,286.4301,-34.5,-58.25
2025-06-14 10:00:00,286.09766,-34.5,-58.25
2025-06-14 11:00:00,285.9756,-34.5,-58.25
2025-06-14 12:00:00,285.83804,-34.5,-58.25
2025-06-14 13:00:00,285.69037,-34.5,-58.25
2025-06-14 14:00:00,285.56537,-34.5,-58.25
2025-06-14 15:00:00,285.47168,-34.5,-58.25
2025-06-14 16:00:00,285.31378,-34.5,-58.25
2025-06-14 17:00:00,285.04486,-34.5,-58.25
2025-06-14 18:00:00,284.8554,-34.5,-58.25
2025-06-14 19:00:00,284.8712,-34.5,-58.25
2025-06-14 20:00:00,284.84744,-34.5,-58.25
2025-06-14 21:00:00,284.72644,-34.5,-58.25
2025-06-14 22:00:00,285.2109,-34.5,-58.25
2025-06-14 23:00:00,285.13138,-34.5,-58.25
2025-06-15 00:00:00,285.05353,-34.5,-58.25
2025-06-15 01:00:00,284.87415,-34.5,-58.25
2025-06-15 02:00:00,284.6507,-34.5,-58.25
2025-06-15 03:00:00,284.14697,-34.5,-58.25
2025-06-15 04:00:00,283.6632,-34.5,-58.25
2025-06-15 05:00:00,283.1938,-34.5,-58.25
2025-06-15 06:00:00,282.72052,-34.5,-58.25
2025-06-15 07:00:00,282.24225,-34.5,-58.25
2025-06-15 08:00:00,281.79868,-34.5,-58.25
2025-06-15 09:00:00,281.51254,-34.5,-58.25
2025-06-15 10:00:00,280.97717,-34.5,-58.25
2025-06-15 11:00:00,280.63684,-34.5,-58.25
2025-06-15 12:00:00,280.581,-34.5,-58.25
2025-06-15 13:00:00,280.96887,-34.5,-58.25
2025-06-15 14:00:00,281.6285,-34.5,-58.25
2025-06-15 15:00:00,282.34787,-34.5,-58.25
2025-06-15 16:00:00,283.18686,-34.5,-58.25
2025-06-15 17:00:00,284.08105,-34.5,-58.25
2025-06-15 18:00:00,284.83423,-34.5,-58.25
2025-06-15 19:00:00,285.4587,-34.5,-58.25
2025-06-15 20:00:00,285.86145,-34.5,-58.25
2025-06-15 21:00:00,286.0103,-34.5,-58.25
2025-06-15 22:00:00,285.86044,-34.5,-58.25
2025-06-15 23:00:00,285.8946,-34.5,-58.25
2025-06-16 00:00:00,285.72452,-34.5,-58.25
2025-06-16 01:00:00,285.51453,-34.5,-58.25
2025-06-16 02:00:00,285.30374,-34.5,-58.25
2025-06-16 03:00:00,285.11212,-34.5,-58.25
2025-06-16 04:00:00,284.99506,-34.5,-58.25
2025-06-16 05:00:00,284.8459,-34.5,-58.25
2025-06-16 06:00:00,284.71893,-34.5,-58.25
2025-06-16 07:00:00,284.55597,-34.5,-58.25
2025-06-16 08:00:00,284.48633,-34.5,-58.25
2025-06-16 09:00:00,284.45453,-34.5,-58.25
2025-06-16 10:00:00,284.3503,-34.5,-58.25
2025-06-16 11:00:00,284.3283,-34.5,-58.25
2025-06-16 12:00:00,284.35452,-34.5,-58.25
2025-06-16 13:00:00,284.5656,-34.5,-58.25
2025-06-16 14:00:00,284.96274,-34.5,-58.25
2025-06-16 15:00:00,285.70868,-34.5,-58.25
2025-06-16 16:00:00,286.36948,-34.5,-58.25
2025-06-16 17:00:00,286.80765,-34.5,-58.25
2025-06-16 18:00:00,287.12134,-34.5,-58.25
2025-06-16 19:00:00,287.3553,-34.5,-58.25
2025-06-16 20:00:00,287.35742,-34.5,-58.25
2025-06-16 21:00:00,287.24615,-34.5,-58.25
2025-06-16 22:00:00,286.55725,-34.5,-58.25
2025-06-16 23:00:00,286.55356,-34.5,-58.25
2025-06-17 00:00:00,286.43665,-34.5,-58.25
2025-06-17 01:00:00,286.23474,-34.5,-58.25
2025-06-17 02:00:00,285.9846,-34.5,-58.25
2025-06-17 03:00:00,285.8205,-34.5,-58.25
2025-06-17 04:00:00,285.708,-34.5,-58.25
2025-06-17 05:00:00,285.5822,-34.5,-58.25
2025-06-17 06:00:00,285.44525,-34.5,-58.25
2025-06-17 07:00:00,285.3233,-34.5,-58.25
2025-06-17 08:00:00,285.17215,-34.5,-58.25
2025-06-17 09:00:00,285.049,-34.5,-58.25
2025-06-17 10:00:00,284.98785,-34.5,-58.25
2025-06-17 11:00:00,284.6975,-34.5,-58.25
2025-06-17 12:00:00,284.41443,-34.5,-58.25
2025-06-17 13:00:00,284.3457,-34.5,-58.25
2025-06-17 14:00:00,284.54468,-34.5,-58.25
2025-06-17 15:00:00,284.94507,-34.5,-58.25
2025-06-17 16:00:00,285.4681,-34.5,-58.25
2025-06-17 17:00:00,285.9773,-34.5,-58.25
2025-06-17 18:00:00,286.3363,-34.5,-58.25
2025-06-17 19:00:00,286.58673,-34.5,-58.25
2025-06-17 20:00:00,286.6786,-34.5,-58.25
2025-06-17 21:00:00,286.64587,-34.5,-58.25
2025-06-17 22:00:00,286.20212,-34.5,-58.25
2025-06-17 23:00:00,285.9761,-34.5,-58.25
2025-06-18 00:00:00,285.5063,-34.5,-58.25
2025-06-18 01:00:00,285.0343,-34.5,-58.25
2025-06-18 02:00:00,284.6452,-34.5,-58.25
2025-06-18 03:00:00,284.41522,-34.5,-58.25
2025-06-18 04:00:00,284.29523,-34.5,-58.25
2025-06-18 05:00:00,284.2059,-34.5,-58.25
2025-06-18 06:00:00,284.0653,-34.5,-58.25
2025-06-18 07:00:00,283.89526,-34.5,-58.25
2025-06-18 08:00:00,283.7138,-34.5,-58.25
2025-06-18 09:00:00,283.5393,-34.5,-58.25
2025-06-18 10:00:00,283.31702,-34.5,-58.25
2025-06-18 11:00:00,283.1205,-34.5,-58.25
2025-06-18 12:00:00,282.99792,-34.5,-58.25
2025-06-18 13:00:00,283.13837,-34.5,-58.25
2025-06-18 14:00:00,283.60468,-34.5,-58.25
2025-06-18 15:00:00,284.2357,-34.5,-58.25
2025-06-18 16:00:00,284.94598,-34.5,-58.25
2025-06-18 17:00:00,285.57208,-34.5,-58.25
2025-06-18 18:00:00,286.1441,-34.5,-58.25
2025-06-18 19:00:00,286.53564,-34.5,-58.25
2025-06-18 20:00:00,286.64172,-34.5,-58.25
2025-06-18 21:00:00,286.60736,-34.5,-58.25
2025-06-18 22:00:00,286.46747,-34.5,-58.25
2025-06-18 23:00:00,286.30542,-34.5,-58.25
2025-06-19 00:00:00,286.05704,-34.5,-58.25
2025-06-19 01:00:00,285.7859,-34.5,-58.25
2025-06-19 02:00:00,285.55362,-34.5,-58.25
2025-06-19 03:00:00,285.31256,-34.5,-58.25
2025-06-19 04:00:00,285.12823,-34.5,-58.25
2025-06-19 05:00:00,284.951,-34.5,-58.25
2025-06-19 06:00:00,284.7033,-34.5,-58.25
2025-06-19 07:00:00,284.4875,-34.5,-58.25
2025-06-19 08:00:00,284.21744,-34.5,-58.25
2025-06-19 09:00:00,283.78174,-34.5,-58.25
2025-06-19 10:00:00,284.2989,-34.5,-58.25
2025-06-19 11:00:00,284.06744,-34.5,-58.25
2025-06-19 12:00:00,283.82495,-34.5,-58.25
2025-06-19 13:00:00,283.75497,-34.5,-58.25
2025-06-19 14:00:00,284.03534,-34.5,-58.25
2025-06-19 15:00:00,284.41483,-34.5,-58.25
2025-06-19 16:00:00,284.80573,-34.5,-58.25
2025-06-19 17:00:00,285.3376,-34.5,-58.25
2025-06-19 18:00:00,285.7862,-34.5,-58.25
2025-06-19 19:00:00,286.0177,-34.5,-58.25
2025-06-19 20:00:00,286.08838,-34.5,-58.25
2025-06-19 21:00:00,286.06836,-34.5,-58.25
2025-06-19 22:00:00,286.60437,-34.5,-58.25
2025-06-19 23:00:00,286.57828,-34.5,-58.25
2025-06-20 00:00:00,286.55542,-34.5,-58.25
2025-06-20 01:00:00,286.539,-34.5,-58.25
2025-06-20 02:00:00,286.5495,-34.5,-58.25
2025-06-20 03:00:00,286.51343,-34.5,-58.25
2025-06-20 04:00:00,286.29147,-34.5,-58.25
2025-06-20 05:00:00,285.94403,-34.5,-58.25
2025-06-20 06:00:00,285.4759,-34.5,-58.25
2025-06-20 07:00:00,285.0099,-34.5,-58.25
2025-06-20 08:00:00,284.57318,-34.5,-58.25
2025-06-20 09:00:00,284.2135,-34.5,-58.25
2025-06-20 10:00:00,284.0492,-34.5,-58.25
2025-06-20 11:00:00,283.64667,-34.5,-58.25
2025-06-20 12:00:00,283.29337,-34.5,-58.25
2025-06-20 13:00:00,283.26517,-34.5,-58.25
2025-06-20 14:00:00,283.44824,-34.5,-58.25
2025-06-20 15:00:00,284.10217,-34.5,-58.25
2025-06-20 16:00:00,284.92194,-34.5,-58.25
2025-06-20 17:00:00,285.753,-34.5,-58.25
2025-06-20 18:00:00,286.4762,-34.5,-58.25
2025-06-20 19:00:00,286.9812,-34.5,-58.25
2025-06-20 20:00:00,287.12653,-34.5,-58.25
2025-06-20 21:00:00,286.93408,-34.5,-58.25
2025-06-20 22:00:00,286.90863,-34.5,-58.25
2025-06-20 23:00:00,286.59088,-34.5,-58.25
2025-06-21 00:00:00,286.2626,-34.5,-58.25
2025-06-21 01:00:00,285.9632,-34.5,-58.25
2025-06-21 02:00:00,285.63702,-34.5,-58.25
2025-06-21 03:00:00,285.284,-34.5,-58.25
2025-06-21 04:00:00,285.00342,-34.5,-58.25
2025-06-21 05:00:00,284.73245,-34.5,-58.25
2025-06-21 06:00:00,284.50244,-34.5,-58.25
2025-06-21 07:00:00,284.24707,-34.5,-58.25
2025-06-21 08:00:00,283.9623,-34.5,-58.25
2025-06-21 09:00:00,283.72394,-34.5,-58.25
2025-06-21 10:00:00,283.4941,-34.5,-58.25
2025-06-21 11:00:00,283.25647,-34.5,-58.25
2025-06-21 12:00:00,283.06628,-34.5,-58.25
2025-06-21 13:00:00,283.18274,-34.5,-58.25
2025-06-21 14:00:00,283.6261,-34.5,-58.25
2025-06-21 15:00:00,284.2466,-34.5,-58.25
2025-06-21 16:00:00,284.9926,-34.5,-58.25
2025-06-21 17:00:00,285.6587,-34.5,-58.25
2025-06-21 18:00:00,286.2979,-34.5,-58.25
2025-06-21 19:00:00,286.72418,-34.5,-58.25
2025-06-21 20:00:00,286.92175,-34.5,-58.25
2025-06-21 21:00:00,286.7174,-34.5,-58.25
2025-06-21 22:00:00,286.61395,-34.5,-58.25
2025-06-21 23:00:00,286.4487,-34.5,-58.25
2025-06-22 00:00:00,286.27954,-34.5,-58.25
2025-06-22 01:00:00,286.07336,-34.5,-58.25
2025-06-22 02:00:00,285.78708,-34.5,-58.25
2025-06-22 03:00:00,285.53003,-34.5,-58.25
2025-06-22 04:00:00,285.40567,-34.5,-58.25
2025-06-22 05:00:00,285.3462,-34.5,-58.25
2025-06-22 06:00:00,285.22797,-34.5,-58.25
2025-06-22 07:00:00,285.11322,-34.5,-58.25
2025-06-22 08:00:00,285.00317,-34.5,-58.25
2025-06-22 09:00:00,284.96924,-34.5,-58.25
2025-06-22 10:00:00,284.8969,-34.5,-58.25
2025-06-22 11:00:00,284.98395,-34.5,-58.25
2025-06-22 12:00:00,285.09055,-34.5,-58.25
2025-06-22 13:00:00,285.25677,-34.5,-58.25
2025-06-22 14:00:00,285.5253,-34.5,-58.25
2025-06-22 15:00:00,285.7599,-34.5,-58.25
2025-06-22 16:00:00,285.89508,-34.5,-58.25
2025-06-22 17:00:00,285.99518,-34.5,-58.25
2025-06-22 18:00:00,286.338,-34.5,-58.25
2025-06-22 19:00:00,286.74567,-34.5,-58.25
2025-06-22 20:00:00,286.89417,-34.5,-58.25
2025-06-22 21:00:00,285.31824,-34.5,-58.25
2025-06-22 22:00:00,284.255,-34.5,-58.25
2025-06-22 23:00:00,282.4721,-34.5,-58.25
2025-06-23 00:00:00,281.1446,-34.5,-58.25
2025-06-23 01:00:00,280.66956,-34.5,-58.25
2025-06-23 02:00:00,280.6985,-34.5,-58.25
2025-06-23 03:00:00,280.78,-34.5,-58.25
2025-06-23 04:00:00,280.9069,-34.5,-58.25
2025-06-23 05:00:00,280.86017,-34.5,-58.25
2025-06-23 06:00:00,280.50775,-34.5,-58.25
2025-06-23 07:00:00,280.3218,-34.5,-58.25
2025-06-23 08:00:00,280.17603,-34.5,-58.25
2025-06-23 09:00:00,280.07648,-34.5,-58.25
2025-06-23 10:00:00,279.37338,-34.5,-58.25
2025-06-23 11:00:00,279.38702,-34.5,-58.25
2025-06-23 12:00:00,279.57,-34.5,-58.25
2025-06-23 13:00:00,279.8051,-34.5,-58.25
2025-06-23 14:00:00,280.06512,-34.5,-58.25
2025-06-23 15:00:00,280.62003,-34.5,-58.25
2025-06-23 16:00:00,281.3525,-34.5,-58.25
2025-06-23 17:00:00,281.9554,-34.5,-58.25
2025-06-23 18:00:00,282.37262,-34.5,-58.25
2025-06-23 19:00:00,282.7868,-34.5,-58.25
2025-06-23 20:00:00,282.867,-34.5,-58.25
2025-06-23 21:00:00,282.80072,-34.5,-58.25
2025-06-23 22:00:00,282.47995,-34.5,-58.25
2025-06-23 23:00:00,282.16028,-34.5,-58.25
2025-06-24 00:00:00,281.97797,-34.5,-58.25
2025-06-24 01:00:00,281.7727,-34.5,-58.25
2025-06-24 02:00:00,281.52362,-34.5,-58.25
2025-06-24 03:00:00,281.1886,-34.5,-58.25
2025-06-24 04:00:00,280.8764,-34.5,-58.25
2025-06-24 05:00:00,280.5685,-34.5,-58.25
2025-06-24 06:00:00,280.25446,-34.5,-58.25
2025-06-24 07:00:00,279.9581,-34.5,-58.25
2025-06-24 08:00:00,279.63144,-34.5,-58.25
2025-06-24 09:00:00,279.32147,-34.5,-58.25
2025-06-24 10:00:00,279.0589,-34.5,-58.25
2025-06-24 11:00:00,278.95465,-34.5,-58.25
2025-06-24 12:00:00,279.06476,-34.5,-58.25
2025-06-24 13:00:00,279.5505,-34.5,-58.25
2025-06-24 14:00:00,280.471,-34.5,-58.25
2025-06-24 15:00:00,281.63257,-34.5,-58.25
2025-06-24 16:00:00,282.81757,-34.5,-58.25
2025-06-24 17:00:00,283.9176,-34.5,-58.25
2025-06-24 18:00:00,284.86108,-34.5,-58.25
2025-06-24 19:00:00,285.51898,-34.5,-58.25
2025-06-24 20:00:00,285.75995,-34.5,-58.25
2025-06-24 21:00:00,285.5654,-34.5,-58.25
2025-06-24 22:00:00,285.4292,-34.5,-58.25
2025-06-24 23:00:00,285.18817,-34.5,-58.25
2025-06-25 00:00:00,284.91467,-34.5,-58.25
2025-06-25 01:00:00,284.65347,-34.5,-58.25
2025-06-25 02:00:00,284.35583,-34.5,-58.25
2025-06-25 03:00:00,284.06274,-34.5,-58.25
2025-06-25 04:00:00,283.80356,-34.5,-58.25
2025-06-25 05:00:00,283.55945,-34.5,-58.25
2025-06-25 06:00:00,283.2917,-34.5,-58.25
2025-06-25 07:00:00,283.05475,-34.5,-58.25
2025-06-25 08:00:00,282.81592,-34.5,-58.25
2025-06-25 09:00:00,282.64093,-34.5,-58.25
2025-06-25 10:00:00,282.5321,-34.5,-58.25
2025-06-25 11:00:00,282.30988,-34.5,-58.25
2025-06-25 12:00:00,282.15652,-34.5,-58.25
2025-06-25 13:00:00,282.25232,-34.5,-58.25
2025-06-25 14:00:00,282.59448,-34.5,-58.25
2025-06-25 15:00:00,283.18558,-34.5,-58.25
2025-06-25 16:00:00,283.91473,-34.5,-58.25
2025-06-25 17:00:00,284.62653,-34.5,-58.25
2025-06-25 18:00:00,285.1778,-34.5,-58.25
2025-06-25 19:00:00,285.52527,-34.5,-58.25
2025-06-25 20:00:00,285.60236,-34.5,-58.25
2025-06-25 21:00:00,285.4035,-34.5,-58.25
2025-06-25 22:00:00,285.19904,-34.5,-58.25
2025-06-25 23:00:00,284.72162,-34.5,-58.25
2025-06-26 00:00:00,284.13278,-34.5,-58.25
2025-06-26 01:00:00,283.42908,-34.5,-58.25
2025-06-26 02:00:00,282.8125,-34.5,-58.25
2025-06-26 03:00:00,282.27454,-34.5,-58.25
2025-06-26 04:00:00,281.90118,-34.5,-58.25
2025-06-26 05:00:00,281.59906,-34.5,-58.25
2025-06-26 06:00:00,281.30957,-34.5,-58.25
2025-06-26 07:00:00,280.88672,-34.5,-58.25
2025-06-26 08:00:00,280.48206,-34.5,-58.25
2025-06-26 09:00:00,280.14417,-34.5,-58.25
2025-06-26 10:00:00,279.86813,-34.5,-58.25
2025-06-26 11:00:00,279.7447,-34.5,-58.25
2025-06-26 12:00:00,279.68866,-34.5,-58.25
2025-06-26 13:00:00,280.04556,-34.5,-58.25
2025-06-26 14:00:00,280.79572,-34.5,-58.25
2025-06-26 15:00:00,281.6703,-34.5,-58.25
2025-06-26 16:00:00,282.61633,-34.5,-58.25
2025-06-26 17:00:00,283.59222,-34.5,-58.25
2025-06-26 18:00:00,284.4093,-34.5,-58.25
2025-06-26 19:00:00,285.07,-34.5,-58.25
2025-06-26 20:00:00,285.33698,-34.5,-58.25
2025-06-26 21:00:00,285.1872,-34.5,-58.25
2025-06-26 22:00:00,284.6618,-34.5,-58.25
2025-06-26 23:00:00,284.30115,-34.5,-58.25
2025-06-27 00:00:00,283.97406,-34.5,-58.25
2025-06-27 01:00:00,283.6132,-34.5,-58.25
2025-06-27 02:00:00,283.25537,-34.5,-58.25
2025-06-27 03:00:00,282.9804,-34.5,-58.25
2025-06-27 04:00:00,282.77252,-34.5,-58.25
2025-06-27 05:00:00,282.539,-34.5,-58.25
2025-06-27 06:00:00,282.2758,-34.5,-58.25
2025-06-27 07:00:00,282.0584,-34.5,-58.25
2025-06-27 08:00:00,281.86673,-34.5,-58.25
2025-06-27 09:00:00,281.7008,-34.5,-58.25
2025-06-27 10:00:00,281.401,-34.5,-58.25
2025-06-27 11:00:00,281.17035,-34.5,-58.25
2025-06-27 12:00:00,281.06952,-34.5,-58.25
2025-06-27 13:00:00,281.21057,-34.5,-58.25
2025-06-27 14:00:00,281.7282,-34.5,-58.25
2025-06-27 15:00:00,282.4243,-34.5,-58.25
2025-06-27 16:00:00,283.07996,-34.5,-58.25
2025-06-27 17:00:00,283.57294,-34.5,-58.25
2025-06-27 18:00:00,283.9262,-34.5,-58.25
2025-06-27 19:00:00,284.1261,-34.5,-58.25
2025-06-27 20:00:00,284.06567,-34.5,-58.25
2025-06-27 21:00:00,283.9021,-34.5,-58.25
2025-06-27 22:00:00,284.17285,-34.5,-58.25
2025-06-27 23:00:00,284.29346,-34.5,-58.25
2025-06-28 00:00:00,284.41315,-34.5,-58.25
2025-06-28 01:00:00,284.42688,-34.5,-58.25
2025-06-28 02:00:00,284.27316,-34.5,-58.25
2025-06-28 03:00:00,283.91693,-34.5,-58.25
2025-06-28 04:00:00,283.52368,-34.5,-58.25
2025-06-28 05:00:00,283.23962,-34.5,-58.25
2025-06-28 06:00:00,283.0484,-34.5,-58.25
2025-06-28 07:00:00,282.95203,-34.5,-58.25
2025-06-28 08:00:00,282.8266,-34.5,-58.25
2025-06-28 09:00:00,282.68787,-34.5,-58.25
2025-06-28 10:00:00,282.46494,-34.5,-58.25
2025-06-28 11:00:00,282.2712,-34.5,-58.25
2025-06-28 12:00:00,282.07834,-34.5,-58.25
2025-06-28 13:00:00,282.08252,-34.5,-58.25
2025-06-28 14:00:00,282.10956,-34.5,-58.25
2025-06-28 15:00:00,282.26007,-34.5,-58.25
2025-06-28 16:00:00,282.5711,-34.5,-58.25
2025-06-28 17:00:00,282.98312,-34.5,-58.25
2025-06-28 18:00:00,283.51364,-34.5,-58.25
2025-06-28 19:00:00,283.91602,-34.5,-58.25
2025-06-28 20:00:00,284.05484,-34.5,-58.25
2025-06-28 21:00:00,283.96365,-34.5,-58.25
2025-06-28 22:00:00,283.81177,-34.5,-58.25
2025-06-28 23:00:00,283.57126,-34.5,-58.25
2025-06-29 00:00:00,283.312,-34.5,-58.25
2025-06-29 01:00:00,283.13663,-34.5,-58.25
2025-06-29 02:00:00,282.93646,-34.5,-58.25
2025-06-29 03:00:00,282.61188,-34.5,-58.25
2025-06-29 04:00:00,282.17395,-34.5,-58.25
2025-06-29 05:00:00,281.59937,-34.5,-58.25
2025-06-29 06:00:00,281.01215,-34.5,-58.25
2025-06-29 07:00:00,280.537,-34.5,-58.25
2025-06-29 08:00:00,280.27753,-34.5,-58.25
2025-06-29 09:00:00,280.0661,-34.5,-58.25
2025-06-29 10:00:00,279.57266,-34.5,-58.25
2025-06-29 11:00:00,279.15485,-34.5,-58.25
2025-06-29 12:00:00,278.79688,-34.5,-58.25
2025-06-29 13:00:00,278.57068,-34.5,-58.25
2025-06-29 14:00:00,278.53046,-34.5,-58.25
2025-06-29 15:00:00,278.78317,-34.5,-58.25
2025-06-29 16:00:00,279.21527,-34.5,-58.25
2025-06-29 17:00:00,279.6568,-34.5,-58.25
2025-06-29 18:00:00,280.0083,-34.5,-58.25
2025-06-29 19:00:00,280.1563,-34.5,-58.25
2025-06-29 20:00:00,280.11707,-34.5,-58.25
2025-06-29 21:00:00,279.91425,-34.5,-58.25
2025-06-29 22:00:00,279.7602,-34.5,-58.25
2025-06-29 23:00:00,279.49957,-34.5,-58.25
2025-06-30 00:00:00,279.3299,-34.5,-58.25
2025-06-30 01:00:00,279.1957,-34.5,-58.25
2025-06-30 02:00:00,279.0371,-34.5,-58.25
2025-06-30 03:00:00,278.70905,-34.5,-58.25
2025-06-30 04:00:00,278.23633,-34.5,-58.25
2025-06-30 05:00:00,277.88507,-34.5,-58.25
2025-06-30 06:00:00,277.6046,-34.5,-58.25
2025-06-30 07:00:00,277.5761,-34.5,-58.25
2025-06-30 08:00:00,277.60684,-34.5,-58.25
2025-06-30 09:00:00,277.57635,-34.5,-58.25
2025-06-30 10:00:00,277.45825,-34.5,-58.25
2025-06-30 11:00:00,277.3312,-34.5,-58.25
2025-06-30 12:00:00,277.1737,-34.5,-58.25
2025-06-30 13:00:00,277.1513,-34.5,-58.25
2025-06-30 14:00:00,277.24078,-34.5,-58.25
2025-06-30 15:00:00,277.7764,-34.5,-58.25
2025-06-30 16:00:00,278.40125,-34.5,-58.25
2025-06-30 17:00:00,278.8227,-34.5,-58.25
2025-06-30 18:00:00,279.25507,-34.5,-58.25
2025-06-30 19:00:00,279.65942,-34.5,-58.25
2025-06-30 20:00:00,279.8236,-34.5,-58.25
2025-06-30 21:00:00,279.75513,-34.5,-58.25
2025-06-30 22:00:00,279.2279,-34.5,-58.25
2025-06-30 23:00:00,279.10696,-34.5,-58.25
2025-07-01 00:00:00,279.0948,-34.5,-58.25
2025-07-01 01:00:00,279.13916,-34.5,-58.25
2025-07-01 02:00:00,279.18463,-34.5,-58.25
2025-07-01 03:00:00,279.0733,-34.5,-58.25
2025-07-01 04:00:00,278.898,-34.5,-58.25
2025-07-01 05:00:00,278.60474,-34.5,-58.25
2025-07-01 06:00:00,278.23508,-34.5,-58.25
2025-07-01 07:00:00,277.86914,-34.5,-58.25
2025-07-01 08:00:00,277.5298,-34.5,-58.25
2025-07-01 09:00:00,277.29077,-34.5,-58.25
2025-07-01 10:00:00,276.67932,-34.5,-58.25
2025-07-01 11:00:00,276.46136,-34.5,-58.25
2025-07-01 12:00:00,276.30136,-34.5,-58.25
2025-07-01 13:00:00,276.5854,-34.5,-58.25
2025-07-01 14:00:00,277.35754,-34.5,-58.25
2025-07-01 15:00:00,278.28275,-34.5,-58.25
2025-07-01 16:00:00,279.1214,-34.5,-58.25
2025-07-01 17:00:00,279.70135,-34.5,-58.25
2025-07-01 18:00:00,280.17383,-34.5,-58.25
2025-07-01 19:00:00,280.4937,-34.5,-58.25
2025-07-01 20:00:00,280.65912,-34.5,-58.25
2025-07-01 21:00:00,280.68665,-34.5,-58.25
2025-07-01 22:00:00,280.86145,-34.5,-58.25
2025-07-01 23:00:00,280.81995,-34.5,-58.25
2025-07-02 00:00:00,280.7353,-34.5,-58.25
2025-07-02 01:00:00,280.64893,-34.5,-58.25
2025-07-02 02:00:00,280.55664,-34.5,-58.25
2025-07-02 03:00:00,280.3787,-34.5,-58.25
2025-07-02 04:00:00,280.2207,-34.5,-58.25
2025-07-02 05:00:00,280.11002,-34.5,-58.25
2025-07-02 06:00:00,280.00854,-34.5,-58.25
2025-07-02 07:00:00,279.8559,-34.5,-58.25
2025-07-02 08:00:00,279.66437,-34.5,-58.25
2025-07-02 09:00:00,279.52493,-34.5,-58.25
2025-07-02 10:00:00,279.51913,-34.5,-58.25
2025-07-02 11:00:00,279.47614,-34.5,-58.25
2025-07-02 12:00:00,279.5407,-34.5,-58.25
2025-07-02 13:00:00,279.65063,-34.5,-58.25
2025-07-02 14:00:00,279.8609,-34.5,-58.25
2025-07-02 15:00:00,280.10675,-34.5,-58.25
2025-07-02 16:00:00,280.4032,-34.5,-58.25
2025-07-02 17:00:00,280.73047,-34.5,-58.25
2025-07-02 18:00:00,281.0987,-34.5,-58.25
2025-07-02 19:00:00,281.455,-34.5,-58.25
2025-07-02 20:00:00,281.66382,-34.5,-58.25
2025-07-02 21:00:00,281.6797,-34.5,-58.25
2025-07-02 22:00:00,281.95728,-34.5,-58.25
2025-07-02 23:00:00,282.1171,-34.5,-58.25
2025-07-03 00:00:00,282.2259,-34.5,-58.25
2025-07-03 01:00:00,282.15738,-34.5,-58.25
2025-07-03 02:00:00,281.93018,-34.5,-58.25
2025-07-03 03:00:00,281.54138,-34.5,-58.25
2025-07-03 04:00:00,281.1801,-34.5,-58.25
2025-07-03 05:00:00,280.92438,-34.5,-58.25
2025-07-03 06:00:00,280.7211,-34.5,-58.25
2025-07-03 07:00:00,280.60553,-34.5,-58.25
2025-07-03 08:00:00,280.5036,-34.5,-58.25
2025-07-03 09:00:00,280.4074,-34.5,-58.25
2025-07-03 10:00:00,280.35083,-34.5,-58.25
2025-07-03 11:00:00,280.25473,-34.5,-58.25
2025-07-03 12:00:00,280.20657,-34.5,-58.25
2025-07-03 13:00:00,280.33246,-34.5,-58.25
2025-07-03 14:00:00,280.75543,-34.5,-58.25
2025-07-03 15:00:00,281.4931,-34.5,-58.25
2025-07-03 16:00:00,282.31668,-34.5,-58.25
2025-07-03 17:00:00,283.07272,-34.5,-58.25
2025-07-03 18:00:00,283.71277,-34.5,-58.25
2025-07-03 19:00:00,284.1734,-34.5,-58.25
2025-07-03 20:00:00,284.41885,-34.5,-58.25
2025-07-03 21:00:00,284.3848,-34.5,-58.25
2025-07-03 22:00:00,284.53918,-34.5,-58.25
2025-07-03 23:00:00,284.3067,-34.5,-58.25
2025-07-04 00:00:00,283.9975,-34.5,-58.25
2025-07-04 01:00:00,283.72705,-34.5,-58.25
2025-07-04 02:00:00,283.49567,-34.5,-58.25
2025-07-04 03:00:00,283.34015,-34.5,-58.25
2025-07-04 04:00:00,283.23615,-34.5,-58.25
2025-07-04 05:00:00,283.1427,-34.5,-58.25
2025-07-04 06:00:00,283.0241,-34.5,-58.25
2025-07-04 07:00:00,282.86005,-34.5,-58.25
2025-07-04 08:00:00,282.61435,-34.5,-58.25
2025-07-04 09:00:00,282.36053,-34.5,-58.25
2025-07-04 10:00:00,282.11353,-34.5,-58.25
2025-07-04 11:00:00,281.93103,-34.5,-58.25
2025-07-04 12:00:00,281.8321,-34.5,-58.25
2025-07-04 13:00:00,281.96222,-34.5,-58.25
2025-07-04 14:00:00,282.33173,-34.5,-58.25
2025-07-04 15:00:00,282.94794,-34.5,-58.25
2025-07-04 16:00:00,283.6206,-34.5,-58.25
2025-07-04 17:00:00,284.19617,-34.5,-58.25
2025-07-04 18:00:00,284.53232,-34.5,-58.25
2025-07-04 19:00:00,284.6864,-34.5,-58.25
2025-07-04 20:00:00,284.6264,-34.5,-58.25
2025-07-04 21:00:00,284.52045,-34.5,-58.25
2025-07-04 22:00:00,284.4803,-34.5,-58.25
2025-07-04 23:00:00,284.59845,-34.5,-58.25
2025-07-05 00:00:00,284.68658,-34.5,-58.25
2025-07-05 01:00:00,284.7522,-34.5,-58.25
2025-07-05 02:00:00,284.34277,-34.5,-58.25
2025-07-05 03:00:00,284.2036,-34.5,-58.25
2025-07-05 04:00:00,283.73703,-34.5,-58.25
2025-07-05 05:00:00,283.42706,-34.5,-58.25
2025-07-05 06:00:00,282.63586,-34.5,-58.25
2025-07-05 07:00:00,281.91873,-34.5,-58.25
2025-07-05 08:00:00,281.6316,-34.5,-58.25
2025-07-05 09:00:00,281.07294,-34.5,-58.25
2025-07-05 10:00:00,281.67215,-34.5,-58.25
2025-07-05 11:00:00,281.23932,-34.5,-58.25
2025-07-05 12:00:00,280.92303,-34.5,-58.25
2025-07-05 13:00:00,280.83154,-34.5,-58.25
2025-07-05 14:00:00,280.92194,-34.5,-58.25
2025-07-05 15:00:00,280.96106,-34.5,-58.25
2025-07-05 16:00:00,281.14996,-34.5,-58.25
2025-07-05 17:00:00,281.4875,-34.5,-58.25
2025-07-05 18:00:00,281.74054,-34.5,-58.25
2025-07-05 19:00:00,281.8847,-34.5,-58.25
2025-07-05 20:00:00,281.9521,-34.5,-58.25
2025-07-05 21:00:00,282.25537,-34.5,-58.25
2025-07-05 22:00:00,282.99902,-34.5,-58.25
2025-07-05 23:00:00,283.02472,-34.5,-58.25
2025-07-06 00:00:00,283.113,-34.5,-58.25
2025-07-06 01:00:00,283.1833,-34.5,-58.25
2025-07-06 02:00:00,283.18066,-34.5,-58.25
2025-07-06 03:00:00,283.10437,-34.5,-58.25
2025-07-06 04:00:00,282.97174,-34.5,-58.25
2025-07-06 05:00:00,282.8395,-34.5,-58.25
2025-07-06 06:00:00,282.74008,-34.5,-58.25
2025-07-06 07:00:00,282.7807,-34.5,-58.25
2025-07-06 08:00:00,282.8685,-34.5,-58.25
2025-07-06 09:00:00,282.97754,-34.5,-58.25
2025-07-06 10:00:00,283.17603,-34.5,-58.25
2025-07-06 11:00:00,283.2552,-34.5,-58.25
2025-07-06 12:00:00,283.30145,-34.5,-58.25
2025-07-06 13:00:00,283.36002,-34.5,-58.25
2025-07-06 14:00:00,283.62924,-34.5,-58.25
2025-07-06 15:00:00,284.15552,-34.5,-58.25
2025-07-06 16:00:00,284.77124,-34.5,-58.25
2025-07-06 17:00:00,285.1938,-34.5,-58.25
2025-07-06 18:00:00,285.58942,-34.5,-58.25
2025-07-06 19:00:00,285.94666,-34.5,-58.25
2025-07-06 20:00:00,286.21405,-34.5,-58.25
2025-07-06 21:00:00,286.35638,-34.5,-58.25
2025-07-06 22:00:00,286.38098,-34.5,-58.25
2025-07-06 23:00:00,286.19406,-34.5,-58.25
2025-07-07 00:00:00,285.9201,-34.5,-58.25
2025-07-07 01:00:00,285.58084,-34.5,-58.25
2025-07-07 02:00:00,285.36334,-34.5,-58.25
2025-07-07 03:00:00,285.2459,-34.5,-58.25
2025-07-07 04:00:00,285.1466,-34.5,-58.25
2025-07-07 05:00:00,285.02917,-34.5,-58.25
2025-07-07 06:00:00,284.92,-34.5,-58.25
2025-07-07 07:00:00,284.77985,-34.5,-58.25
2025-07-07 08:00:00,284.66254,-34.5,-58.25
2025-07-07 09:00:00,284.56445,-34.5,-58.25
2025-07-07 10:00:00,284.8098,-34.5,-58.25
2025-07-07 11:00:00,284.82733,-34.5,-58.25
2025-07-07 12:00:00,284.8258,-34.5,-58.25
2025-07-07 13:00:00,284.83743,-34.5,-58.25
2025-07-07 14:00:00,284.7919,-34.5,-58.25
2025-07-07 15:00:00,284.98065,-34.5,-58.25
2025-07-07 16:00:00,285.34607,-34.5,-58.25
2025-07-07 17:00:00,285.61765,-34.5,-58.25
2025-07-07 18:00:00,285.82025,-34.5,-58.25
2025-07-07 19:00:00,285.87073,-34.5,-58.25
2025-07-07 20:00:00,285.8319,-34.5,-58.25
2025-07-07 21:00:00,285.63232,-34.5,-58.25
2025-07-07 22:00:00,287.2002,-34.5,-58.25
2025-07-07 23:00:00,286.54517,-34.5,-58.25
2025-07-08 00:00:00,286.19275,-34.5,-58.25
2025-07-08 01:00:00,285.90262,-34.5,-58.25
2025-07-08 02:00:00,285.59216,-34.5,-58.25
2025-07-08 03:00:00,285.32944,-34.5,-58.25
2025-07-08 04:00:00,285.15494,-34.5,-58.25
2025-07-08 05:00:00,285.00522,-34.5,-58.25
2025-07-08 06:00:00,284.90826,-34.5,-58.25
2025-07-08 07:00:00,284.77393,-34.5,-58.25
2025-07-08 08:00:00,284.09683,-34.5,-58.25
2025-07-08 09:00:00,283.44568,-34.5,-58.25
2025-07-08 10:00:00,282.6949,-34.5,-58.25
2025-07-08 11:00:00,282.45825,-34.5,-58.25
2025-07-08 12:00:00,282.3237,-34.5,-58.25
2025-07-08 13:00:00,282.38733,-34.5,-58.25
2025-07-08 14:00:00,282.49066,-34.5,-58.25
2025-07-08 15:00:00,282.71878,-34.5,-58.25
2025-07-08 16:00:00,283.0864,-34.5,-58.25
2025-07-08 17:00:00,283.84943,-34.5,-58.25
2025-07-08 18:00:00,284.51892,-34.5,-58.25
2025-07-08 19:00:00,285.10046,-34.5,-58.25
2025-07-08 20:00:00,285.35828,-34.5,-58.25
2025-07-08 21:00:00,285.47046,-34.5,-58.25
2025-07-08 22:00:00,285.19067,-34.5,-58.25
2025-07-08 23:00:00,285.19345,-34.5,-58.25
2025-07-09 00:00:00,285.2376,-34.5,-58.25
2025-07-09 01:00:00,285.08905,-34.5,-58.25
2025-07-09 02:00:00,285.05865,-34.5,-58.25
2025-07-09 03:00:00,284.96155,-34.5,-58.25
2025-07-09 04:00:00,284.96445,-34.5,-58.25
2025-07-09 05:00:00,284.87946,-34.5,-58.25
2025-07-09 06:00:00,284.69153,-34.5,-58.25
2025-07-09 07:00:00,284.4519,-34.5,-58.25
2025-07-09 08:00:00,283.92413,-34.5,-58.25
2025-07-09 09:00:00,283.81485,-34.5,-58.25
2025-07-09 10:00:00,284.35596,-34.5,-58.25
2025-07-09 11:00:00,284.32944,-34.5,-58.25
2025-07-09 12:00:00,284.40576,-34.5,-58.25
2025-07-09 13:00:00,284.60153,-34.5,-58.25
2025-07-09 14:00:00,285.06207,-34.5,-58.25
2025-07-09 15:00:00,285.80347,-34.5,-58.25
2025-07-09 16:00:00,286.5118,-34.5,-58.25
2025-07-09 17:00:00,286.85242,-34.5,-58.25
2025-07-09 18:00:00,287.8795,-34.5,-58.25
2025-07-09 19:00:00,287.94458,-34.5,-58.25
2025-07-09 20:00:00,286.93356,-34.5,-58.25
2025-07-09 21:00:00,286.50317,-34.5,-58.25
2025-07-09 22:00:00,286.9056,-34.5,-58.25
2025-07-09 23:00:00,286.93695,-34.5,-58.25
2025-07-10 00:00:00,286.8428,-34.5,-58.25
2025-07-10 01:00:00,286.4807,-34.5,-58.25
2025-07-10 02:00:00,286.03674,-34.5,-58.25
2025-07-10 03:00:00,285.6712,-34.5,-58.25
2025-07-10 04:00:00,285.39807,-34.5,-58.25
2025-07-10 05:00:00,285.13263,-34.5,-58.25
2025-07-10 06:00:00,284.8688,-34.5,-58.25
2025-07-10 07:00:00,284.60226,-34.5,-58.25
2025-07-10 08:00:00,284.3822,-34.5,-58.25
2025-07-10 09:00:00,284.18878,-34.5,-58.25
2025-07-10 10:00:00,284.81622,-34.5,-58.25
2025-07-10 11:00:00,284.63086,-34.5,-58.25
2025-07-10 12:00:00,284.38535,-34.5,-58.25
2025-07-10 13:00:00,284.2057,-34.5,-58.25
2025-07-10 14:00:00,284.2168,-34.5,-58.25
2025-07-10 15:00:00,284.55402,-34.5,-58.25
2025-07-10 16:00:00,285.12842,-34.5,-58.25
2025-07-10 17:00:00,285.69095,-34.5,-58.25
2025-07-10 18:00:00,285.94324,-34.5,-58.25
2025-07-10 19:00:00,286.02933,-34.5,-58.25
2025-07-10 20:00:00,286.1005,-34.5,-58.25
2025-07-10 21:00:00,285.89172,-34.5,-58.25
2025-07-10 22:00:00,285.84802,-34.5,-58.25
2025-07-10 23:00:00,285.87445,-34.5,-58.25
2025-07-11 00:00:00,285.8399,-34.5,-58.25
2025-07-11 01:00:00,285.71487,-34.5,-58.25
2025-07-11 02:00:00,285.60977,-34.5,-58.25
2025-07-11 03:00:00,285.48627,-34.5,-58.25
2025-07-11 04:00:00,285.21216,-34.5,-58.25
2025-07-11 05:00:00,284.94904,-34.5,-58.25
2025-07-11 06:00:00,284.76288,-34.5,-58.25
2025-07-11 07:00:00,284.6249,-34.5,-58.25
2025-07-11 08:00:00,284.56372,-34.5,-58.25
2025-07-11 09:00:00,284.52588,-34.5,-58.25
2025-07-11 10:00:00,284.69308,-34.5,-58.25
2025-07-11 11:00:00,284.53134,-34.5,-58.25
2025-07-11 12:00:00,284.53192,-34.5,-58.25
2025-07-11 13:00:00,284.75092,-34.5,-58.25
2025-07-11 14:00:00,285.10336,-34.5,-58.25
2025-07-11 15:00:00,285.4701,-34.5,-58.25
2025-07-11 16:00:00,285.72278,-34.5,-58.25
2025-07-11 17:00:00,286.09808,-34.5,-58.25
2025-07-11 18:00:00,286.47192,-34.5,-58.25
2025-07-11 19:00:00,286.55933,-34.5,-58.25
2025-07-11 20:00:00,286.42795,-34.5,-58.25
2025-07-11 21:00:00,286.21442,-34.5,-58.25
2025-07-11 22:00:00,286.06403,-34.5,-58.25
2025-07-11 23:00:00,286.09332,-34.5,-58.25
2025-07-12 00:00:00,286.12073,-34.5,-58.25
2025-07-12 01:00:00,286.1864,-34.5,-58.25
2025-07-12 02:00:00,286.17523,-34.5,-58.25
2025-07-12 03:00:00,286.13995,-34.5,-58.25
2025-07-12 04:00:00,286.01254,-34.5,-58.25
2025-07-12 05:00:00,285.89188,-34.5,-58.25
2025-07-12 06:00:00,285.75162,-34.5,-58.25
2025-07-12 07:00:00,285.573,-34.5,-58.25
2025-07-12 08:00:00,285.37207,-34.5,-58.25
2025-07-12 09:00:00,285.26877,-34.5,-58.25
2025-07-12 10:00:00,285.00012,-34.5,-58.25
2025-07-12 11:00:00,284.74487,-34.5,-58.25
2025-07-12 12:00:00,284.45728,-34.5,-58.25
2025-07-12 13:00:00,284.25858,-34.5,-58.25
2025-07-12 14:00:00,284.21164,-34.5,-58.25
2025-07-12 15:00:00,284.4911,-34.5,-58.25
2025-07-12 16:00:00,284.8768,-34.5,-58.25
2025-07-12 17:00:00,285.3603,-34.5,-58.25
2025-07-12 18:00:00,285.70233,-34.5,-58.25
2025-07-12 19:00:00,285.93878,-34.5,-58.25
2025-07-12 20:00:00,286.1722,-34.5,-58.25
2025-07-12 21:00:00,286.14853,-34.5,-58.25
2025-07-12 22:00:00,286.22272,-34.5,-58.25
2025-07-12 23:00:00,286.4507,-34.5,-58.25
2025-07-13 00:00:00,286.53696,-34.5,-58.25
2025-07-13 01:00:00,286.50876,-34.5,-58.25
2025-07-13 02:00:00,286.31976,-34.5,-58.25
2025-07-13 03:00:00,285.97235,-34.5,-58.25
2025-07-13 04:00:00,285.62234,-34.5,-58.25
2025-07-13 05:00:00,285.34454,-34.5,-58.25
2025-07-13 06:00:00,285.17004,-34.5,-58.25
2025-07-13 07:00:00,285.03122,-34.5,-58.25
2025-07-13 08:00:00,284.977,-34.5,-58.25
2025-07-13 09:00:00,284.911,-34.5,-58.25
2025-07-13 10:00:00,285.1272,-34.5,-58.25
2025-07-13 11:00:00,285.01276,-34.5,-58.25
2025-07-13 12:00:00,284.88965,-34.5,-58.25
2025-07-13 13:00:00,284.9046,-34.5,-58.25
2025-07-13 14:00:00,285.08807,-34.5,-58.25
2025-07-13 15:00:00,285.34613,-34.5,-58.25
2025-07-13 16:00:00,285.66705,-34.5,-58.25
2025-07-13 17:00:00,286.0692,-34.5,-58.25
2025-07-13 18:00:00,286.3221,-34.5,-58.25
2025-07-13 19:00:00,286.4906,-34.5,-58.25
2025-07-13 20:00:00,286.5279,-34.5,-58.25
2025-07-13 21:00:00,286.3719,-34.5,-58.25
2025-07-13 22:00:00,286.53534,-34.5,-58.25
2025-07-13 23:00:00,286.77295,-34.5,-58.25
2025-07-14 00:00:00,286.93134,-34.5,-58.25
2025-07-14 01:00:00,286.98315,-34.5,-58.25
2025-07-14 02:00:00,286.91028,-34.5,-58.25
2025-07-14 03:00:00,286.69238,-34.5,-58.25
2025-07-14 04:00:00,286.41437,-34.5,-58.25
2025-07-14 05:00:00,286.19644,-34.5,-58.25
2025-07-14 06:00:00,285.96124,-34.5,-58.25
2025-07-14 07:00:00,285.7522,-34.5,-58.25
2025-07-14 08:00:00,285.55905,-34.5,-58.25
2025-07-14 09:00:00,285.34882,-34.5,-58.25
2025-07-14 10:00:00,285.2378,-34.5,-58.25
2025-07-14 11:00:00,285.05215,-34.5,-58.25
2025-07-14 12:00:00,284.97217,-34.5,-58.25
2025-07-14 13:00:00,285.0232,-34.5,-58.25
2025-07-14 14:00:00,285.3115,-34.5,-58.25
2025-07-14 15:00:00,285.88245,-34.5,-58.25
2025-07-14 16:00:00,286.54028,-34.5,-58.25
2025-07-14 17:00:00,286.9041,-34.5,-58.25
2025-07-14 18:00:00,287.23303,-34.5,-58.25
2025-07-14 19:00:00,287.4721,-34.5,-58.25
2025-07-14 20:00:00,287.66473,-34.5,-58.25
2025-07-14 21:00:00,287.85846,-34.5,-58.25
2025-07-14 22:00:00,287.6081,-34.5,-58.25
2025-07-14 23:00:00,287.7414,-34.5,-58.25
2025-07-15 00:00:00,287.59436,-34.5,-58.25
2025-07-15 01:00:00,287.41006,-34.5,-58.25
2025-07-15 02:00:00,287.242,-34.5,-58.25
2025-07-15 03:00:00,287.2464,-34.5,-58.25
2025-07-15 04:00:00,287.3319,-34.5,-58.25
2025-07-15 05:00:00,287.45142,-34.5,-58.25
2025-07-15 06:00:00,287.4646,-34.5,-58.25
2025-07-15 07:00:00,287.46872,-34.5,-58.25
2025-07-15 08:00:00,287.51025,-34.5,-58.25
2025-07-15 09:00:00,287.5607,-34.5,-58.25
2025-07-15 10:00:00,287.64673,-34.5,-58.25
2025-07-15 11:00:00,287.73932,-34.5,-58.25
2025-07-15 12:00:00,287.77905,-34.5,-58.25
2025-07-15 13:00:00,287.9386,-34.5,-58.25
2025-07-15 14:00:00,288.29697,-34.5,-58.25
2025-07-15 15:00:00,288.71606,-34.5,-58.25
2025-07-15 16:00:00,289.28275,-34.5,-58.25
2025-07-15 17:00:00,289.74103,-34.5,-58.25
2025-07-15 18:00:00,289.97125,-34.5,-58.25
2025-07-15 19:00:00,290.0212,-34.5,-58.25
2025-07-15 20:00:00,290.16797,-34.5,-58.25
2025-07-15 21:00:00,290.2495,-34.5,-58.25
2025-07-15 22:00:00,290.37317,-34.5,-58.25
2025-07-15 23:00:00,290.37634,-34.5,-58.25
2025-07-16 00:00:00,290.35074,-34.5,-58.25
2025-07-16 01:00:00,290.32626,-34.5,-58.25
2025-07-16 02:00:00,290.34744,-34.5,-58.25
2025-07-16 03:00:00,290.15967,-34.5,-58.25
2025-07-16 04:00:00,289.74384,-34.5,-58.25
2025-07-16 05:00:00,289.0576,-34.5,-58.25
2025-07-16 06:00:00,288.50946,-34.5,-58.25
2025-07-16 07:00:00,288.4063,-34.5,-58.25
2025-07-16 08:00:00,288.40143,-34.5,-58.25
2025-07-16 09:00:00,288.41537,-34.5,-58.25
2025-07-16 10:00:00,288.128,-34.5,-58.25
2025-07-16 11:00:00,288.20975,-34.5,-58.25
2025-07-16 12:00:00,288.14166,-34.5,-58.25
2025-07-16 13:00:00,287.2838,-34.5,-58.25
2025-07-16 14:00:00,285.59042,-34.5,-58.25
2025-07-16 15:00:00,285.0285,-34.5,-58.25
2025-07-16 16:00:00,284.771,-34.5,-58.25
2025-07-16 17:00:00,284.69965,-34.5,-58.25
2025-07-16 18:00:00,284.64276,-34.5,-58.25
2025-07-16 19:00:00,284.54498,-34.5,-58.25
2025-07-16 20:00:00,284.45633,-34.5,-58.25
2025-07-16 21:00:00,284.4465,-34.5,-58.25
2025-07-16 22:00:00,285.25095,-34.5,-58.25
2025-07-16 23:00:00,285.23846,-34.5,-58.25
2025-07-17 00:00:00,285.10684,-34.5,-58.25
2025-07-17 01:00:00,284.8054,-34.5,-58.25
2025-07-17 02:00:00,284.37018,-34.5,-58.25
2025-07-17 03:00:00,283.90637,-34.5,-58.25
2025-07-17 04:00:00,283.53943,-34.5,-58.25
2025-07-17 05:00:00,283.21912,-34.5,-58.25
2025-07-17 06:00:00,282.81744,-34.5,-58.25
2025-07-17 07:00:00,282.54443,-34.5,-58.25
2025-07-17 08:00:00,282.41663,-34.5,-58.25
2025-07-17 09:00:00,282.38034,-34.5,-58.25
2025-07-17 10:00:00,282.39215,-34.5,-58.25
2025-07-17 11:00:00,282.31256,-34.5,-58.25
2025-07-17 12:00:00,282.3052,-34.5,-58.25
2025-07-17 13:00:00,282.35254,-34.5,-58.25
2025-07-17 14:00:00,282.61014,-34.5,-58.25
2025-07-17 15:00:00,283.30157,-34.5,-58.25
2025-07-17 16:00:00,284.14255,-34.5,-58.25
2025-07-17 17:00:00,284.90424,-34.5,-58.25
2025-07-17 18:00:00,285.47406,-34.5,-58.25
2025-07-17 19:00:00,285.799,-34.5,-58.25
2025-07-17 20:00:00,285.85962,-34.5,-58.25
2025-07-17 21:00:00,285.57947,-34.5,-58.25
2025-07-17 22:00:00,284.9284,-34.5,-58.25
2025-07-17 23:00:00,284.73486,-34.5,-58.25
2025-07-18 00:00:00,284.43076,-34.5,-58.25
2025-07-18 01:00:00,284.14606,-34.5,-58.25
2025-07-18 02:00:00,283.93033,-34.5,-58.25
2025-07-18 03:00:00,283.77338,-34.5,-58.25
2025-07-18 04:00:00,283.54236,-34.5,-58.25
2025-07-18 05:00:00,283.32806,-34.5,-58.25
2025-07-18 06:00:00,283.09882,-34.5,-58.25
2025-07-18 07:00:00,282.97766,-34.5,-58.25
2025-07-18 08:00:00,282.93066,-34.5,-58.25
2025-07-18 09:00:00,282.90936,-34.5,-58.25
2025-07-18 10:00:00,282.92444,-34.5,-58.25
2025-07-18 11:00:00,282.93353,-34.5,-58.25
2025-07-18 12:00:00,282.9705,-34.5,-58.25
2025-07-18 13:00:00,283.25763,-34.5,-58.25
2025-07-18 14:00:00,283.89722,-34.5,-58.25
2025-07-18 15:00:00,284.68433,-34.5,-58.25
2025-07-18 16:00:00,285.46936,-34.5,-58.25
2025-07-18 17:00:00,286.15137,-34.5,-58.25
2025-07-18 18:00:00,286.70996,-34.5,-58.25
2025-07-18 19:00:00,287.11194,-34.5,-58.25
2025-07-18 20:00:00,287.24774,-34.5,-58.25
2025-07-18 21:00:00,287.08835,-34.5,-58.25
2025-07-18 22:00:00,286.5088,-34.5,-58.25
2025-07-18 23:00:00,286.13776,-34.5,-58.25
2025-07-19 00:00:00,285.77225,-34.5,-58.25
2025-07-19 01:00:00,285.4533,-34.5,-58.25
2025-07-19 02:00:00,285.17395,-34.5,-58.25
2025-07-19 03:00:00,284.92627,-34.5,-58.25
2025-07-19 04:00:00,284.68896,-34.5,-58.25
2025-07-19 05:00:00,284.50345,-34.5,-58.25
2025-07-19 06:00:00,284.34534,-34.5,-58.25
2025-07-19 07:00:00,284.1994,-34.5,-58.25
2025-07-19 08:00:00,284.05737,-34.5,-58.25
2025-07-19 09:00:00,283.8957,-34.5,-58.25
2025-07-19 10:00:00,283.8811,-34.5,-58.25
2025-07-19 11:00:00,283.81738,-34.5,-58.25
2025-07-19 12:00:00,283.90836,-34.5,-58.25
2025-07-19 13:00:00,284.28143,-34.5,-58.25
2025-07-19 14:00:00,284.8911,-34.5,-58.25
2025-07-19 15:00:00,285.67877,-34.5,-58.25
2025-07-19 16:00:00,286.49673,-34.5,-58.25
2025-07-19 17:00:00,287.20636,-34.5,-58.25
2025-07-19 18:00:00,287.67944,-34.5,-58.25
2025-07-19 19:00:00,288.01514,-34.5,-58.25
2025-07-19 20:00:00,288.1477,-34.5,-58.25
2025-07-19 21:00:00,287.99265,-34.5,-58.25
2025-07-19 22:00:00,287.71817,-34.5,-58.25
2025-07-19 23:00:00,287.50952,-34.5,-58.25
2025-07-20 00:00:00,287.2107,-34.5,-58.25
2025-07-20 01:00:00,286.90997,-34.5,-58.25
2025-07-20 02:00:00,286.6529,-34.5,-58.25
2025-07-20 03:00:00,286.38776,-34.5,-58.25
2025-07-20 04:00:00,286.11548,-34.5,-58.25
2025-07-20 05:00:00,285.86365,-34.5,-58.25
2025-07-20 06:00:00,285.60278,-34.5,-58.25
2025-07-20 07:00:00,285.33658,-34.5,-58.25
2025-07-20 08:00:00,285.08508,-34.5,-58.25
2025-07-20 09:00:00,284.89453,-34.5,-58.25
2025-07-20 10:00:00,284.80798,-34.5,-58.25
2025-07-20 11:00:00,284.70377,-34.5,-58.25
2025-07-20 12:00:00,284.76373,-34.5,-58.25
2025-07-20 13:00:00,284.94366,-34.5,-58.25
2025-07-20 14:00:00,285.31445,-34.5,-58.25
2025-07-20 15:00:00,285.88086,-34.5,-58.25
2025-07-20 16:00:00,286.52652,-34.5,-58.25
2025-07-20 17:00:00,287.11407,-34.5,-58.25
2025-07-20 18:00:00,287.48462,-34.5,-58.25
2025-07-20 19:00:00,287.72516,-34.5,-58.25
2025-07-20 20:00:00,287.75143,-34.5,-58.25
2025-07-20 21:00:00,287.61816,-34.5,-58.25
2025-07-20 22:00:00,287.71893,-34.5,-58.25
2025-07-20 23:00:00,287.61578,-34.5,-58.25
2025-07-21 00:00:00,287.48212,-34.5,-58.25
2025-07-21 01:00:00,287.32074,-34.5,-58.25
2025-07-21 02:00:00,287.0835,-34.5,-58.25
2025-07-21 03:00:00,286.81964,-34.5,-58.25
2025-07-21 04:00:00,286.6416,-34.5,-58.25
2025-07-21 05:00:00,286.47595,-34.5,-58.25
2025-07-21 06:00:00,286.29312,-34.5,-58.25
2025-07-21 07:00:00,286.1363,-34.5,-58.25
2025-07-21 08:00:00,285.97498,-34.5,-58.25
2025-07-21 09:00:00,285.81796,-34.5,-58.25
2025-07-21 10:00:00,285.9528,-34.5,-58.25
2025-07-21 11:00:00,285.891,-34.5,-58.25
2025-07-21 12:00:00,285.81384,-34.5,-58.25
2025-07-21 13:00:00,285.65564,-34.5,-58.25
2025-07-21 14:00:00,285.8614,-34.5,-58.25
2025-07-21 15:00:00,286.33847,-34.5,-58.25
2025-07-21 16:00:00,286.81403,-34.5,-58.25
2025-07-21 17:00:00,287.24982,-34.5,-58.25
2025-07-21 18:00:00,287.5561,-34.5,-58.25
2025-07-21 19:00:00,287.6876,-34.5,-58.25
2025-07-21 20:00:00,287.67624,-34.5,-58.25
2025-07-21 21:00:00,287.4196,-34.5,-58.25
2025-07-21 22:00:00,287.52448,-34.5,-58.25
2025-07-21 23:00:00,287.59418,-34.5,-58.25
2025-07-22 00:00:00,287.58893,-34.5,-58.25
2025-07-22 01:00:00,287.38116,-34.5,-58.25
2025-07-22 02:00:00,287.2163,-34.5,-58.25
2025-07-22 03:00:00,286.67538,-34.5,-58.25
2025-07-22 04:00:00,286.0221,-34.5,-58.25
2025-07-22 05:00:00,285.7179,-34.5,-58.25
2025-07-22 06:00:00,285.34442,-34.5,-58.25
2025-07-22 07:00:00,285.23892,-34.5,-58.25
2025-07-22 08:00:00,285.25366,-34.5,-58.25
2025-07-22 09:00:00,285.29913,-34.5,-58.25
2025-07-22 10:00:00,285.1701,-34.5,-58.25
2025-07-22 11:00:00,284.74228,-34.5,-58.25
2025-07-22 12:00:00,284.16583,-34.5,-58.25
2025-07-22 13:00:00,283.88022,-34.5,-58.25
2025-07-22 14:00:00,283.7301,-34.5,-58.25
2025-07-22 15:00:00,283.71246,-34.5,-58.25
2025-07-22 16:00:00,283.81247,-34.5,-58.25
2025-07-22 17:00:00,283.96613,-34.5,-58.25
2025-07-22 18:00:00,284.26767,-34.5,-58.25
2025-07-22 19:00:00,284.51794,-34.5,-58.25
2025-07-22 20:00:00,284.6634,-34.5,-58.25
2025-07-22 21:00:00,284.73315,-34.5,-58.25
2025-07-22 22:00:00,285.16278,-34.5,-58.25
2025-07-22 23:00:00,285.16296,-34.5,-58.25
2025-07-23 00:00:00,285.07898,-34.5,-58.25
2025-07-23 01:00:00,284.9629,-34.5,-58.25
2025-07-23 02:00:00,284.77048,-34.5,-58.25
2025-07-23 03:00:00,284.40308,-34.5,-58.25
2025-07-23 04:00:00,283.88614,-34.5,-58.25
2025-07-23 05:00:00,283.3098,-34.5,-58.25
2025-07-23 06:00:00,282.77374,-34.5,-58.25
2025-07-23 07:00:00,282.33777,-34.5,-58.25
2025-07-23 08:00:00,282.05783,-34.5,-58.25
2025-07-23 09:00:00,281.80096,-34.5,-58.25
2025-07-23 10:00:00,281.44858,-34.5,-58.25
2025-07-23 11:00:00,281.35907,-34.5,-58.25
2025-07-23 12:00:00,281.48456,-34.5,-58.25
2025-07-23 13:00:00,281.82187,-34.5,-58.25
2025-07-23 14:00:00,282.22617,-34.5,-58.25
2025-07-23 15:00:00,282.51303,-34.5,-58.25
2025-07-23 16:00:00,282.8685,-34.5,-58.25
2025-07-23 17:00:00,283.17307,-34.5,-58.25
2025-07-23 18:00:00,283.4525,-34.5,-58.25
2025-07-23 19:00:00,283.62387,-34.5,-58.25
2025-07-23 20:00:00,283.73383,-34.5,-58.25
2025-07-23 21:00:00,283.79056,-34.5,-58.25
2025-07-23 22:00:00,284.08658,-34.5,-58.25
2025-07-23 23:00:00,284.09985,-34.5,-58.25
2025-07-24 00:00:00,284.09998,-34.5,-58.25
2025-07-24 01:00:00,284.0116,-34.5,-58.25
2025-07-24 02:00:00,283.88275,-34.5,-58.25
2025-07-24 03:00:00,283.7776,-34.5,-58.25
2025-07-24 04:00:00,283.7431,-34.5,-58.25
2025-07-24 05:00:00,283.72852,-34.5,-58.25
2025-07-24 06:00:00,283.7002,-34.5,-58.25
2025-07-24 07:00:00,283.56387,-34.5,-58.25
2025-07-24 08:00:00,283.42847,-34.5,-58.25
2025-07-24 09:00:00,283.31238,-34.5,-58.25
2025-07-24 10:00:00,283.0965,-34.5,-58.25
2025-07-24 11:00:00,283.04767,-34.5,-58.25
2025-07-24 12:00:00,283.05377,-34.5,-58.25
2025-07-24 13:00:00,283.11453,-34.5,-58.25
2025-07-24 14:00:00,283.4748,-34.5,-58.25
2025-07-24 15:00:00,284.32153,-34.5,-58.25
2025-07-24 16:00:00,285.2613,-34.5,-58.25
2025-07-24 17:00:00,286.09363,-34.5,-58.25
2025-07-24 18:00:00,286.70636,-34.5,-58.25
2025-07-24 19:00:00,287.10696,-34.5,-58.25
2025-07-24 20:00:00,287.20978,-34.5,-58.25
2025-07-24 21:00:00,287.15952,-34.5,-58.25
2025-07-24 22:00:00,287.2917,-34.5,-58.25
2025-07-24 23:00:00,287.18726,-34.5,-58.25
2025-07-25 00:00:00,286.9447,-34.5,-58.25
2025-07-25 01:00:00,286.66357,-34.5,-58.25
2025-07-25 02:00:00,286.4671,-34.5,-58.25
2025-07-25 03:00:00,286.33435,-34.5,-58.25
2025-07-25 04:00:00,286.1687,-34.5,-58.25
2025-07-25 05:00:00,286.0176,-34.5,-58.25
2025-07-25 06:00:00,285.87415,-34.5,-58.25
2025-07-25 07:00:00,285.70752,-34.5,-58.25
2025-07-25 08:00:00,285.5978,-34.5,-58.25
2025-07-25 09:00:00,285.4479,-34.5,-58.25
2025-07-25 10:00:00,285.5329,-34.5,-58.25
2025-07-25 11:00:00,285.49457,-34.5,-58.25
2025-07-25 12:00:00,285.59872,-34.5,-58.25
2025-07-25 13:00:00,285.6737,-34.5,-58.25
2025-07-25 14:00:00,285.76352,-34.5,-58.25
2025-07-25 15:00:00,285.8471,-34.5,-58.25
2025-07-25 16:00:00,285.92395,-34.5,-58.25
2025-07-25 17:00:00,286.04123,-34.5,-58.25
2025-07-25 18:00:00,286.2376,-34.5,-58.25
2025-07-25 19:00:00,286.67096,-34.5,-58.25
2025-07-25 20:00:00,286.83636,-34.5,-58.25
2025-07-25 21:00:00,286.80225,-34.5,-58.25
2025-07-25 22:00:00,286.73047,-34.5,-58.25
2025-07-25 23:00:00,286.79755,-34.5,-58.25
2025-07-26 00:00:00,286.81158,-34.5,-58.25
2025-07-26 01:00:00,286.82172,-34.5,-58.25
2025-07-26 02:00:00,286.77448,-34.5,-58.25
2025-07-26 03:00:00,286.60672,-34.5,-58.25
2025-07-26 04:00:00,286.31354,-34.5,-58.25
2025-07-26 05:00:00,285.99915,-34.5,-58.25
2025-07-26 06:00:00,285.23242,-34.5,-58.25
2025-07-26 07:00:00,283.7563,-34.5,-58.25
2025-07-26 08:00:00,282.71307,-34.5,-58.25
2025-07-26 09:00:00,282.19745,-34.5,-58.25
2025-07-26 10:00:00,281.9933,-34.5,-58.25
2025-07-26 11:00:00,281.98657,-34.5,-58.25
2025-07-26 12:00:00,282.11792,-34.5,-58.25
2025-07-26 13:00:00,282.39877,-34.5,-58.25
2025-07-26 14:00:00,282.69238,-34.5,-58.25
2025-07-26 15:00:00,283.06622,-34.5,-58.25
2025-07-26 16:00:00,283.34106,-34.5,-58.25
2025-07-26 17:00:00,283.51355,-34.5,-58.25
2025-07-26 18:00:00,283.60056,-34.5,-58.25
2025-07-26 19:00:00,283.64914,-34.5,-58.25
2025-07-26 20:00:00,283.5818,-34.5,-58.25
2025-07-26 21:00:00,283.41232,-34.5,-58.25
2025-07-26 22:00:00,283.55206,-34.5,-58.25
2025-07-26 23:00:00,283.48615,-34.5,-58.25
2025-07-27 00:00:00,283.42206,-34.5,-58.25
2025-07-27 01:00:00,283.5002,-34.5,-58.25
2025-07-27 02:00:00,283.708,-34.5,-58.25
2025-07-27 03:00:00,283.83746,-34.5,-58.25
2025-07-27 04:00:00,283.91168,-34.5,-58.25
2025-07-27 05:00:00,284.02148,-34.5,-58.25
2025-07-27 06:00:00,284.10175,-34.5,-58.25
2025-07-27 07:00:00,284.1598,-34.5,-58.25
2025-07-27 08:00:00,284.27106,-34.5,-58.25
2025-07-27 09:00:00,284.26178,-34.5,-58.25
2025-07-27 10:00:00,284.40475,-34.5,-58.25
2025-07-27 11:00:00,284.47998,-34.5,-58.25
2025-07-27 12:00:00,284.62695,-34.5,-58.25
2025-07-27 13:00:00,284.7309,-34.5,-58.25
2025-07-27 14:00:00,284.9145,-34.5,-58.25
2025-07-27 15:00:00,285.078,-34.5,-58.25
2025-07-27 16:00:00,285.17078,-34.5,-58.25
2025-07-27 17:00:00,285.29797,-34.5,-58.25
2025-07-27 18:00:00,285.32455,-34.5,-58.25
2025-07-27 19:00:00,285.27768,-34.5,-58.25
2025-07-27 20:00:00,285.20496,-34.5,-58.25
2025-07-27 21:00:00,285.10883,-34.5,-58.25
2025-07-27 22:00:00,284.65674,-34.5,-58.25
2025-07-27 23:00:00,284.68665,-34.5,-58.25
2025-07-28 00:00:00,284.85785,-34.5,-58.25
2025-07-28 01:00:00,285.02258,-34.5,-58.25
2025-07-28 02:00:00,285.123,-34.5,-58.25
2025-07-28 03:00:00,285.1605,-34.5,-58.25
2025-07-28 04:00:00,285.136,-34.5,-58.25
2025-07-28 05:00:00,284.97766,-34.5,-58.25
2025-07-28 06:00:00,284.70148,-34.5,-58.25
2025-07-28 07:00:00,284.42392,-34.5,-58.25
2025-07-28 08:00:00,284.22803,-34.5,-58.25
2025-07-28 09:00:00,284.09637,-34.5,-58.25
2025-07-28 10:00:00,283.8439,-34.5,-58.25
2025-07-28 11:00:00,283.6709,-34.5,-58.25
2025-07-28 12:00:00,283.5517,-34.5,-58.25
2025-07-28 13:00:00,283.70337,-34.5,-58.25
2025-07-28 14:00:00,284.1409,-34.5,-58.25
2025-07-28 15:00:00,284.6306,-34.5,-58.25
2025-07-28 16:00:00,285.09338,-34.5,-58.25
2025-07-28 17:00:00,285.39978,-34.5,-58.25
2025-07-28 18:00:00,285.51593,-34.5,-58.25
2025-07-28 19:00:00,285.5428,-34.5,-58.25
2025-07-28 20:00:00,285.41425,-34.5,-58.25
2025-07-28 21:00:00,285.16943,-34.5,-58.25
2025-07-28 22:00:00,284.93564,-34.5,-58.25
2025-07-28 23:00:00,284.7372,-34.5,-58.25
2025-07-29 00:00:00,284.54456,-34.5,-58.25
2025-07-29 01:00:00,284.31903,-34.5,-58.25
2025-07-29 02:00:00,284.1151,-34.5,-58.25
2025-07-29 03:00:00,283.98215,-34.5,-58.25
2025-07-29 04:00:00,283.8872,-34.5,-58.25
2025-07-29 05:00:00,283.78445,-34.5,-58.25
2025-07-29 06:00:00,283.66266,-34.5,-58.25
2025-07-29 07:00:00,283.44186,-34.5,-58.25
2025-07-29 08:00:00,283.0842,-34.5,-58.25
2025-07-29 09:00:00,282.56512,-34.5,-58.25
2025-07-29 10:00:00,282.46393,-34.5,-58.25
2025-07-29 11:00:00,282.06223,-34.5,-58.25
2025-07-29 12:00:00,281.62964,-34.5,-58.25
2025-07-29 13:00:00,281.5572,-34.5,-58.25
2025-07-29 14:00:00,281.804,-34.5,-58.25
2025-07-29 15:00:00,282.28983,-34.5,-58.25
2025-07-29 16:00:00,282.9536,-34.5,-58.25
2025-07-29 17:00:00,283.85095,-34.5,-58.25
2025-07-29 18:00:00,284.6291,-34.5,-58.25
2025-07-29 19:00:00,285.41333,-34.5,-58.25
2025-07-29 20:00:00,286.01007,-34.5,-58.25
2025-07-29 21:00:00,286.22913,-34.5,-58.25
2025-07-29 22:00:00,286.44025,-34.5,-58.25
2025-07-29 23:00:00,286.3642,-34.5,-58.25
2025-07-30 00:00:00,286.05692,-34.5,-58.25
2025-07-30 01:00:00,285.74652,-34.5,-58.25
2025-07-30 02:00:00,285.52618,-34.5,-58.25
2025-07-30 03:00:00,285.36935,-34.5,-58.25
2025-07-30 04:00:00,285.1936,-34.5,-58.25
2025-07-30 05:00:00,285.06354,-34.5,-58.25
2025-07-30 06:00:00,284.94043,-34.5,-58.25
2025-07-30 07:00:00,284.80438,-34.5,-58.25
2025-07-30 08:00:00,284.69537,-34.5,-58.25
2025-07-30 09:00:00,284.6183,-34.5,-58.25
2025-07-30 10:00:00,284.56775,-34.5,-58.25
2025-07-30 11:00:00,284.4408,-34.5,-58.25
2025-07-30 12:00:00,284.3717,-34.5,-58.25
2025-07-30 13:00:00,284.492,-34.5,-58.25
2025-07-30 14:00:00,284.89502,-34.5,-58.25
2025-07-30 15:00:00,285.5122,-34.5,-58.25
2025-07-30 16:00:00,286.23413,-34.5,-58.25
2025-07-30 17:00:00,286.8346,-34.5,-58.25
2025-07-30 18:00:00,287.33005,-34.5,-58.25
2025-07-30 19:00:00,287.6604,-34.5,-58.25
2025-07-30 20:00:00,287.85928,-34.5,-58.25
2025-07-30 21:00:00,287.8366,-34.5,-58.25
2025-07-30 22:00:00,287.98578,-34.5,-58.25
2025-07-30 23:00:00,287.75684,-34.5,-58.25
2025-07-31 00:00:00,287.5328,-34.5,-58.25
2025-07-31 01:00:00,287.37274,-34.5,-58.25
2025-07-31 02:00:00,287.19934,-34.5,-58.25
2025-07-31 03:00:00,286.97842,-34.5,-58.25
2025-07-31 04:00:00,286.75446,-34.5,-58.25
2025-07-31 05:00:00,286.5512,-34.5,-58.25
2025-07-31 06:00:00,286.29077,-34.5,-58.25
2025-07-31 07:00:00,286.07224,-34.5,-58.25
2025-07-31 08:00:00,285.84824,-34.5,-58.25
2025-07-31 09:00:00,285.6861,-34.5,-58.25
2025-07-31 10:00:00,285.9176,-34.5,-58.25
2025-07-31 11:00:00,285.84705,-34.5,-58.25
2025-07-31 12:00:00,285.93988,-34.5,-58.25
2025-07-31 13:00:00,286.147,-34.5,-58.25
2025-07-31 14:00:00,286.53833,-34.5,-58.25
2025-07-31 15:00:00,287.07065,-34.5,-58.25
2025-07-31 16:00:00,287.6443,-34.5,-58.25
2025-07-31 17:00:00,288.13104,-34.5,-58.25
2025-07-31 18:00:00,288.59396,-34.5,-58.25
2025-07-31 19:00:00,288.91428,-34.5,-58.25
2025-07-31 20:00:00,289.13098,-34.5,-58.25
2025-07-31 21:00:00,289.1803,-34.5,-58.25
2025-07-31 22:00:00,289.60263,-34.5,-58.25
2025-07-31 23:00:00,289.7022,-34.5,-58.25
2025-08-01 00:00:00,289.85284,-34.5,-58.25
2025-08-01 01:00:00,289.93005,-34.5,-58.25
2025-08-01 02:00:00,289.97342,-34.5,-58.25
2025-08-01 03:00:00,289.92242,-34.5,-58.25
2025-08-01 04:00:00,289.7157,-34.5,-58.25
2025-08-01 05:00:00,289.3052,-34.5,-58.25
2025-08-01 06:00:00,289.1192,-34.5,-58.25
2025-08-01 07:00:00,288.95453,-34.5,-58.25
2025-08-01 08:00:00,288.762,-34.5,-58.25
2025-08-01 09:00:00,288.28998,-34.5,-58.25
2025-08-01 10:00:00,288.69196,-34.5,-58.25
2025-08-01 11:00:00,288.5833,-34.5,-58.25
2025-08-01 12:00:00,288.71204,-34.5,-58.25
2025-08-01 13:00:00,288.58978,-34.5,-58.25
2025-08-01 14:00:00,288.47476,-34.5,-58.25
2025-08-01 15:00:00,288.18448,-34.5,-58.25
2025-08-01 16:00:00,288.30542,-34.5,-58.25
2025-08-01 17:00:00,288.48917,-34.5,-58.25
2025-08-01 18:00:00,288.2853,-34.5,-58.25
2025-08-01 19:00:00,288.1419,-34.5,-58.25
2025-08-01 20:00:00,288.03378,-34.5,-58.25
2025-08-01 21:00:00,288.16248,-34.5,-58.25
2025-08-01 22:00:00,289.10242,-34.5,-58.25
2025-08-01 23:00:00,288.91742,-34.5,-58.25
2025-08-02 00:00:00,288.4308,-34.5,-58.25
2025-08-02 01:00:00,287.959,-34.5,-58.25
2025-08-02 02:00:00,287.5948,-34.5,-58.25
2025-08-02 03:00:00,287.5879,-34.5,-58.25
2025-08-02 04:00:00,287.79254,-34.5,-58.25
2025-08-02 05:00:00,287.94452,-34.5,-58.25
2025-08-02 06:00:00,287.84406,-34.5,-58.25
2025-08-02 07:00:00,287.36444,-34.5,-58.25
2025-08-02 08:00:00,286.71365,-34.5,-58.25
2025-08-02 09:00:00,286.18958,-34.5,-58.25
2025-08-02 10:00:00,285.99982,-34.5,-58.25
2025-08-02 11:00:00,285.53406,-34.5,-58.25
2025-08-02 12:00:00,285.39954,-34.5,-58.25
2025-08-02 13:00:00,285.68945,-34.5,-58.25
2025-08-02 14:00:00,286.23383,-34.5,-58.25
2025-08-02 15:00:00,286.84003,-34.5,-58.25
2025-08-02 16:00:00,287.3794,-34.5,-58.25
2025-08-02 17:00:00,287.7422,-34.5,-58.25
2025-08-02 18:00:00,287.78107,-34.5,-58.25
2025-08-02 19:00:00,288.90085,-34.5,-58.25
2025-08-02 20:00:00,288.57217,-34.5,-58.25
2025-08-02 21:00:00,287.6324,-34.5,-58.25
2025-08-02 22:00:00,286.8476,-34.5,-58.25
2025-08-02 23:00:00,286.7995,-34.5,-58.25
2025-08-03 00:00:00,286.84412,-34.5,-58.25
2025-08-03 01:00:00,286.93073,-34.5,-58.25
2025-08-03 02:00:00,286.91278,-34.5,-58.25
2025-08-03 03:00:00,286.81158,-34.5,-58.25
2025-08-03 04:00:00,286.6097,-34.5,-58.25
2025-08-03 05:00:00,286.3031,-34.5,-58.25
2025-08-03 06:00:00,285.83356,-34.5,-58.25
2025-08-03 07:00:00,285.4351,-34.5,-58.25
2025-08-03 08:00:00,285.21826,-34.5,-58.25
2025-08-03 09:00:00,285.12277,-34.5,-58.25
2025-08-03 10:00:00,285.28076,-34.5,-58.25
2025-08-03 11:00:00,284.88245,-34.5,-58.25
2025-08-03 12:00:00,284.82208,-34.5,-58.25
2025-08-03 13:00:00,285.075,-34.5,-58.25
2025-08-03 14:00:00,285.48956,-34.5,-58.25
2025-08-03 15:00:00,285.87466,-34.5,-58.25
2025-08-03 16:00:00,286.2278,-34.5,-58.25
2025-08-03 17:00:00,286.56128,-34.5,-58.25
2025-08-03 18:00:00,286.93176,-34.5,-58.25
2025-08-03 19:00:00,287.04987,-34.5,-58.25
2025-08-03 20:00:00,286.9464,-34.5,-58.25
2025-08-03 21:00:00,286.7418,-34.5,-58.25
2025-08-03 22:00:00,286.8335,-34.5,-58.25
2025-08-03 23:00:00,286.55576,-34.5,-58.25
2025-08-04 00:00:00,286.08655,-34.5,-58.25
2025-08-04 01:00:00,285.67206,-34.5,-58.25
2025-08-04 02:00:00,285.4259,-34.5,-58.25
2025-08-04 03:00:00,285.26743,-34.5,-58.25
2025-08-04 04:00:00,285.17227,-34.5,-58.25
2025-08-04 05:00:00,285.0547,-34.5,-58.25
2025-08-04 06:00:00,284.76276,-34.5,-58.25
2025-08-04 07:00:00,284.28857,-34.5,-58.25
2025-08-04 08:00:00,283.66876,-34.5,-58.25
2025-08-04 09:00:00,283.22644,-34.5,-58.25
2025-08-04 10:00:00,282.98462,-34.5,-58.25
2025-08-04 11:00:00,282.7768,-34.5,-58.25
2025-08-04 12:00:00,282.6627,-34.5,-58.25
2025-08-04 13:00:00,282.8239,-34.5,-58.25
2025-08-04 14:00:00,283.25336,-34.5,-58.25
2025-08-04 15:00:00,283.81,-34.5,-58.25
2025-08-04 16:00:00,284.39825,-34.5,-58.25
2025-08-04 17:00:00,284.8734,-34.5,-58.25
2025-08-04 18:00:00,285.2171,-34.5,-58.25
2025-08-04 19:00:00,285.47906,-34.5,-58.25
2025-08-04 20:00:00,285.52283,-34.5,-58.25
2025-08-04 21:00:00,285.42566,-34.5,-58.25
2025-08-04 22:00:00,285.72534,-34.5,-58.25
2025-08-04 23:00:00,285.38135,-34.5,-58.25
2025-08-05 00:00:00,285.0628,-34.5,-58.25
2025-08-05 01:00:00,284.75757,-34.5,-58.25
2025-08-05 02:00:00,284.46277,-34.5,-58.25
2025-08-05 03:00:00,284.215,-34.5,-58.25
2025-08-05 04:00:00,283.95715,-34.5,-58.25
2025-08-05 05:00:00,283.7322,-34.5,-58.25
2025-08-05 06:00:00,283.47736,-34.5,-58.25
2025-08-05 07:00:00,283.20642,-34.5,-58.25
2025-08-05 08:00:00,283.08005,-34.5,-58.25
2025-08-05 09:00:00,283.02576,-34.5,-58.25
2025-08-05 10:00:00,282.80646,-34.5,-58.25
2025-08-05 11:00:00,282.8036,-34.5,-58.25
2025-08-05 12:00:00,282.81332,-34.5,-58.25
2025-08-05 13:00:00,282.82343,-34.5,-58.25
2025-08-05 14:00:00,282.8614,-34.5,-58.25
2025-08-05 15:00:00,282.97333,-34.5,-58.25
2025-08-05 16:00:00,283.15985,-34.5,-58.25
2025-08-05 17:00:00,283.35956,-34.5,-58.25
2025-08-05 18:00:00,283.57367,-34.5,-58.25
2025-08-05 19:00:00,283.77014,-34.5,-58.25
2025-08-05 20:00:00,283.904,-34.5,-58.25
2025-08-05 21:00:00,283.98236,-34.5,-58.25
2025-08-05 22:00:00,284.38776,-34.5,-58.25
2025-08-05 23:00:00,284.4546,-34.5,-58.25
2025-08-06 00:00:00,284.5107,-34.5,-58.25
2025-08-06 01:00:00,284.4887,-34.5,-58.25
2025-08-06 02:00:00,284.2861,-34.5,-58.25
2025-08-06 03:00:00,283.96954,-34.5,-58.25
2025-08-06 04:00:00,283.73914,-34.5,-58.25
2025-08-06 05:00:00,283.65002,-34.5,-58.25
2025-08-06 06:00:00,283.5759,-34.5,-58.25
2025-08-06 07:00:00,283.49292,-34.5,-58.25
2025-08-06 08:00:00,283.37625,-34.5,-58.25
2025-08-06 09:00:00,283.28522,-34.5,-58.25
2025-08-06 10:00:00,283.12802,-34.5,-58.25
2025-08-06 11:00:00,283.08032,-34.5,-58.25
2025-08-06 12:00:00,283.104,-34.5,-58.25
2025-08-06 13:00:00,283.27753,-34.5,-58.25
2025-08-06 14:00:00,283.71878,-34.5,-58.25
2025-08-06 15:00:00,284.43423,-34.5,-58.25
2025-08-06 16:00:00,285.19788,-34.5,-58.25
2025-08-06 17:00:00,285.86133,-34.5,-58.25
2025-08-06 18:00:00,286.3298,-34.5,-58.25
2025-08-06 19:00:00,286.69586,-34.5,-58.25
2025-08-06 20:00:00,286.8271,-34.5,-58.25
2025-08-06 21:00:00,286.71173,-34.5,-58.25
2025-08-06 22:00:00,286.57587,-34.5,-58.25
2025-08-06 23:00:00,286.54272,-34.5,-58.25
2025-08-07 00:00:00,286.5692,-34.5,-58.25
2025-08-07 01:00:00,286.56424,-34.5,-58.25
2025-08-07 02:00:00,286.68774,-34.5,-58.25
2025-08-07 03:00:00,286.50397,-34.5,-58.25
2025-08-07 04:00:00,286.09137,-34.5,-58.25
2025-08-07 05:00:00,285.537,-34.5,-58.25
2025-08-07 06:00:00,284.92072,-34.5,-58.25
2025-08-07 07:00:00,284.3827,-34.5,-58.25
2025-08-07 08:00:00,283.85883,-34.5,-58.25
2025-08-07 09:00:00,283.2887,-34.5,-58.25
2025-08-07 10:00:00,282.67047,-34.5,-58.25
2025-08-07 11:00:00,282.3092,-34.5,-58.25
2025-08-07 12:00:00,282.16394,-34.5,-58.25
2025-08-07 13:00:00,282.27942,-34.5,-58.25
2025-08-07 14:00:00,282.91376,-34.5,-58.25
2025-08-07 15:00:00,283.54456,-34.5,-58.25
2025-08-07 16:00:00,284.16046,-34.5,-58.25
2025-08-07 17:00:00,284.5022,-34.5,-58.25
2025-08-07 18:00:00,284.5957,-34.5,-58.25
2025-08-07 19:00:00,284.51917,-34.5,-58.25
2025-08-07 20:00:00,284.5574,-34.5,-58.25
2025-08-07 21:00:00,284.55438,-34.5,-58.25
2025-08-07 22:00:00,284.55887,-34.5,-58.25
2025-08-07 23:00:00,284.46994,-34.5,-58.25
2025-08-08 00:00:00,284.25354,-34.5,-58.25
2025-08-08 01:00:00,284.1327,-34.5,-58.25
2025-08-08 02:00:00,283.90854,-34.5,-58.25
2025-08-08 03:00:00,283.51096,-34.5,-58.25
2025-08-08 04:00:00,283.0549,-34.5,-58.25
2025-08-08 05:00:00,282.61298,-34.5,-58.25
2025-08-08 06:00:00,282.1402,-34.5,-58.25
2025-08-08 07:00:00,281.77936,-34.5,-58.25
2025-08-08 08:00:00,281.46606,-34.5,-58.25
2025-08-08 09:00:00,281.1549,-34.5,-58.25
2025-08-08 10:00:00,281.20178,-34.5,-58.25
2025-08-08 11:00:00,280.88647,-34.5,-58.25
2025-08-08 12:00:00,280.6218,-34.5,-58.25
2025-08-08 13:00:00,280.8048,-34.5,-58.25
2025-08-08 14:00:00,281.35156,-34.5,-58.25
2025-08-08 15:00:00,281.95844,-34.5,-58.25
2025-08-08 16:00:00,282.6521,-34.5,-58.25
2025-08-08 17:00:00,283.40002,-34.5,-58.25
2025-08-08 18:00:00,284.128,-34.5,-58.25
2025-08-08 19:00:00,284.77676,-34.5,-58.25
2025-08-08 20:00:00,285.26755,-34.5,-58.25
2025-08-08 21:00:00,285.48224,-34.5,-58.25
2025-08-08 22:00:00,285.21417,-34.5,-58.25
2025-08-08 23:00:00,284.96143,-34.5,-58.25
2025-08-09 00:00:00,284.66867,-34.5,-58.25
2025-08-09 01:00:00,284.3931,-34.5,-58.25
2025-08-09 02:00:00,284.1481,-34.5,-58.25
2025-08-09 03:00:00,283.8782,-34.5,-58.25
2025-08-09 04:00:00,283.6259,-34.5,-58.25
2025-08-09 05:00:00,283.32687,-34.5,-58.25
2025-08-09 06:00:00,282.914,-34.5,-58.25
2025-08-09 07:00:00,282.40417,-34.5,-58.25
2025-08-09 08:00:00,281.8284,-34.5,-58.25
2025-08-09 09:00:00,281.3542,-34.5,-58.25
2025-08-09 10:00:00,280.83408,-34.5,-58.25
2025-08-09 11:00:00,280.81427,-34.5,-58.25
2025-08-09 12:00:00,280.98743,-34.5,-58.25
2025-08-09 13:00:00,281.5078,-34.5,-58.25
2025-08-09 14:00:00,282.14105,-34.5,-58.25
2025-08-09 15:00:00,282.7328,-34.5,-58.25
2025-08-09 16:00:00,283.25684,-34.5,-58.25
2025-08-09 17:00:00,283.82953,-34.5,-58.25
2025-08-09 18:00:00,284.3963,-34.5,-58.25
2025-08-09 19:00:00,284.8661,-34.5,-58.25
2025-08-09 20:00:00,285.19016,-34.5,-58.25
2025-08-09 21:00:00,285.2434,-34.5,-58.25
2025-08-09 22:00:00,285.51416,-34.5,-58.25
2025-08-09 23:00:00,285.5055,-34.5,-58.25
2025-08-10 00:00:00,285.55307,-34.5,-58.25
2025-08-10 01:00:00,285.56567,-34.5,-58.25
2025-08-10 02:00:00,285.51486,-34.5,-58.25
2025-08-10 03:00:00,285.3733,-34.5,-58.25
2025-08-10 04:00:00,285.19003,-34.5,-58.25
2025-08-10 05:00:00,284.95355,-34.5,-58.25
2025-08-10 06:00:00,284.68378,-34.5,-58.25
2025-08-10 07:00:00,284.4364,-34.5,-58.25
2025-08-10 08:00:00,284.12308,-34.5,-58.25
2025-08-10 09:00:00,283.80386,-34.5,-58.25
2025-08-10 10:00:00,283.86798,-34.5,-58.25
2025-08-10 11:00:00,283.83575,-34.5,-58.25
2025-08-10 12:00:00,283.85718,-34.5,-58.25
2025-08-10 13:00:00,284.04614,-34.5,-58.25
2025-08-10 14:00:00,284.5304,-34.5,-58.25
2025-08-10 15:00:00,285.23438,-34.5,-58.25
2025-08-10 16:00:00,286.05048,-34.5,-58.25
2025-08-10 17:00:00,286.75244,-34.5,-58.25
2025-08-10 18:00:00,287.22363,-34.5,-58.25
2025-08-10 19:00:00,287.48505,-34.5,-58.25
2025-08-10 20:00:00,287.56058,-34.5,-58.25
2025-08-10 21:00:00,287.3386,-34.5,-58.25
2025-08-10 22:00:00,287.1123,-34.5,-58.25
2025-08-10 23:00:00,287.0431,-34.5,-58.25
2025-08-11 00:00:00,286.9378,-34.5,-58.25
2025-08-11 01:00:00,286.66638,-34.5,-58.25
2025-08-11 02:00:00,286.3516,-34.5,-58.25
2025-08-11 03:00:00,285.9707,-34.5,-58.25
2025-08-11 04:00:00,285.594,-34.5,-58.25
2025-08-11 05:00:00,285.2054,-34.5,-58.25
2025-08-11 06:00:00,284.83765,-34.5,-58.25
2025-08-11 07:00:00,284.52478,-34.5,-58.25
2025-08-11 08:00:00,284.27573,-34.5,-58.25
2025-08-11 09:00:00,284.08,-34.5,-58.25
2025-08-11 10:00:00,284.43707,-34.5,-58.25
2025-08-11 11:00:00,284.40137,-34.5,-58.25
2025-08-11 12:00:00,284.51068,-34.5,-58.25
2025-08-11 13:00:00,284.9176,-34.5,-58.25
2025-08-11 14:00:00,285.6552,-34.5,-58.25
2025-08-11 15:00:00,286.57266,-34.5,-58.25
2025-08-11 16:00:00,287.48102,-34.5,-58.25
2025-08-11 17:00:00,288.20972,-34.5,-58.25
2025-08-11 18:00:00,288.6822,-34.5,-58.25
2025-08-11 19:00:00,288.848,-34.5,-58.25
2025-08-11 20:00:00,288.93597,-34.5,-58.25
2025-08-11 21:00:00,288.8677,-34.5,-58.25
2025-08-11 22:00:00,288.69,-34.5,-58.25
2025-08-11 23:00:00,288.4167,-34.5,-58.25
2025-08-12 00:00:00,288.09167,-34.5,-58.25
2025-08-12 01:00:00,287.7141,-34.5,-58.25
2025-08-12 02:00:00,287.3878,-34.5,-58.25
2025-08-12 03:00:00,287.06357,-34.5,-58.25
2025-08-12 04:00:00,286.75165,-34.5,-58.25
2025-08-12 05:00:00,286.43176,-34.5,-58.25
2025-08-12 06:00:00,286.1454,-34.5,-58.25
2025-08-12 07:00:00,285.89642,-34.5,-58.25
2025-08-12 08:00:00,285.70032,-34.5,-58.25
2025-08-12 09:00:00,285.52164,-34.5,-58.25
2025-08-12 10:00:00,285.7555,-34.5,-58.25
2025-08-12 11:00:00,285.61005,-34.5,-58.25
2025-08-12 12:00:00,285.6454,-34.5,-58.25
2025-08-12 13:00:00,286.0538,-34.5,-58.25
2025-08-12 14:00:00,286.85492,-34.5,-58.25
2025-08-12 15:00:00,287.8865,-34.5,-58.25
2025-08-12 16:00:00,288.90918,-34.5,-58.25
2025-08-12 17:00:00,289.7503,-34.5,-58.25
2025-08-12 18:00:00,290.29272,-34.5,-58.25
2025-08-12 19:00:00,290.6137,-34.5,-58.25
2025-08-12 20:00:00,290.72565,-34.5,-58.25
2025-08-12 21:00:00,290.57254,-34.5,-58.25
2025-08-12 22:00:00,289.93723,-34.5,-58.25
2025-08-12 23:00:00,289.5951,-34.5,-58.25
2025-08-13 00:00:00,289.23517,-34.5,-58.25
2025-08-13 01:00:00,288.88748,-34.5,-58.25
2025-08-13 02:00:00,288.48907,-34.5,-58.25
2025-08-13 03:00:00,288.10693,-34.5,-58.25
2025-08-13 04:00:00,287.83148,-34.5,-58.25
2025-08-13 05:00:00,287.60394,-34.5,-58.25
2025-08-13 06:00:00,287.07675,-34.5,-58.25
2025-08-13 07:00:00,286.47693,-34.5,-58.25
2025-08-13 08:00:00,286.07184,-34.5,-58.25
2025-08-13 09:00:00,285.6546,-34.5,-58.25
2025-08-13 10:00:00,284.78967,-34.5,-58.25
2025-08-13 11:00:00,284.38123,-34.5,-58.25
2025-08-13 12:00:00,284.1751,-34.5,-58.25
2025-08-13 13:00:00,284.1173,-34.5,-58.25
2025-08-13 14:00:00,284.23016,-34.5,-58.25
2025-08-13 15:00:00,284.39478,-34.5,-58.25
2025-08-13 16:00:00,284.6287,-34.5,-58.25
2025-08-13 17:00:00,284.90326,-34.5,-58.25
2025-08-13 18:00:00,285.1272,-34.5,-58.25
2025-08-13 19:00:00,285.2577,-34.5,-58.25
2025-08-13 20:00:00,285.30225,-34.5,-58.25
2025-08-13 21:00:00,285.30136,-34.5,-58.25
2025-08-13 22:00:00,285.65887,-34.5,-58.25
2025-08-13 23:00:00,285.4607,-34.5,-58.25
2025-08-14 00:00:00,285.26807,-34.5,-58.25
2025-08-14 01:00:00,285.059,-34.5,-58.25
2025-08-14 02:00:00,284.74506,-34.5,-58.25
2025-08-14 03:00:00,284.3639,-34.5,-58.25
2025-08-14 04:00:00,284.0993,-34.5,-58.25
2025-08-14 05:00:00,283.765,-34.5,-58.25
2025-08-14 06:00:00,283.52344,-34.5,-58.25
2025-08-14 07:00:00,283.1282,-34.5,-58.25
2025-08-14 08:00:00,282.77332,-34.5,-58.25
2025-08-14 09:00:00,282.37567,-34.5,-58.25
2025-08-14 10:00:00,281.24487,-34.5,-58.25
2025-08-14 11:00:00,280.95703,-34.5,-58.25
2025-08-14 12:00:00,280.93176,-34.5,-58.25
2025-08-14 13:00:00,281.1412,-34.5,-58.25
2025-08-14 14:00:00,281.41153,-34.5,-58.25
2025-08-14 15:00:00,281.7099,-34.5,-58.25
2025-08-14 16:00:00,281.9917,-34.5,-58.25
2025-08-14 17:00:00,282.23282,-34.5,-58.25
2025-08-14 18:00:00,282.4251,-34.5,-58.25
2025-08-14 19:00:00,282.6008,-34.5,-58.25
2025-08-14 20:00:00,282.70392,-34.5,-58.25
2025-08-14 21:00:00,282.72427,-34.5,-58.25
2025-08-14 22:00:00,282.5138,-34.5,-58.25
2025-08-14 23:00:00,282.4026,-34.5,-58.25
2025-08-15 00:00:00,282.284,-34.5,-58.25
2025-08-15 01:00:00,282.15143,-34.5,-58.25
2025-08-15 02:00:00,281.99588,-34.5,-58.25
2025-08-15 03:00:00,281.83566,-34.5,-58.25
2025-08-15 04:00:00,281.66635,-34.5,-58.25
2025-08-15 05:00:00,281.5041,-34.5,-58.25
2025-08-15 06:00:00,281.42645,-34.5,-58.25
2025-08-15 07:00:00,281.3915,-34.5,-58.25
2025-08-15 08:00:00,281.40576,-34.5,-58.25
2025-08-15 09:00:00,281.38177,-34.5,-58.25
2025-08-15 10:00:00,281.15128,-34.5,-58.25
2025-08-15 11:00:00,281.10162,-34.5,-58.25
2025-08-15 12:00:00,281.03735,-34.5,-58.25
2025-08-15 13:00:00,281.06604,-34.5,-58.25
2025-08-15 14:00:00,281.26294,-34.5,-58.25
2025-08-15 15:00:00,281.5788,-34.5,-58.25
2025-08-15 16:00:00,281.98517,-34.5,-58.25
2025-08-15 17:00:00,282.35693,-34.5,-58.25
2025-08-15 18:00:00,282.70407,-34.5,-58.25
2025-08-15 19:00:00,283.13556,-34.5,-58.25
2025-08-15 20:00:00,283.51746,-34.5,-58.25
2025-08-15 21:00:00,283.8294,-34.5,-58.25
2025-08-15 22:00:00,284.15082,-34.5,-58.25
2025-08-15 23:00:00,284.4082,-34.5,-58.25
2025-08-16 00:00:00,284.56708,-34.5,-58.25
2025-08-16 01:00:00,284.47427,-34.5,-58.25
2025-08-16 02:00:00,284.09045,-34.5,-58.25
2025-08-16 03:00:00,283.68756,-34.5,-58.25
2025-08-16 04:00:00,283.33905,-34.5,-58.25
2025-08-16 05:00:00,283.0116,-34.5,-58.25
2025-08-16 06:00:00,282.7378,-34.5,-58.25
2025-08-16 07:00:00,282.53662,-34.5,-58.25
2025-08-16 08:00:00,282.4643,-34.5,-58.25
2025-08-16 09:00:00,282.49084,-34.5,-58.25
2025-08-16 10:00:00,282.54944,-34.5,-58.25
2025-08-16 11:00:00,282.71783,-34.5,-58.25
2025-08-16 12:00:00,283.00806,-34.5,-58.25
2025-08-16 13:00:00,283.25522,-34.5,-58.25
2025-08-16 14:00:00,283.37805,-34.5,-58.25
2025-08-16 15:00:00,283.62146,-34.5,-58.25
2025-08-16 16:00:00,283.90668,-34.5,-58.25
2025-08-16 17:00:00,284.13055,-34.5,-58.25
2025-08-16 18:00:00,284.40247,-34.5,-58.25
2025-08-16 19:00:00,284.71466,-34.5,-58.25
2025-08-16 20:00:00,285.06946,-34.5,-58.25
2025-08-16 21:00:00,285.342,-34.5,-58.25
2025-08-16 22:00:00,285.7829,-34.5,-58.25
2025-08-16 23:00:00,285.79163,-34.5,-58.25
2025-08-17 00:00:00,285.75745,-34.5,-58.25
2025-08-17 01:00:00,285.7383,-34.5,-58.25
2025-08-17 02:00:00,285.786,-34.5,-58.25
2025-08-17 03:00:00,285.75974,-34.5,-58.25
2025-08-17 04:00:00,285.71313,-34.5,-58.25
2025-08-17 05:00:00,285.66953,-34.5,-58.25
2025-08-17 06:00:00,285.5713,-34.5,-58.25
2025-08-17 07:00:00,285.51263,-34.5,-58.25
2025-08-17 08:00:00,285.478,-34.5,-58.25
2025-08-17 09:00:00,285.40454,-34.5,-58.25
2025-08-17 10:00:00,285.57483,-34.5,-58.25
2025-08-17 11:00:00,285.5582,-34.5,-58.25
2025-08-17 12:00:00,285.68585,-34.5,-58.25
2025-08-17 13:00:00,285.7752,-34.5,-58.25
2025-08-17 14:00:00,285.98346,-34.5,-58.25
2025-08-17 15:00:00,286.15485,-34.5,-58.25
2025-08-17 16:00:00,286.25217,-34.5,-58.25
2025-08-17 17:00:00,286.27203,-34.5,-58.25
2025-08-17 18:00:00,286.3667,-34.5,-58.25
2025-08-17 19:00:00,286.4729,-34.5,-58.25
2025-08-17 20:00:00,286.48755,-34.5,-58.25
2025-08-17 21:00:00,286.33997,-34.5,-58.25
2025-08-17 22:00:00,286.18195,-34.5,-58.25
2025-08-17 23:00:00,286.1933,-34.5,-58.25
2025-08-18 00:00:00,286.28247,-34.5,-58.25
2025-08-18 01:00:00,286.42627,-34.5,-58.25
2025-08-18 02:00:00,286.64938,-34.5,-58.25
2025-08-18 03:00:00,286.8145,-34.5,-58.25
2025-08-18 04:00:00,286.90402,-34.5,-58.25
2025-08-18 05:00:00,286.91385,-34.5,-58.25
2025-08-18 06:00:00,286.88788,-34.5,-58.25
2025-08-18 07:00:00,286.76892,-34.5,-58.25
2025-08-18 08:00:00,286.67926,-34.5,-58.25
2025-08-18 09:00:00,286.54437,-34.5,-58.25
2025-08-18 10:00:00,286.34433,-34.5,-58.25
2025-08-18 11:00:00,286.216,-34.5,-58.25
2025-08-18 12:00:00,286.15015,-34.5,-58.25
2025-08-18 13:00:00,286.23846,-34.5,-58.25
2025-08-18 14:00:00,286.56677,-34.5,-58.25
2025-08-18 15:00:00,286.88898,-34.5,-58.25
2025-08-18 16:00:00,287.1564,-34.5,-58.25
2025-08-18 17:00:00,287.2118,-34.5,-58.25
2025-08-18 18:00:00,287.2658,-34.5,-58.25
2025-08-18 19:00:00,287.2558,-34.5,-58.25
2025-08-18 20:00:00,287.36438,-34.5,-58.25
2025-08-18 21:00:00,287.4528,-34.5,-58.25
2025-08-18 22:00:00,287.4865,-34.5,-58.25
2025-08-18 23:00:00,287.69098,-34.5,-58.25
2025-08-19 00:00:00,287.79492,-34.5,-58.25
2025-08-19 01:00:00,287.88855,-34.5,-58.25
2025-08-19 02:00:00,287.94537,-34.5,-58.25
2025-08-19 03:00:00,287.78027,-34.5,-58.25
2025-08-19 04:00:00,287.62238,-34.5,-58.25
2025-08-19 05:00:00,287.50598,-34.5,-58.25
2025-08-19 06:00:00,287.44342,-34.5,-58.25
2025-08-19 07:00:00,287.43103,-34.5,-58.25
2025-08-19 08:00:00,287.44073,-34.5,-58.25
2025-08-19 09:00:00,287.422,-34.5,-58.25
2025-08-19 10:00:00,287.32758,-34.5,-58.25
2025-08-19 11:00:00,287.3539,-34.5,-58.25
2025-08-19 12:00:00,287.4278,-34.5,-58.25
2025-08-19 13:00:00,287.43597,-34.5,-58.25
2025-08-19 14:00:00,287.5598,-34.5,-58.25
2025-08-19 15:00:00,287.68085,-34.5,-58.25
2025-08-19 16:00:00,287.9142,-34.5,-58.25
2025-08-19 17:00:00,288.17303,-34.5,-58.25
2025-08-19 18:00:00,288.38275,-34.5,-58.25
2025-08-19 19:00:00,288.48138,-34.5,-58.25
2025-08-19 20:00:00,288.7029,-34.5,-58.25
2025-08-19 21:00:00,288.81256,-34.5,-58.25
2025-08-19 22:00:00,288.5197,-34.5,-58.25
2025-08-19 23:00:00,288.95883,-34.5,-58.25
2025-08-20 00:00:00,289.30878,-34.5,-58.25
2025-08-20 01:00:00,289.26868,-34.5,-58.25
2025-08-20 02:00:00,288.98682,-34.5,-58.25
2025-08-20 03:00:00,288.68073,-34.5,-58.25
2025-08-20 04:00:00,288.24292,-34.5,-58.25
2025-08-20 05:00:00,287.5578,-34.5,-58.25
2025-08-20 06:00:00,286.96948,-34.5,-58.25
2025-08-20 07:00:00,286.61517,-34.5,-58.25
2025-08-20 08:00:00,286.493,-34.5,-58.25
2025-08-20 09:00:00,286.4582,-34.5,-58.25
2025-08-20 10:00:00,286.53455,-34.5,-58.25
2025-08-20 11:00:00,286.92392,-34.5,-58.25
2025-08-20 12:00:00,286.83276,-34.5,-58.25
2025-08-20 13:00:00,286.46973,-34.5,-58.25
2025-08-20 14:00:00,286.4939,-34.5,-58.25
2025-08-20 15:00:00,287.0943,-34.5,-58.25
2025-08-20 16:00:00,288.11078,-34.5,-58.25
2025-08-20 17:00:00,288.82358,-34.5,-58.25
2025-08-20 18:00:00,289.3135,-34.5,-58.25
2025-08-20 19:00:00,289.54822,-34.5,-58.25
2025-08-20 20:00:00,289.55762,-34.5,-58.25
2025-08-20 21:00:00,289.43182,-34.5,-58.25
2025-08-20 22:00:00,289.4143,-34.5,-58.25
2025-08-20 23:00:00,289.22925,-34.5,-58.25
2025-08-21 00:00:00,288.93564,-34.5,-58.25
2025-08-21 01:00:00,288.58765,-34.5,-58.25
2025-08-21 02:00:00,288.15436,-34.5,-58.25
2025-08-21 03:00:00,287.57248,-34.5,-58.25
2025-08-21 04:00:00,287.06207,-34.5,-58.25
2025-08-21 05:00:00,286.66388,-34.5,-58.25
2025-08-21 06:00:00,286.34058,-34.5,-58.25
2025-08-21 07:00:00,286.03925,-34.5,-58.25
2025-08-21 08:00:00,285.7429,-34.5,-58.25
2025-08-21 09:00:00,285.47696,-34.5,-58.25
2025-08-21 10:00:00,285.39832,-34.5,-58.25
2025-08-21 11:00:00,285.3006,-34.5,-58.25
2025-08-21 12:00:00,285.48547,-34.5,-58.25
2025-08-21 13:00:00,286.03308,-34.5,-58.25
2025-08-21 14:00:00,286.80887,-34.5,-58.25
2025-08-21 15:00:00,287.63916,-34.5,-58.25
2025-08-21 16:00:00,288.37463,-34.5,-58.25
2025-08-21 17:00:00,288.88617,-34.5,-58.25
2025-08-21 18:00:00,289.3067,-34.5,-58.25
2025-08-21 19:00:00,289.6034,-34.5,-58.25
2025-08-21 20:00:00,289.71405,-34.5,-58.25
2025-08-21 21:00:00,289.70905,-34.5,-58.25
2025-08-21 22:00:00,289.58673,-34.5,-58.25
2025-08-21 23:00:00,289.4712,-34.5,-58.25
2025-08-22 00:00:00,289.22632,-34.5,-58.25
2025-08-22 01:00:00,288.94876,-34.5,-58.25
2025-08-22 02:00:00,288.8104,-34.5,-58.25
2025-08-22 03:00:00,288.88544,-34.5,-58.25
2025-08-22 04:00:00,288.96878,-34.5,-58.25
2025-08-22 05:00:00,289.12415,-34.5,-58.25
2025-08-22 06:00:00,289.05475,-34.5,-58.25
2025-08-22 07:00:00,288.85864,-34.5,-58.25
2025-08-22 08:00:00,288.49554,-34.5,-58.25
2025-08-22 09:00:00,288.31732,-34.5,-58.25
2025-08-22 10:00:00,288.00415,-34.5,-58.25
2025-08-22 11:00:00,288.03018,-34.5,-58.25
2025-08-22 12:00:00,288.07098,-34.5,-58.25
2025-08-22 13:00:00,288.14343,-34.5,-58.25
2025-08-22 14:00:00,288.3288,-34.5,-58.25
2025-08-22 15:00:00,288.63983,-34.5,-58.25
2025-08-22 16:00:00,289.0033,-34.5,-58.25
2025-08-22 17:00:00,289.14636,-34.5,-58.25
2025-08-22 18:00:00,288.58844,-34.5,-58.25
2025-08-22 19:00:00,287.90112,-34.5,-58.25
2025-08-22 20:00:00,287.90356,-34.5,-58.25
2025-08-22 21:00:00,287.96234,-34.5,-58.25
2025-08-22 22:00:00,287.71008,-34.5,-58.25
2025-08-22 23:00:00,287.2574,-34.5,-58.25
2025-08-23 00:00:00,286.85535,-34.5,-58.25
2025-08-23 01:00:00,286.50247,-34.5,-58.25
2025-08-23 02:00:00,286.0235,-34.5,-58.25
2025-08-23 03:00:00,285.59015,-34.5,-58.25
2025-08-23 04:00:00,285.3993,-34.5,-58.25
2025-08-23 05:00:00,285.2509,-34.5,-58.25
2025-08-23 06:00:00,285.0155,-34.5,-58.25
2025-08-23 07:00:00,284.68063,-34.5,-58.25
2025-08-23 08:00:00,284.44992,-34.5,-58.25
2025-08-23 09:00:00,284.26138,-34.5,-58.25
2025-08-23 10:00:00,283.76202,-34.5,-58.25
2025-08-23 11:00:00,283.4967,-34.5,-58.25
2025-08-23 12:00:00,283.3094,-34.5,-58.25
2025-08-23 13:00:00,283.53534,-34.5,-58.25
2025-08-23 14:00:00,284.25037,-34.5,-58.25
2025-08-23 15:00:00,285.0947,-34.5,-58.25
2025-08-23 16:00:00,285.8107,-34.5,-58.25
2025-08-23 17:00:00,286.28485,-34.5,-58.25
2025-08-23 18:00:00,286.48438,-34.5,-58.25
2025-08-23 19:00:00,286.48398,-34.5,-58.25
2025-08-23 20:00:00,286.39355,-34.5,-58.25
2025-08-23 21:00:00,286.15558,-34.5,-58.25
2025-08-23 22:00:00,285.62976,-34.5,-58.25
2025-08-23 23:00:00,285.12738,-34.5,-58.25
2025-08-24 00:00:00,284.6857,-34.5,-58.25
2025-08-24 01:00:00,284.2967,-34.5,-58.25
2025-08-24 02:00:00,283.984,-34.5,-58.25
2025-08-24 03:00:00,283.65417,-34.5,-58.25
2025-08-24 04:00:00,283.39838,-34.5,-58.25
2025-08-24 05:00:00,283.16003,-34.5,-58.25
2025-08-24 06:00:00,282.92413,-34.5,-58.25
2025-08-24 07:00:00,282.7279,-34.5,-58.25
2025-08-24 08:00:00,282.58948,-34.5,-58.25
2025-08-24 09:00:00,282.49863,-34.5,-58.25
2025-08-24 10:00:00,282.37106,-34.5,-58.25
2025-08-24 11:00:00,282.34003,-34.5,-58.25
2025-08-24 12:00:00,282.59787,-34.5,-58.25
2025-08-24 13:00:00,283.42117,-34.5,-58.25
2025-08-24 14:00:00,284.57605,-34.5,-58.25
2025-08-24 15:00:00,285.75946,-34.5,-58.25
2025-08-24 16:00:00,286.79553,-34.5,-58.25
2025-08-24 17:00:00,287.59058,-34.5,-58.25
2025-08-24 18:00:00,288.09946,-34.5,-58.25
2025-08-24 19:00:00,288.3681,-34.5,-58.25
2025-08-24 20:00:00,288.39053,-34.5,-58.25
2025-08-24 21:00:00,288.16125,-34.5,-58.25
2025-08-24 22:00:00,287.84943,-34.5,-58.25
2025-08-24 23:00:00,287.4522,-34.5,-58.25
2025-08-25 00:00:00,287.10095,-34.5,-58.25
2025-08-25 01:00:00,286.79745,-34.5,-58.25
2025-08-25 02:00:00,286.5603,-34.5,-58.25
2025-08-25 03:00:00,286.3461,-34.5,-58.25
2025-08-25 04:00:00,286.1795,-34.5,-58.25
2025-08-25 05:00:00,286.03363,-34.5,-58.25
2025-08-25 06:00:00,285.87695,-34.5,-58.25
2025-08-25 07:00:00,285.745,-34.5,-58.25
2025-08-25 08:00:00,285.622,-34.5,-58.25
2025-08-25 09:00:00,285.40576,-34.5,-58.25
2025-08-25 10:00:00,284.99286,-34.5,-58.25
2025-08-25 11:00:00,284.76773,-34.5,-58.25
2025-08-25 12:00:00,284.7627,-34.5,-58.25
2025-08-25 13:00:00,285.22202,-34.5,-58.25
2025-08-25 14:00:00,286.1038,-34.5,-58.25
2025-08-25 15:00:00,287.17557,-34.5,-58.25
2025-08-25 16:00:00,288.07144,-34.5,-58.25
2025-08-25 17:00:00,288.6422,-34.5,-58.25
2025-08-25 18:00:00,288.82086,-34.5,-58.25
2025-08-25 19:00:00,288.89154,-34.5,-58.25
2025-08-25 20:00:00,289.41095,-34.5,-58.25
2025-08-25 21:00:00,289.81158,-34.5,-58.25
2025-08-25 22:00:00,289.6137,-34.5,-58.25
2025-08-25 23:00:00,289.15222,-34.5,-58.25
2025-08-26 00:00:00,288.80566,-34.5,-58.25
2025-08-26 01:00:00,288.50397,-34.5,-58.25
2025-08-26 02:00:00,288.21704,-34.5,-58.25
2025-08-26 03:00:00,288.05692,-34.5,-58.25
2025-08-26 04:00:00,288.0561,-34.5,-58.25
2025-08-26 05:00:00,287.85828,-34.5,-58.25
2025-08-26 06:00:00,287.59824,-34.5,-58.25
2025-08-26 07:00:00,287.463,-34.5,-58.25
2025-08-26 08:00:00,287.4002,-34.5,-58.25
2025-08-26 09:00:00,287.20694,-34.5,-58.25
2025-08-26 10:00:00,287.43854,-34.5,-58.25
2025-08-26 11:00:00,287.27786,-34.5,-58.25
2025-08-26 12:00:00,287.26105,-34.5,-58.25
2025-08-26 13:00:00,287.40274,-34.5,-58.25
2025-08-26 14:00:00,287.77588,-34.5,-58.25
2025-08-26 15:00:00,288.29532,-34.5,-58.25
2025-08-26 16:00:00,288.74005,-34.5,-58.25
2025-08-26 17:00:00,288.9831,-34.5,-58.25
2025-08-26 18:00:00,289.13965,-34.5,-58.25
2025-08-26 19:00:00,289.27078,-34.5,-58.25
2025-08-26 20:00:00,289.1668,-34.5,-58.25
2025-08-26 21:00:00,288.9067,-34.5,-58.25
2025-08-26 22:00:00,288.9273,-34.5,-58.25
2025-08-26 23:00:00,288.8142,-34.5,-58.25
2025-08-27 00:00:00,288.67255,-34.5,-58.25
2025-08-27 01:00:00,288.53293,-34.5,-58.25
2025-08-27 02:00:00,288.3044,-34.5,-58.25
2025-08-27 03:00:00,288.00507,-34.5,-58.25
2025-08-27 04:00:00,287.7179,-34.5,-58.25
2025-08-27 05:00:00,287.4898,-34.5,-58.25
2025-08-27 06:00:00,287.26697,-34.5,-58.25
2025-08-27 07:00:00,287.1118,-34.5,-58.25
2025-08-27 08:00:00,286.94995,-34.5,-58.25
2025-08-27 09:00:00,286.75757,-34.5,-58.25
2025-08-27 10:00:00,286.63937,-34.5,-58.25
2025-08-27 11:00:00,286.3897,-34.5,-58.25
2025-08-27 12:00:00,286.37183,-34.5,-58.25
2025-08-27 13:00:00,286.55457,-34.5,-58.25
2025-08-27 14:00:00,287.15485,-34.5,-58.25
2025-08-27 15:00:00,287.94775,-34.5,-58.25
2025-08-27 16:00:00,288.64084,-34.5,-58.25
2025-08-27 17:00:00,288.9048,-34.5,-58.25
2025-08-27 18:00:00,288.97928,-34.5,-58.25
2025-08-27 19:00:00,289.02158,-34.5,-58.25
2025-08-27 20:00:00,289.03687,-34.5,-58.25
2025-08-27 21:00:00,288.78262,-34.5,-58.25
2025-08-27 22:00:00,288.77075,-34.5,-58.25
2025-08-27 23:00:00,288.76648,-34.5,-58.25
2025-08-28 00:00:00,288.75122,-34.5,-58.25
2025-08-28 01:00:00,288.70923,-34.5,-58.25
2025-08-28 02:00:00,288.65555,-34.5,-58.25
2025-08-28 03:00:00,288.48828,-34.5,-58.25
2025-08-28 04:00:00,288.2453,-34.5,-58.25
2025-08-28 05:00:00,287.9859,-34.5,-58.25
2025-08-28 06:00:00,287.6762,-34.5,-58.25
2025-08-28 07:00:00,287.34796,-34.5,-58.25
2025-08-28 08:00:00,287.05914,-34.5,-58.25
2025-08-28 09:00:00,286.8329,-34.5,-58.25
2025-08-28 10:00:00,286.70776,-34.5,-58.25
2025-08-28 11:00:00,286.53497,-34.5,-58.25
2025-08-28 12:00:00,286.5517,-34.5,-58.25
2025-08-28 13:00:00,286.7934,-34.5,-58.25
2025-08-28 14:00:00,287.45154,-34.5,-58.25
2025-08-28 15:00:00,288.2337,-34.5,-58.25
2025-08-28 16:00:00,288.83105,-34.5,-58.25
2025-08-28 17:00:00,289.2174,-34.5,-58.25
2025-08-28 18:00:00,289.46704,-34.5,-58.25
2025-08-28 19:00:00,289.52252,-34.5,-58.25
2025-08-28 20:00:00,289.40088,-34.5,-58.25
2025-08-28 21:00:00,289.22247,-34.5,-58.25
2025-08-28 22:00:00,289.39197,-34.5,-58.25
2025-08-28 23:00:00,289.5592,-34.5,-58.25
2025-08-29 00:00:00,289.5799,-34.5,-58.25
2025-08-29 01:00:00,289.40735,-34.5,-58.25
2025-08-29 02:00:00,289.2027,-34.5,-58.25
2025-08-29 03:00:00,288.94873,-34.5,-58.25
2025-08-29 04:00:00,288.8003,-34.5,-58.25
2025-08-29 05:00:00,288.68466,-34.5,-58.25
2025-08-29 06:00:00,288.52228,-34.5,-58.25
2025-08-29 07:00:00,288.34918,-34.5,-58.25
2025-08-29 08:00:00,288.2096,-34.5,-58.25
2025-08-29 09:00:00,288.10022,-34.5,-58.25
2025-08-29 10:00:00,288.3247,-34.5,-58.25
2025-08-29 11:00:00,288.22742,-34.5,-58.25
2025-08-29 12:00:00,288.14716,-34.5,-58.25
2025-08-29 13:00:00,288.33044,-34.5,-58.25
2025-08-29 14:00:00,288.81732,-34.5,-58.25
2025-08-29 15:00:00,289.36322,-34.5,-58.25
2025-08-29 16:00:00,289.8443,-34.5,-58.25
2025-08-29 17:00:00,290.17615,-34.5,-58.25
2025-08-29 18:00:00,290.30463,-34.5,-58.25
2025-08-29 19:00:00,290.46417,-34.5,-58.25
2025-08-29 20:00:00,290.46973,-34.5,-58.25
2025-08-29 21:00:00,290.4486,-34.5,-58.25
2025-08-29 22:00:00,290.6287,-34.5,-58.25
2025-08-29 23:00:00,290.68744,-34.5,-58.25
2025-08-30 00:00:00,290.72516,-34.5,-58.25
2025-08-30 01:00:00,290.70062,-34.5,-58.25
2025-08-30 02:00:00,290.55493,-34.5,-58.25
2025-08-30 03:00:00,290.3413,-34.5,-58.25
2025-08-30 04:00:00,290.12637,-34.5,-58.25
2025-08-30 05:00:00,289.93585,-34.5,-58.25
2025-08-30 06:00:00,289.7032,-34.5,-58.25
2025-08-30 07:00:00,289.48615,-34.5,-58.25
2025-08-30 08:00:00,289.2727,-34.5,-58.25
2025-08-30 09:00:00,289.10632,-34.5,-58.25
2025-08-30 10:00:00,289.0631,-34.5,-58.25
2025-08-30 11:00:00,288.98724,-34.5,-58.25
2025-08-30 12:00:00,288.94754,-34.5,-58.25
2025-08-30 13:00:00,289.083,-34.5,-58.25
2025-08-30 14:00:00,289.28088,-34.5,-58.25
2025-08-30 15:00:00,289.48328,-34.5,-58.25
2025-08-30 16:00:00,289.62155,-34.5,-58.25
2025-08-30 17:00:00,289.8064,-34.5,-58.25
2025-08-30 18:00:00,289.95227,-34.5,-58.25
2025-08-30 19:00:00,289.9996,-34.5,-58.25
2025-08-30 20:00:00,289.8997,-34.5,-58.25
2025-08-30 21:00:00,289.5606,-34.5,-58.25
2025-08-30 22:00:00,289.37863,-34.5,-58.25
2025-08-30 23:00:00,289.1369,-34.5,-58.25
2025-08-31 00:00:00,288.99103,-34.5,-58.25
2025-08-31 01:00:00,288.90332,-34.5,-58.25
2025-08-31 02:00:00,288.83746,-34.5,-58.25
2025-08-31 03:00:00,288.76318,-34.5,-58.25
2025-08-31 04:00:00,288.68744,-34.5,-58.25
2025-08-31 05:00:00,288.67908,-34.5,-58.25
2025-08-31 06:00:00,288.70862,-34.5,-58.25
2025-08-31 07:00:00,288.87976,-34.5,-58.25
2025-08-31 08:00:00,289.14294,-34.5,-58.25
2025-08-31 09:00:00,289.39026,-34.5,-58.25
2025-08-31 10:00:00,289.25732,-34.5,-58.25
2025-08-31 11:00:00,289.62006,-34.5,-58.25
2025-08-31 12:00:00,289.9776,-34.5,-58.25
2025-08-31 13:00:00,290.3009,-34.5,-58.25
2025-08-31 14:00:00,290.47833,-34.5,-58.25
2025-08-31 15:00:00,290.86005,-34.5,-58.25
2025-08-31 16:00:00,291.13416,-34.5,-58.25
2025-08-31 17:00:00,291.28418,-34.5,-58.25
2025-08-31 18:00:00,291.4627,-34.5,-58.25
2025-08-31 19:00:00,291.7329,-34.5,-58.25
2025-08-31 20:00:00,291.85046,-34.5,-58.25
2025-08-31 21:00:00,291.88956,-34.5,-58.25
2025-08-31 22:00:00,291.56754,-34.5,-58.25
2025-08-31 23:00:00,291.7197,-34.5,-58.25
2025-09-01 00:00:00,291.82806,-34.5,-58.25
2025-09-01 01:00:00,291.9292,-34.5,-58.25
2025-09-01 02:00:00,291.78925,-34.5,-58.25
2025-09-01 03:00:00,291.4035,-34.5,-58.25
2025-09-01 04:00:00,290.81738,-34.5,-58.25
2025-09-01 05:00:00,290.44937,-34.5,-58.25
2025-09-01 06:00:00,290.2038,-34.5,-58.25
2025-09-01 07:00:00,288.23035,-34.5,-58.25
2025-09-01 08:00:00,285.84045,-34.5,-58.25
2025-09-01 09:00:00,285.013,-34.5,-58.25
2025-09-01 10:00:00,286.11115,-34.5,-58.25
2025-09-01 11:00:00,284.82065,-34.5,-58.25
2025-09-01 12:00:00,284.64786,-34.5,-58.25
2025-09-01 13:00:00,284.72223,-34.5,-58.25
2025-09-01 14:00:00,284.90698,-34.5,-58.25
2025-09-01 15:00:00,285.1471,-34.5,-58.25
2025-09-01 16:00:00,285.51657,-34.5,-58.25
2025-09-01 17:00:00,285.80414,-34.5,-58.25
2025-09-01 18:00:00,286.13528,-34.5,-58.25
2025-09-01 19:00:00,286.54254,-34.5,-58.25
2025-09-01 20:00:00,286.96997,-34.5,-58.25
2025-09-01 21:00:00,287.33765,-34.5,-58.25
2025-09-01 22:00:00,287.1311,-34.5,-58.25
2025-09-01 23:00:00,287.1239,-34.5,-58.25
2025-09-02 00:00:00,287.08344,-34.5,-58.25
2025-09-02 01:00:00,287.0647,-34.5,-58.25
2025-09-02 02:00:00,286.99576,-34.5,-58.25
2025-09-02 03:00:00,286.90964,-34.5,-58.25
2025-09-02 04:00:00,286.84198,-34.5,-58.25
2025-09-02 05:00:00,286.74503,-34.5,-58.25
2025-09-02 06:00:00,286.56732,-34.5,-58.25
2025-09-02 07:00:00,286.2465,-34.5,-58.25
2025-09-02 08:00:00,285.99088,-34.5,-58.25
2025-09-02 09:00:00,285.87796,-34.5,-58.25
2025-09-02 10:00:00,286.32306,-34.5,-58.25
2025-09-02 11:00:00,286.43628,-34.5,-58.25
2025-09-02 12:00:00,286.61066,-34.5,-58.25
2025-09-02 13:00:00,286.92462,-34.5,-58.25
2025-09-02 14:00:00,287.32007,-34.5,-58.25
2025-09-02 15:00:00,287.82153,-34.5,-58.25
2025-09-02 16:00:00,288.24677,-34.5,-58.25
2025-09-02 17:00:00,288.069,-34.5,-58.25
2025-09-02 18:00:00,288.0457,-34.5,-58.25
2025-09-02 19:00:00,288.06433,-34.5,-58.25
2025-09-02 20:00:00,288.05487,-34.5,-58.25
2025-09-02 21:00:00,287.96893,-34.5,-58.25
2025-09-02 22:00:00,287.4674,-34.5,-58.25
2025-09-02 23:00:00,287.41315,-34.5,-58.25
2025-09-03 00:00:00,287.4273,-34.5,-58.25
2025-09-03 01:00:00,287.52945,-34.5,-58.25
2025-09-03 02:00:00,287.54767,-34.5,-58.25
2025-09-03 03:00:00,287.5124,-34.5,-58.25
2025-09-03 04:00:00,287.466,-34.5,-58.25
2025-09-03 05:00:00,287.37595,-34.5,-58.25
2025-09-03 06:00:00,287.13226,-34.5,-58.25
2025-09-03 07:00:00,286.65042,-34.5,-58.25
2025-09-03 08:00:00,286.11963,-34.5,-58.25
2025-09-03 09:00:00,285.5614,-34.5,-58.25
2025-09-03 10:00:00,285.69885,-34.5,-58.25
2025-09-03 11:00:00,285.4488,-34.5,-58.25
2025-09-03 12:00:00,285.63202,-34.5,-58.25
2025-09-03 13:00:00,286.27765,-34.5,-58.25
2025-09-03 14:00:00,287.36774,-34.5,-58.25
2025-09-03 15:00:00,288.50275,-34.5,-58.25
2025-09-03 16:00:00,289.27487,-34.5,-58.25
2025-09-03 17:00:00,289.6396,-34.5,-58.25
2025-09-03 18:00:00,289.85474,-34.5,-58.25
2025-09-03 19:00:00,289.93204,-34.5,-58.25
2025-09-03 20:00:00,289.981,-34.5,-58.25
2025-09-03 21:00:00,289.92026,-34.5,-58.25
2025-09-03 22:00:00,288.78412,-34.5,-58.25
2025-09-03 23:00:00,288.5353,-34.5,-58.25
2025-09-04 00:00:00,287.82556,-34.5,-58.25
2025-09-04 01:00:00,286.98206,-34.5,-58.25
2025-09-04 02:00:00,286.30432,-34.5,-58.25
2025-09-04 03:00:00,285.77582,-34.5,-58.25
2025-09-04 04:00:00,285.41583,-34.5,-58.25
2025-09-04 05:00:00,285.0254,-34.5,-58.25
2025-09-04 06:00:00,284.03674,-34.5,-58.25
2025-09-04 07:00:00,283.05624,-34.5,-58.25
2025-09-04 08:00:00,282.4308,-34.5,-58.25
2025-09-04 09:00:00,281.70874,-34.5,-58.25
2025-09-04 10:00:00,280.65546,-34.5,-58.25
2025-09-04 11:00:00,280.14377,-34.5,-58.25
2025-09-04 12:00:00,279.96967,-34.5,-58.25
2025-09-04 13:00:00,280.214,-34.5,-58.25
2025-09-04 14:00:00,280.6739,-34.5,-58.25
2025-09-04 15:00:00,281.23434,-34.5,-58.25
2025-09-04 16:00:00,281.81952,-34.5,-58.25
2025-09-04 17:00:00,282.38965,-34.5,-58.25
2025-09-04 18:00:00,282.93652,-34.5,-58.25
2025-09-04 19:00:00,283.38757,-34.5,-58.25
2025-09-04 20:00:00,283.69434,-34.5,-58.25
2025-09-04 21:00:00,283.74188,-34.5,-58.25
2025-09-04 22:00:00,283.39838,-34.5,-58.25
2025-09-04 23:00:00,283.31128,-34.5,-58.25
2025-09-05 00:00:00,283.19885,-34.5,-58.25
2025-09-05 01:00:00,283.1974,-34.5,-58.25
2025-09-05 02:00:00,283.14062,-34.5,-58.25
2025-09-05 03:00:00,283.08887,-34.5,-58.25
2025-09-05 04:00:00,283.01782,-34.5,-58.25
2025-09-05 05:00:00,282.85965,-34.5,-58.25
2025-09-05 06:00:00,282.52054,-34.5,-58.25
2025-09-05 07:00:00,282.09943,-34.5,-58.25
2025-09-05 08:00:00,281.78534,-34.5,-58.25
2025-09-05 09:00:00,281.56882,-34.5,-58.25
2025-09-05 10:00:00,280.758,-34.5,-58.25
2025-09-05 11:00:00,280.62384,-34.5,-58.25
2025-09-05 12:00:00,280.95947,-34.5,-58.25
2025-09-05 13:00:00,281.68646,-34.5,-58.25
2025-09-05 14:00:00,282.51178,-34.5,-58.25
2025-09-05 15:00:00,283.27722,-34.5,-58.25
2025-09-05 16:00:00,283.92734,-34.5,-58.25
2025-09-05 17:00:00,284.40088,-34.5,-58.25
2025-09-05 18:00:00,284.80206,-34.5,-58.25
2025-09-05 19:00:00,285.1326,-34.5,-58.25
2025-09-05 20:00:00,285.4264,-34.5,-58.25
2025-09-05 21:00:00,285.4475,-34.5,-58.25
2025-09-05 22:00:00,285.23767,-34.5,-58.25
2025-09-05 23:00:00,285.08826,-34.5,-58.25
2025-09-06 00:00:00,284.90802,-34.5,-58.25
2025-09-06 01:00:00,284.82626,-34.5,-58.25
2025-09-06 02:00:00,284.67834,-34.5,-58.25
2025-09-06 03:00:00,284.55573,-34.5,-58.25
2025-09-06 04:00:00,284.42612,-34.5,-58.25
2025-09-06 05:00:00,284.2425,-34.5,-58.25
2025-09-06 06:00:00,284.06854,-34.5,-58.25
2025-09-06 07:00:00,283.89404,-34.5,-58.25
2025-09-06 08:00:00,283.76895,-34.5,-58.25
2025-09-06 09:00:00,283.70898,-34.5,-58.25
2025-09-06 10:00:00,282.98828,-34.5,-58.25
2025-09-06 11:00:00,282.9925,-34.5,-58.25
2025-09-06 12:00:00,283.2207,-34.5,-58.25
2025-09-06 13:00:00,283.49292,-34.5,-58.25
2025-09-06 14:00:00,283.83313,-34.5,-58.25
2025-09-06 15:00:00,284.10852,-34.5,-58.25
2025-09-06 16:00:00,284.2918,-34.5,-58.25
2025-09-06 17:00:00,284.44,-34.5,-58.25
2025-09-06 18:00:00,284.5875,-34.5,-58.25
2025-09-06 19:00:00,284.67035,-34.5,-58.25
2025-09-06 20:00:00,284.72723,-34.5,-58.25
2025-09-06 21:00:00,284.76413,-34.5,-58.25
2025-09-06 22:00:00,285.0738,-34.5,-58.25
2025-09-06 23:00:00,285.13397,-34.5,-58.25
2025-09-07 00:00:00,285.204,-34.5,-58.25
2025-09-07 01:00:00,285.26523,-34.5,-58.25
2025-09-07 02:00:00,285.26715,-34.5,-58.25
2025-09-07 03:00:00,285.24365,-34.5,-58.25
2025-09-07 04:00:00,285.149,-34.5,-58.25
2025-09-07 05:00:00,284.98505,-34.5,-58.25
2025-09-07 06:00:00,284.81256,-34.5,-58.25
2025-09-07 07:00:00,284.7423,-34.5,-58.25
2025-09-07 08:00:00,284.74973,-34.5,-58.25
2025-09-07 09:00:00,284.7949,-34.5,-58.25
2025-09-07 10:00:00,284.6631,-34.5,-58.25
2025-09-07 11:00:00,284.498,-34.5,-58.25
2025-09-07 12:00:00,284.35022,-34.5,-58.25
2025-09-07 13:00:00,284.35748,-34.5,-58.25
2025-09-07 14:00:00,284.7143,-34.5,-58.25
2025-09-07 15:00:00,285.1474,-34.5,-58.25
2025-09-07 16:00:00,285.47186,-34.5,-58.25
2025-09-07 17:00:00,285.77142,-34.5,-58.25
2025-09-07 18:00:00,286.0937,-34.5,-58.25
2025-09-07 19:00:00,286.4468,-34.5,-58.25
2025-09-07 20:00:00,286.8029,-34.5,-58.25
2025-09-07 21:00:00,287.13898,-34.5,-58.25
2025-09-07 22:00:00,287.61572,-34.5,-58.25
2025-09-07 23:00:00,287.77106,-34.5,-58.25
2025-09-08 00:00:00,287.73117,-34.5,-58.25
2025-09-08 01:00:00,287.57642,-34.5,-58.25
2025-09-08 02:00:00,287.3697,-34.5,-58.25
2025-09-08 03:00:00,287.214,-34.5,-58.25
2025-09-08 04:00:00,287.0385,-34.5,-58.25
2025-09-08 05:00:00,286.8053,-34.5,-58.25
2025-09-08 06:00:00,286.5092,-34.5,-58.25
2025-09-08 07:00:00,286.3449,-34.5,-58.25
2025-09-08 08:00:00,286.27048,-34.5,-58.25
2025-09-08 09:00:00,286.29602,-34.5,-58.25
2025-09-08 10:00:00,286.2895,-34.5,-58.25
2025-09-08 11:00:00,286.3153,-34.5,-58.25
2025-09-08 12:00:00,286.34204,-34.5,-58.25
2025-09-08 13:00:00,286.43634,-34.5,-58.25
2025-09-08 14:00:00,286.6338,-34.5,-58.25
2025-09-08 15:00:00,286.96875,-34.5,-58.25
2025-09-08 16:00:00,287.46887,-34.5,-58.25
2025-09-08 17:00:00,288.01373,-34.5,-58.25
2025-09-08 18:00:00,288.49036,-34.5,-58.25
2025-09-08 19:00:00,288.7893,-34.5,-58.25
2025-09-08 20:00:00,288.89795,-34.5,-58.25
2025-09-08 21:00:00,288.78986,-34.5,-58.25
2025-09-08 22:00:00,288.6648,-34.5,-58.25
2025-09-08 23:00:00,288.49734,-34.5,-58.25
2025-09-09 00:00:00,288.26343,-34.5,-58.25
2025-09-09 01:00:00,287.83276,-34.5,-58.25
2025-09-09 02:00:00,287.34686,-34.5,-58.25
2025-09-09 03:00:00,287.0203,-34.5,-58.25
2025-09-09 04:00:00,286.71738,-34.5,-58.25
2025-09-09 05:00:00,286.41296,-34.5,-58.25
2025-09-09 06:00:00,286.1669,-34.5,-58.25
2025-09-09 07:00:00,285.9163,-34.5,-58.25
2025-09-09 08:00:00,285.53638,-34.5,-58.25
2025-09-09 09:00:00,285.24994,-34.5,-58.25
2025-09-09 10:00:00,285.15228,-34.5,-58.25
2025-09-09 11:00:00,285.08374,-34.5,-58.25
2025-09-09 12:00:00,285.4784,-34.5,-58.25
2025-09-09 13:00:00,286.3604,-34.5,-58.25
2025-09-09 14:00:00,287.5387,-34.5,-58.25
2025-09-09 15:00:00,288.61856,-34.5,-58.25
2025-09-09 16:00:00,289.4582,-34.5,-58.25
2025-09-09 17:00:00,290.01746,-34.5,-58.25
2025-09-09 18:00:00,290.28442,-34.5,-58.25
2025-09-09 19:00:00,290.44855,-34.5,-58.25
2025-09-09 20:00:00,290.44147,-34.5,-58.25
2025-09-09 21:00:00,290.10938,-34.5,-58.25
2025-09-09 22:00:00,289.78564,-34.5,-58.25
2025-09-09 23:00:00,289.67282,-34.5,-58.25
2025-09-10 00:00:00,289.56003,-34.5,-58.25
2025-09-10 01:00:00,289.42865,-34.5,-58.25
2025-09-10 02:00:00,289.208,-34.5,-58.25
2025-09-10 03:00:00,288.94873,-34.5,-58.25
2025-09-10 04:00:00,288.71768,-34.5,-58.25
2025-09-10 05:00:00,288.50818,-34.5,-58.25
2025-09-10 06:00:00,288.29688,-34.5,-58.25
2025-09-10 07:00:00,288.0691,-34.5,-58.25
2025-09-10 08:00:00,287.7754,-34.5,-58.25
2025-09-10 09:00:00,287.54803,-34.5,-58.25
2025-09-10 10:00:00,287.76544,-34.5,-58.25
2025-09-10 11:00:00,287.73547,-34.5,-58.25
2025-09-10 12:00:00,287.9074,-34.5,-58.25
2025-09-10 13:00:00,288.4238,-34.5,-58.25
2025-09-10 14:00:00,289.20416,-34.5,-58.25
2025-09-10 15:00:00,289.958,-34.5,-58.25
2025-09-10 16:00:00,290.524,-34.5,-58.25
2025-09-10 17:00:00,291.10754,-34.5,-58.25
2025-09-10 18:00:00,291.71643,-34.5,-58.25
2025-09-10 19:00:00,292.11508,-34.5,-58.25
2025-09-10 20:00:00,292.05612,-34.5,-58.25
2025-09-10 21:00:00,291.60687,-34.5,-58.25
2025-09-10 22:00:00,291.8822,-34.5,-58.25
2025-09-10 23:00:00,291.3498,-34.5,-58.25
2025-09-11 00:00:00,290.64136,-34.5,-58.25
2025-09-11 01:00:00,290.05695,-34.5,-58.25
2025-09-11 02:00:00,289.46674,-34.5,-58.25
2025-09-11 03:00:00,288.8764,-34.5,-58.25
2025-09-11 04:00:00,288.4625,-34.5,-58.25
2025-09-11 05:00:00,288.06265,-34.5,-58.25
2025-09-11 06:00:00,287.63095,-34.5,-58.25
2025-09-11 07:00:00,287.2772,-34.5,-58.25
2025-09-11 08:00:00,287.14755,-34.5,-58.25
2025-09-11 09:00:00,287.07565,-34.5,-58.25
2025-09-11 10:00:00,286.912,-34.5,-58.25
2025-09-11 11:00:00,286.54364,-34.5,-58.25
2025-09-11 12:00:00,286.727,-34.5,-58.25
2025-09-11 13:00:00,287.52588,-34.5,-58.25
2025-09-11 14:00:00,288.66675,-34.5,-58.25
2025-09-11 15:00:00,289.7213,-34.5,-58.25
2025-09-11 16:00:00,290.48688,-34.5,-58.25
2025-09-11 17:00:00,290.95718,-34.5,-58.25
2025-09-11 18:00:00,291.1828,-34.5,-58.25
2025-09-11 19:00:00,291.31006,-34.5,-58.25
2025-09-11 20:00:00,291.31055,-34.5,-58.25
2025-09-11 21:00:00,290.93015,-34.5,-58.25
2025-09-11 22:00:00,291.13297,-34.5,-58.25
2025-09-11 23:00:00,290.81342,-34.5,-58.25
2025-09-12 00:00:00,290.76575,-34.5,-58.25
2025-09-12 01:00:00,290.58414,-34.5,-58.25
2025-09-12 02:00:00,290.40808,-34.5,-58.25
2025-09-12 03:00:00,290.05725,-34.5,-58.25
2025-09-12 04:00:00,289.59644,-34.5,-58.25
2025-09-12 05:00:00,289.15155,-34.5,-58.25
2025-09-12 06:00:00,288.73065,-34.5,-58.25
2025-09-12 07:00:00,288.37537,-34.5,-58.25
2025-09-12 08:00:00,288.06018,-34.5,-58.25
2025-09-12 09:00:00,287.8756,-34.5,-58.25
2025-09-12 10:00:00,287.92233,-34.5,-58.25
2025-09-12 11:00:00,287.8542,-34.5,-58.25
2025-09-12 12:00:00,288.06577,-34.5,-58.25
2025-09-12 13:00:00,288.302,-34.5,-58.25
2025-09-12 14:00:00,288.9718,-34.5,-58.25
2025-09-12 15:00:00,289.79544,-34.5,-58.25
2025-09-12 16:00:00,290.2873,-34.5,-58.25
2025-09-12 17:00:00,290.63165,-34.5,-58.25
2025-09-12 18:00:00,290.78436,-34.5,-58.25
2025-09-12 19:00:00,290.6875,-34.5,-58.25
2025-09-12 20:00:00,290.46948,-34.5,-58.25
2025-09-12 21:00:00,290.19778,-34.5,-58.25
2025-09-12 22:00:00,290.13086,-34.5,-58.25
2025-09-12 23:00:00,290.0803,-34.5,-58.25
2025-09-13 00:00:00,290.00443,-34.5,-58.25
2025-09-13 01:00:00,289.77853,-34.5,-58.25
2025-09-13 02:00:00,289.29688,-34.5,-58.25
2025-09-13 03:00:00,288.7959,-34.5,-58.25
2025-09-13 04:00:00,288.39642,-34.5,-58.25
2025-09-13 05:00:00,288.1218,-34.5,-58.25
2025-09-13 06:00:00,287.8106,-34.5,-58.25
2025-09-13 07:00:00,287.37372,-34.5,-58.25
2025-09-13 08:00:00,286.83667,-34.5,-58.25
2025-09-13 09:00:00,286.29892,-34.5,-58.25
2025-09-13 10:00:00,286.09406,-34.5,-58.25
2025-09-13 11:00:00,285.69815,-34.5,-58.25
2025-09-13 12:00:00,285.53543,-34.5,-58.25
2025-09-13 13:00:00,285.9212,-34.5,-58.25
2025-09-13 14:00:00,286.9748,-34.5,-58.25
2025-09-13 15:00:00,288.18237,-34.5,-58.25
2025-09-13 16:00:00,289.4153,-34.5,-58.25
2025-09-13 17:00:00,290.40503,-34.5,-58.25
2025-09-13 18:00:00,290.93915,-34.5,-58.25
2025-09-13 19:00:00,291.15155,-34.5,-58.25
2025-09-13 20:00:00,291.22058,-34.5,-58.25
2025-09-13 21:00:00,291.22556,-34.5,-58.25
2025-09-13 22:00:00,291.34857,-34.5,-58.25
2025-09-13 23:00:00,291.4486,-34.5,-58.25
2025-09-14 00:00:00,291.25897,-34.5,-58.25
2025-09-14 01:00:00,290.84964,-34.5,-58.25
2025-09-14 02:00:00,290.63852,-34.5,-58.25
2025-09-14 03:00:00,290.2886,-34.5,-58.25
2025-09-14 04:00:00,290.0845,-34.5,-58.25
2025-09-14 05:00:00,289.94,-34.5,-58.25
2025-09-14 06:00:00,289.81116,-34.5,-58.25
2025-09-14 07:00:00,289.61035,-34.5,-58.25
2025-09-14 08:00:00,289.38934,-34.5,-58.25
2025-09-14 09:00:00,289.19128,-34.5,-58.25
2025-09-14 10:00:00,289.33115,-34.5,-58.25
2025-09-14 11:00:00,289.253,-34.5,-58.25
2025-09-14 12:00:00,289.37,-34.5,-58.25
2025-09-14 13:00:00,289.54797,-34.5,-58.25
2025-09-14 14:00:00,289.94348,-34.5,-58.25
2025-09-14 15:00:00,290.38965,-34.5,-58.25
2025-09-14 16:00:00,290.7221,-34.5,-58.25
2025-09-14 17:00:00,290.89746,-34.5,-58.25
2025-09-14 18:00:00,290.97052,-34.5,-58.25
2025-09-14 19:00:00,290.9338,-34.5,-58.25
2025-09-14 20:00:00,290.64764,-34.5,-58.25
2025-09-14 21:00:00,290.30066,-34.5,-58.25
2025-09-14 22:00:00,290.25092,-34.5,-58.25
2025-09-14 23:00:00,289.91187,-34.5,-58.25
2025-09-15 00:00:00,289.63928,-34.5,-58.25
2025-09-15 01:00:00,289.49457,-34.5,-58.25
2025-09-15 02:00:00,289.38046,-34.5,-58.25
2025-09-15 03:00:00,289.2093,-34.5,-58.25
2025-09-15 04:00:00,289.18173,-34.5,-58.25
2025-09-15 05:00:00,289.13577,-34.5,-58.25
2025-09-15 06:00:00,289.10675,-34.5,-58.25
2025-09-15 07:00:00,289.01138,-34.5,-58.25
2025-09-15 08:00:00,288.8902,-34.5,-58.25
2025-09-15 09:00:00,288.84552,-34.5,-58.25
2025-09-15 10:00:00,288.77515,-34.5,-58.25
2025-09-15 11:00:00,288.98627,-34.5,-58.25
2025-09-15 12:00:00,289.1764,-34.5,-58.25
2025-09-15 13:00:00,289.34744,-34.5,-58.25
2025-09-15 14:00:00,289.5063,-34.5,-58.25
2025-09-15 15:00:00,289.93567,-34.5,-58.25
2025-09-15 16:00:00,290.5065,-34.5,-58.25
2025-09-15 17:00:00,290.8826,-34.5,-58.25
2025-09-15 18:00:00,291.00427,-34.5,-58.25
2025-09-15 19:00:00,290.8539,-34.5,-58.25
2025-09-15 20:00:00,290.5724,-34.5,-58.25
2025-09-15 21:00:00,290.1432,-34.5,-58.25
2025-09-15 22:00:00,289.23145,-34.5,-58.25
2025-09-15 23:00:00,289.0797,-34.5,-58.25
2025-09-16 00:00:00,288.9205,-34.5,-58.25
2025-09-16 01:00:00,288.66626,-34.5,-58.25
2025-09-16 02:00:00,288.37848,-34.5,-58.25
2025-09-16 03:00:00,288.03662,-34.5,-58.25
2025-09-16 04:00:00,287.72455,-34.5,-58.25
2025-09-16 05:00:00,287.38123,-34.5,-58.25
2025-09-16 06:00:00,287.039,-34.5,-58.25
2025-09-16 07:00:00,286.68887,-34.5,-58.25
2025-09-16 08:00:00,286.4005,-34.5,-58.25
2025-09-16 09:00:00,286.30075,-34.5,-58.25
2025-09-16 10:00:00,286.11145,-34.5,-58.25
2025-09-16 11:00:00,286.0385,-34.5,-58.25
2025-09-16 12:00:00,286.04428,-34.5,-58.25
2025-09-16 13:00:00,286.19714,-34.5,-58.25
2025-09-16 14:00:00,286.51483,-34.5,-58.25
2025-09-16 15:00:00,287.07184,-34.5,-58.25
2025-09-16 16:00:00,287.69897,-34.5,-58.25
2025-09-16 17:00:00,288.38666,-34.5,-58.25
2025-09-16 18:00:00,288.99316,-34.5,-58.25
2025-09-16 19:00:00,289.48218,-34.5,-58.25
2025-09-16 20:00:00,289.7711,-34.5,-58.25
2025-09-16 21:00:00,289.84488,-34.5,-58.25
2025-09-16 22:00:00,290.13562,-34.5,-58.25
2025-09-16 23:00:00,290.2553,-34.5,-58.25
2025-09-17 00:00:00,290.62408,-34.5,-58.25
2025-09-17 01:00:00,291.00574,-34.5,-58.25
2025-09-17 02:00:00,291.08456,-34.5,-58.25
2025-09-17 03:00:00,290.91492,-34.5,-58.25
2025-09-17 04:00:00,290.63596,-34.5,-58.25
2025-09-17 05:00:00,290.33572,-34.5,-58.25
2025-09-17 06:00:00,290.08194,-34.5,-58.25
2025-09-17 07:00:00,289.8618,-34.5,-58.25
2025-09-17 08:00:00,289.7122,-34.5,-58.25
2025-09-17 09:00:00,289.599,-34.5,-58.25
2025-09-17 10:00:00,289.8286,-34.5,-58.25
2025-09-17 11:00:00,289.79907,-34.5,-58.25
2025-09-17 12:00:00,289.87302,-34.5,-58.25
2025-09-17 13:00:00,290.15988,-34.5,-58.25
2025-09-17 14:00:00,290.8324,-34.5,-58.25
2025-09-17 15:00:00,291.55292,-34.5,-58.25
2025-09-17 16:00:00,292.07092,-34.5,-58.25
2025-09-17 17:00:00,292.22717,-34.5,-58.25
2025-09-17 18:00:00,292.40454,-34.5,-58.25
2025-09-17 19:00:00,292.48657,-34.5,-58.25
2025-09-17 20:00:00,292.38855,-34.5,-58.25
2025-09-17 21:00:00,292.1714,-34.5,-58.25
2025-09-17 22:00:00,291.8369,-34.5,-58.25
2025-09-17 23:00:00,291.85077,-34.5,-58.25
2025-09-18 00:00:00,292.0191,-34.5,-58.25
2025-09-18 01:00:00,292.12048,-34.5,-58.25
2025-09-18 02:00:00,292.03778,-34.5,-58.25
2025-09-18 03:00:00,291.83826,-34.5,-58.25
2025-09-18 04:00:00,291.6451,-34.5,-58.25
2025-09-18 05:00:00,291.50165,-34.5,-58.25
2025-09-18 06:00:00,291.3431,-34.5,-58.25
2025-09-18 07:00:00,291.17963,-34.5,-58.25
2025-09-18 08:00:00,290.99313,-34.5,-58.25
2025-09-18 09:00:00,290.81638,-34.5,-58.25
2025-09-18 10:00:00,291.1321,-34.5,-58.25
2025-09-18 11:00:00,291.0828,-34.5,-58.25
2025-09-18 12:00:00,291.15863,-34.5,-58.25
2025-09-18 13:00:00,291.23383,-34.5,-58.25
2025-09-18 14:00:00,291.33865,-34.5,-58.25
2025-09-18 15:00:00,291.55914,-34.5,-58.25
2025-09-18 16:00:00,291.96243,-34.5,-58.25
2025-09-18 17:00:00,292.3348,-34.5,-58.25
2025-09-18 18:00:00,292.74475,-34.5,-58.25
2025-09-18 19:00:00,293.1549,-34.5,-58.25
2025-09-18 20:00:00,293.2873,-34.5,-58.25
2025-09-18 21:00:00,293.07825,-34.5,-58.25
2025-09-18 22:00:00,292.63925,-34.5,-58.25
2025-09-18 23:00:00,292.99658,-34.5,-58.25
2025-09-19 00:00:00,293.34375,-34.5,-58.25
2025-09-19 01:00:00,293.2345,-34.5,-58.25
2025-09-19 02:00:00,292.79593,-34.5,-58.25
2025-09-19 03:00:00,292.30347,-34.5,-58.25
2025-09-19 04:00:00,291.99884,-34.5,-58.25
2025-09-19 05:00:00,291.7707,-34.5,-58.25
2025-09-19 06:00:00,291.60773,-34.5,-58.25
2025-09-19 07:00:00,291.49463,-34.5,-58.25
2025-09-19 08:00:00,291.39606,-34.5,-58.25
2025-09-19 09:00:00,291.359,-34.5,-58.25
2025-09-19 10:00:00,290.732,-34.5,-58.25
2025-09-19 11:00:00,290.81058,-34.5,-58.25
2025-09-19 12:00:00,291.01904,-34.5,-58.25
2025-09-19 13:00:00,291.39362,-34.5,-58.25
2025-09-19 14:00:00,291.76825,-34.5,-58.25
2025-09-19 15:00:00,292.13303,-34.5,-58.25
2025-09-19 16:00:00,291.63565,-34.5,-58.25
2025-09-19 17:00:00,291.51874,-34.5,-58.25
2025-09-19 18:00:00,291.36658,-34.5,-58.25
2025-09-19 19:00:00,291.65106,-34.5,-58.25
2025-09-19 20:00:00,291.7277,-34.5,-58.25
2025-09-19 21:00:00,291.7804,-34.5,-58.25
2025-09-19 22:00:00,291.9427,-34.5,-58.25
2025-09-19 23:00:00,291.74548,-34.5,-58.25
2025-09-20 00:00:00,291.69153,-34.5,-58.25
2025-09-20 01:00:00,291.67014,-34.5,-58.25
2025-09-20 02:00:00,291.62567,-34.5,-58.25
2025-09-20 03:00:00,291.51154,-34.5,-58.25
2025-09-20 04:00:00,291.25284,-34.5,-58.25
2025-09-20 05:00:00,291.02826,-34.5,-58.25
2025-09-20 06:00:00,290.89484,-34.5,-58.25
2025-09-20 07:00:00,290.65338,-34.5,-58.25
2025-09-20 08:00:00,290.37366,-34.5,-58.25
2025-09-20 09:00:00,290.31308,-34.5,-58.25
2025-09-20 10:00:00,289.75897,-34.5,-58.25
2025-09-20 11:00:00,289.67377,-34.5,-58.25
2025-09-20 12:00:00,289.6128,-34.5,-58.25
2025-09-20 13:00:00,289.84863,-34.5,-58.25
2025-09-20 14:00:00,290.3166,-34.5,-58.25
2025-09-20 15:00:00,291.18036,-34.5,-58.25
2025-09-20 16:00:00,291.73413,-34.5,-58.25
2025-09-20 17:00:00,292.47833,-34.5,-58.25
2025-09-20 18:00:00,292.99564,-34.5,-58.25
2025-09-20 19:00:00,293.4107,-34.5,-58.25
2025-09-20 20:00:00,292.78018,-34.5,-58.25
2025-09-20 21:00:00,292.47705,-34.5,-58.25
2025-09-20 22:00:00,292.99432,-34.5,-58.25
2025-09-20 23:00:00,293.21405,-34.5,-58.25
2025-09-21 00:00:00,292.54123,-34.5,-58.25
2025-09-21 01:00:00,292.1003,-34.5,-58.25
2025-09-21 02:00:00,291.76764,-34.5,-58.25
2025-09-21 03:00:00,291.6368,-34.5,-58.25
2025-09-21 04:00:00,291.67413,-34.5,-58.25
2025-09-21 05:00:00,291.52817,-34.5,-58.25
2025-09-21 06:00:00,291.2912,-34.5,-58.25
2025-09-21 07:00:00,289.9258,-34.5,-58.25
2025-09-21 08:00:00,288.44162,-34.5,-58.25
2025-09-21 09:00:00,287.95807,-34.5,-58.25
2025-09-21 10:00:00,287.25995,-34.5,-58.25
2025-09-21 11:00:00,287.30673,-34.5,-58.25
2025-09-21 12:00:00,287.57123,-34.5,-58.25
2025-09-21 13:00:00,287.6761,-34.5,-58.25
2025-09-21 14:00:00,287.68213,-34.5,-58.25
2025-09-21 15:00:00,287.68597,-34.5,-58.25
2025-09-21 16:00:00,287.70453,-34.5,-58.25
2025-09-21 17:00:00,287.65506,-34.5,-58.25
2025-09-21 18:00:00,287.6895,-34.5,-58.25
2025-09-21 19:00:00,287.80768,-34.5,-58.25
2025-09-21 20:00:00,287.87698,-34.5,-58.25
2025-09-21 21:00:00,287.99588,-34.5,-58.25
2025-09-21 22:00:00,288.15268,-34.5,-58.25
2025-09-21 23:00:00,288.19946,-34.5,-58.25
2025-09-22 00:00:00,288.04813,-34.5,-58.25
2025-09-22 01:00:00,287.71747,-34.5,-58.25
2025-09-22 02:00:00,287.37802,-34.5,-58.25
2025-09-22 03:00:00,287.00244,-34.5,-58.25
2025-09-22 04:00:00,286.73645,-34.5,-58.25
2025-09-22 05:00:00,286.45184,-34.5,-58.25
2025-09-22 06:00:00,286.21594,-34.5,-58.25
2025-09-22 07:00:00,286.0305,-34.5,-58.25
2025-09-22 08:00:00,285.79553,-34.5,-58.25
2025-09-22 09:00:00,285.55377,-34.5,-58.25
2025-09-22 10:00:00,285.78467,-34.5,-58.25
2025-09-22 11:00:00,285.84814,-34.5,-58.25
2025-09-22 12:00:00,286.32697,-34.5,-58.25
2025-09-22 13:00:00,287.2024,-34.5,-58.25
2025-09-22 14:00:00,288.1906,-34.5,-58.25
2025-09-22 15:00:00,289.17148,-34.5,-58.25
2025-09-22 16:00:00,289.96097,-34.5,-58.25
2025-09-22 17:00:00,290.51978,-34.5,-58.25
2025-09-22 18:00:00,290.765,-34.5,-58.25
2025-09-22 19:00:00,290.81604,-34.5,-58.25
2025-09-22 20:00:00,290.8639,-34.5,-58.25
2025-09-22 21:00:00,290.90222,-34.5,-58.25
2025-09-22 22:00:00,290.8097,-34.5,-58.25
2025-09-22 23:00:00,290.27408,-34.5,-58.25
2025-09-23 00:00:00,289.75943,-34.5,-58.25
2025-09-23 01:00:00,289.29236,-34.5,-58.25
2025-09-23 02:00:00,288.82086,-34.5,-58.25
2025-09-23 03:00:00,288.29767,-34.5,-58.25
2025-09-23 04:00:00,287.73938,-34.5,-58.25
2025-09-23 05:00:00,287.17047,-34.5,-58.25
2025-09-23 06:00:00,286.79712,-34.5,-58.25
2025-09-23 07:00:00,286.60455,-34.5,-58.25
2025-09-23 08:00:00,286.50247,-34.5,-58.25
2025-09-23 09:00:00,286.43488,-34.5,-58.25
2025-09-23 10:00:00,285.8625,-34.5,-58.25
2025-09-23 11:00:00,286.06555,-34.5,-58.25
2025-09-23 12:00:00,286.45612,-34.5,-58.25
2025-09-23 13:00:00,286.9656,-34.5,-58.25
2025-09-23 14:00:00,287.49875,-34.5,-58.25
2025-09-23 15:00:00,288.04572,-34.5,-58.25
2025-09-23 16:00:00,288.50674,-34.5,-58.25
2025-09-23 17:00:00,289.03085,-34.5,-58.25
2025-09-23 18:00:00,289.57465,-34.5,-58.25
2025-09-23 19:00:00,290.14862,-34.5,-58.25
2025-09-23 20:00:00,290.4847,-34.5,-58.25
2025-09-23 21:00:00,290.46533,-34.5,-58.25
2025-09-23 22:00:00,290.29626,-34.5,-58.25
2025-09-23 23:00:00,289.79688,-34.5,-58.25
2025-09-24 00:00:00,289.25244,-34.5,-58.25
2025-09-24 01:00:00,288.7063,-34.5,-58.25
2025-09-24 02:00:00,288.22375,-34.5,-58.25
2025-09-24 03:00:00,287.83136,-34.5,-58.25
2025-09-24 04:00:00,287.50677,-34.5,-58.25
2025-09-24 05:00:00,287.16666,-34.5,-58.25
2025-09-24 06:00:00,286.74078,-34.5,-58.25
2025-09-24 07:00:00,286.3204,-34.5,-58.25
2025-09-24 08:00:00,285.92902,-34.5,-58.25
2025-09-24 09:00:00,285.57217,-34.5,-58.25
2025-09-24 10:00:00,284.9862,-34.5,-58.25
2025-09-24 11:00:00,284.9208,-34.5,-58.25
2025-09-24 12:00:00,285.0423,-34.5,-58.25
2025-09-24 13:00:00,285.2324,-34.5,-58.25
2025-09-24 14:00:00,285.60284,-34.5,-58.25
2025-09-24 15:00:00,285.92505,-34.5,-58.25
2025-09-24 16:00:00,286.24786,-34.5,-58.25
2025-09-24 17:00:00,286.4116,-34.5,-58.25
2025-09-24 18:00:00,286.48535,-34.5,-58.25
2025-09-24 19:00:00,286.46643,-34.5,-58.25
2025-09-24 20:00:00,286.44843,-34.5,-58.25
2025-09-24 21:00:00,286.38315,-34.5,-58.25
2025-09-24 22:00:00,286.34662,-34.5,-58.25
2025-09-24 23:00:00,286.29932,-34.5,-58.25
2025-09-25 00:00:00,286.2815,-34.5,-58.25
2025-09-25 01:00:00,286.23346,-34.5,-58.25
2025-09-25 02:00:00,286.0594,-34.5,-58.25
2025-09-25 03:00:00,285.74933,-34.5,-58.25
2025-09-25 04:00:00,285.39862,-34.5,-58.25
2025-09-25 05:00:00,285.044,-34.5,-58.25
2025-09-25 06:00:00,284.69266,-34.5,-58.25
2025-09-25 07:00:00,284.40924,-34.5,-58.25
2025-09-25 08:00:00,284.13885,-34.5,-58.25
2025-09-25 09:00:00,283.95834,-34.5,-58.25
2025-09-25 10:00:00,283.62177,-34.5,-58.25
2025-09-25 11:00:00,283.50464,-34.5,-58.25
2025-09-25 12:00:00,283.66492,-34.5,-58.25
2025-09-25 13:00:00,284.3791,-34.5,-58.25
2025-09-25 14:00:00,285.40533,-34.5,-58.25
2025-09-25 15:00:00,286.5788,-34.5,-58.25
2025-09-25 16:00:00,287.55798,-34.5,-58.25
2025-09-25 17:00:00,288.35187,-34.5,-58.25
2025-09-25 18:00:00,289.07678,-34.5,-58.25
2025-09-25 19:00:00,289.68823,-34.5,-58.25
2025-09-25 20:00:00,290.2044,-34.5,-58.25
2025-09-25 21:00:00,290.5075,-34.5,-58.25
2025-09-25 22:00:00,290.31458,-34.5,-58.25
2025-09-25 23:00:00,290.14166,-34.5,-58.25
2025-09-26 00:00:00,289.66885,-34.5,-58.25
2025-09-26 01:00:00,289.07904,-34.5,-58.25
2025-09-26 02:00:00,288.5485,-34.5,-58.25
2025-09-26 03:00:00,288.05023,-34.5,-58.25
2025-09-26 04:00:00,287.58804,-34.5,-58.25
2025-09-26 05:00:00,287.16656,-34.5,-58.25
2025-09-26 06:00:00,286.748,-34.5,-58.25
2025-09-26 07:00:00,286.38254,-34.5,-58.25
2025-09-26 08:00:00,286.10034,-34.5,-58.25
2025-09-26 09:00:00,285.91586,-34.5,-58.25
2025-09-26 10:00:00,285.9561,-34.5,-58.25
2025-09-26 11:00:00,285.9794,-34.5,-58.25
2025-09-26 12:00:00,286.28482,-34.5,-58.25
2025-09-26 13:00:00,287.21887,-34.5,-58.25
2025-09-26 14:00:00,288.5581,-34.5,-58.25
2025-09-26 15:00:00,289.91736,-34.5,-58.25
2025-09-26 16:00:00,291.01773,-34.5,-58.25
2025-09-26 17:00:00,291.7428,-34.5,-58.25
2025-09-26 18:00:00,292.27246,-34.5,-58.25
2025-09-26 19:00:00,292.63947,-34.5,-58.25
2025-09-26 20:00:00,292.8321,-34.5,-58.25
2025-09-26 21:00:00,292.80487,-34.5,-58.25
2025-09-26 22:00:00,292.76,-34.5,-58.25
2025-09-26 23:00:00,292.4488,-34.5,-58.25
